CustomerID,recency,frequency,monetary,first_purchase,last_purchase,country,n_unique_products,avg_order_value,tenure_days,purchase_rate,clv,R_score,F_score,M_score,RFM_score,segment,churned
12346,326,1,77183.6,2011-01-18 10:01:00,2011-01-18 10:01:00,United Kingdom,1,77183.6,326,0.09202453987730061,85233.42,1,1,5,7,Potential Loyalists,1
12347,2,7,4310.0,2010-12-07 14:57:00,2011-12-07 15:52:00,Iceland,103,615.7142857142857,367,0.5722070844686649,4227.79,5,5,5,15,Champions,0
12348,75,4,1797.24,2010-12-16 19:09:00,2011-09-25 13:13:00,Finland,22,449.31,358,0.33519553072625696,1807.28,2,4,4,10,Loyal Customers,0
12349,19,1,1757.55,2011-11-21 09:51:00,2011-11-21 09:51:00,Italy,73,1757.55,19,1.0,21090.6,4,1,4,9,Potential Loyalists,0
12350,310,1,334.4,2011-02-02 16:01:00,2011-02-02 16:01:00,Norway,17,334.4,310,0.0967741935483871,388.34,1,1,2,4,Lost,1
12352,36,8,2506.04,2011-02-16 12:33:00,2011-11-03 14:37:00,Norway,59,313.255,297,0.8080808080808081,3037.62,3,5,5,13,Champions,0
12353,204,1,89.0,2011-05-19 17:47:00,2011-05-19 17:47:00,Bahrain,4,89.0,204,0.14705882352941177,157.06,1,1,1,3,Lost,1
12354,232,1,1079.4,2011-04-21 13:11:00,2011-04-21 13:11:00,Spain,58,1079.4,232,0.12931034482758622,1674.93,1,1,4,6,At Risk,1
12355,214,1,459.4,2011-05-09 13:49:00,2011-05-09 13:49:00,Bahrain,13,459.4,214,0.14018691588785046,772.82,1,1,2,4,Lost,1
12356,23,3,2811.43,2011-01-18 09:50:00,2011-11-17 08:40:00,Portugal,53,937.1433333333333,326,0.2760736196319018,3104.65,4,3,5,12,Loyal Customers,0
12357,33,1,6207.67,2011-11-06 16:07:00,2011-11-06 16:07:00,Switzerland,131,6207.67,33,0.9090909090909091,67720.04,4,1,5,10,Loyal Customers,0
12358,2,2,1168.06,2011-07-12 10:04:00,2011-12-08 10:26:00,Austria,13,584.03,151,0.3973509933774835,2784.78,5,2,4,11,Loyal Customers,0
12359,58,4,6372.58,2011-01-12 12:43:00,2011-10-13 12:47:00,Cyprus,214,1593.145,332,0.3614457831325301,6910.03,3,4,5,12,Loyal Customers,0
12360,52,3,2662.06,2011-05-23 09:43:00,2011-10-18 15:22:00,Austria,105,887.3533333333334,201,0.44776119402985076,4767.87,3,3,5,11,Loyal Customers,0
12361,287,1,189.9,2011-02-25 13:51:00,2011-02-25 13:51:00,Belgium,10,189.9,287,0.10452961672473868,238.2,1,1,1,3,Lost,1
12362,3,10,5226.23,2011-02-17 10:30:00,2011-12-06 15:40:00,Belgium,201,522.6229999999999,296,1.0135135135135134,6356.23,5,5,5,15,Champions,0
12363,110,2,552.0,2011-04-11 13:29:00,2011-08-22 10:18:00,Unspecified,23,276.0,242,0.24793388429752067,821.16,2,2,3,7,Potential Loyalists,1
12364,8,4,1313.1,2011-08-19 15:24:00,2011-12-02 10:22:00,Belgium,70,328.275,112,1.0714285714285714,4220.68,5,4,4,13,Champions,0
12365,291,2,641.38,2011-02-21 13:51:00,2011-02-21 14:04:00,Cyprus,22,320.69,291,0.2061855670103093,793.46,1,2,3,6,At Risk,1
12367,4,1,168.9,2011-12-05 16:48:00,2011-12-05 16:48:00,Denmark,11,168.9,4,1.0,2026.8,5,1,1,7,Potential Loyalists,0
12370,51,4,3545.69,2010-12-14 12:58:00,2011-10-19 14:51:00,Cyprus,143,886.4225,360,0.3333333333333333,3545.69,3,4,5,12,Loyal Customers,0
12371,45,2,1887.96,2011-10-11 10:43:00,2011-10-26 10:16:00,Switzerland,63,943.98,60,1.0,11327.76,3,2,4,9,Potential Loyalists,0
12372,72,3,1298.04,2011-02-16 12:46:00,2011-09-29 12:12:00,Denmark,34,432.68,297,0.30303030303030304,1573.38,3,3,4,10,Loyal Customers,0
12373,311,1,364.6,2011-02-01 13:10:00,2011-02-01 13:10:00,Austria,14,364.6,311,0.09646302250803858,422.05,1,1,2,4,Lost,1
12374,25,1,742.9300000000001,2011-11-14 15:37:00,2011-11-14 15:37:00,Austria,33,742.9300000000001,25,1.0,8915.16,4,1,3,8,Potential Loyalists,0
12375,11,2,457.5,2011-09-02 14:23:00,2011-11-29 10:36:00,Finland,14,228.75,98,0.6122448979591837,1680.61,5,2,2,9,Potential Loyalists,0
12377,315,2,1628.12,2010-12-20 09:37:00,2011-01-28 15:45:00,Switzerland,72,814.06,355,0.16901408450704225,1651.05,1,2,4,7,Potential Loyalists,1
12378,130,1,4008.62,2011-08-02 10:34:00,2011-08-02 10:34:00,Switzerland,219,4008.62,130,0.23076923076923078,11100.79,2,1,5,8,Potential Loyalists,1
12379,82,2,852.24,2011-06-22 16:32:00,2011-09-19 10:09:00,Belgium,39,426.12,170,0.3529411764705882,1804.74,2,2,3,7,Potential Loyalists,0
12380,22,4,2724.81,2011-06-07 09:49:00,2011-11-18 11:27:00,Belgium,77,681.2025,186,0.6451612903225806,5273.83,4,4,5,13,Champions,0
12381,5,5,1845.31,2011-08-12 09:57:00,2011-12-05 12:44:00,Norway,70,369.062,120,1.25,5535.93,5,4,4,13,Champions,0
12383,185,5,1850.56,2010-12-22 14:28:00,2011-06-08 08:02:00,Belgium,84,370.11199999999997,352,0.42613636363636365,1892.62,1,4,4,9,Potential Loyalists,1
12384,29,2,585.27,2011-08-10 11:23:00,2011-11-11 08:39:00,Switzerland,26,292.635,122,0.49180327868852464,1727.03,4,2,3,9,Potential Loyalists,0
12386,338,2,401.9,2010-12-08 09:53:00,2011-01-06 12:37:00,Australia,10,200.95,367,0.16348773841961853,394.23,1,2,2,5,At Risk,1
12388,16,6,2780.66,2011-01-17 11:12:00,2011-11-24 12:30:00,Australia,57,463.4433333333333,327,0.5504587155963303,3061.28,4,4,5,13,Champions,0
12390,80,1,549.84,2011-09-21 09:33:00,2011-09-21 09:33:00,Belgium,32,549.84,80,0.375,2474.28,2,1,3,6,At Risk,0
12391,22,1,460.89,2011-11-18 12:07:00,2011-11-18 12:07:00,Cyprus,92,460.89,22,1.0,5530.68,4,1,2,7,Potential Loyalists,0
12393,72,4,1582.6000000000001,2011-01-11 09:47:00,2011-09-28 15:41:00,Australia,47,395.65000000000003,333,0.3603603603603604,1710.92,3,4,4,11,Loyal Customers,0
12394,64,2,1272.48,2011-05-06 14:01:00,2011-10-07 08:08:00,Belgium,26,636.24,217,0.2764976958525346,2111.03,3,2,4,9,Potential Loyalists,0
12395,19,12,3018.63,2010-12-03 16:35:00,2011-11-20 15:21:00,Belgium,91,251.5525,371,0.9703504043126684,2929.13,4,5,5,14,Champions,0
12397,36,2,2409.9,2011-07-27 14:21:00,2011-11-04 09:52:00,Belgium,110,1204.95,135,0.4444444444444444,6426.4,3,2,5,10,Loyal Customers,0
12398,46,1,1635.6599999999999,2011-10-25 10:27:00,2011-10-25 10:27:00,Switzerland,85,1635.6599999999999,46,0.6521739130434783,12800.82,3,1,4,8,Potential Loyalists,0
12399,119,4,1108.65,2011-03-23 09:42:00,2011-08-12 13:15:00,Belgium,47,277.1625,262,0.45801526717557256,1523.34,2,4,4,10,Loyal Customers,1
12401,303,1,84.3,2011-02-09 13:50:00,2011-02-09 13:50:00,Belgium,5,84.3,303,0.09900990099009901,100.16,1,1,1,3,Lost,1
12402,323,1,225.6,2011-01-20 13:49:00,2011-01-20 13:49:00,Belgium,11,225.6,323,0.09287925696594426,251.44,1,1,1,3,Lost,1
12403,50,1,427.7,2011-10-21 10:51:00,2011-10-21 10:51:00,Denmark,5,427.7,50,0.6,3079.44,3,1,2,6,At Risk,0
12405,149,1,1710.39,2011-07-14 08:52:00,2011-07-14 08:52:00,Finland,54,1710.39,149,0.20134228187919462,4132.49,2,1,4,7,Potential Loyalists,1
12406,22,2,3415.3,2011-06-09 10:23:00,2011-11-17 19:22:00,Denmark,92,1707.65,184,0.32608695652173914,6682.11,4,2,5,11,Loyal Customers,0
12407,50,5,1708.1200000000001,2011-03-20 13:21:00,2011-10-21 10:11:00,Belgium,57,341.624,264,0.5681818181818181,2329.25,3,4,4,11,Loyal Customers,0
12408,33,5,2888.55,2011-03-24 14:46:00,2011-11-07 12:27:00,Belgium,81,577.71,260,0.576923076923077,3999.53,4,4,5,13,Champions,0
12409,79,3,11072.67,2011-06-10 12:19:00,2011-09-22 10:38:00,Switzerland,91,3690.89,183,0.49180327868852464,21782.3,2,3,5,10,Loyal Customers,0
12410,309,2,693.3299999999999,2011-02-04 10:38:00,2011-02-04 10:39:00,Switzerland,26,346.66499999999996,309,0.1941747572815534,807.76,1,2,3,6,At Risk,1
12412,75,3,1226.88,2011-06-23 13:51:00,2011-09-26 10:16:00,Denmark,43,408.96000000000004,169,0.5325443786982248,2613.47,2,3,4,9,Potential Loyalists,0
12413,67,3,758.1,2011-01-06 16:12:00,2011-10-04 09:00:00,France,29,252.70000000000002,337,0.26706231454005935,809.84,3,3,3,9,Potential Loyalists,0
12414,217,3,562.41,2011-02-02 14:51:00,2011-05-06 14:51:00,Austria,16,187.47,310,0.29032258064516125,653.12,1,3,3,7,Potential Loyalists,1
12415,24,21,124914.53,2011-01-06 11:12:00,2011-11-15 14:22:00,Australia,444,5948.310952380953,338,1.863905325443787,133045.06,4,5,5,14,Champions,0
12417,3,9,3649.1,2010-12-17 11:51:00,2011-12-06 14:52:00,Belgium,158,405.4555555555555,358,0.7541899441340782,3669.49,5,5,5,15,Champions,0
12418,113,1,668.58,2011-08-19 11:08:00,2011-08-19 11:08:00,Switzerland,34,668.58,113,0.26548672566371684,2129.99,2,1,3,6,At Risk,1
12420,64,1,600.39,2011-10-07 08:55:00,2011-10-07 08:55:00,Cyprus,29,600.39,64,0.46875,3377.19,3,1,3,7,Potential Loyalists,0
12421,16,4,807.04,2011-01-24 15:09:00,2011-11-24 09:07:00,Spain,32,201.76,319,0.3761755485893417,910.77,4,4,3,11,Loyal Customers,0
12422,96,3,803.5600000000001,2011-01-19 09:13:00,2011-09-05 09:48:00,Australia,39,267.85333333333335,325,0.2769230769230769,890.1,2,3,3,8,Potential Loyalists,1
12423,1,8,1859.31,2010-12-21 10:54:00,2011-12-09 10:10:00,Belgium,97,232.41375,354,0.6779661016949152,1890.82,5,5,4,14,Champions,0
12424,163,2,1760.96,2011-06-30 12:06:00,2011-06-30 12:06:00,Australia,30,880.48,163,0.36809815950920244,3889.24,2,2,4,8,Potential Loyalists,1
12425,78,1,777.2,2011-09-22 17:31:00,2011-09-22 17:31:00,Portugal,36,777.2,78,0.3846153846153846,3587.08,2,1,3,6,At Risk,0
12426,195,1,582.73,2011-05-29 12:26:00,2011-05-29 12:26:00,Germany,30,582.73,195,0.15384615384615385,1075.81,1,1,3,5,At Risk,1
12427,22,3,825.8,2010-12-03 10:44:00,2011-11-18 08:56:00,Germany,26,275.26666666666665,372,0.24193548387096772,799.16,4,3,3,10,Loyal Customers,0
12428,26,9,7956.46,2011-03-01 09:33:00,2011-11-14 08:22:00,Finland,258,884.0511111111111,284,0.9507042253521126,10085.65,4,5,5,14,Champions,0
12429,9,4,3750.4,2010-12-09 12:05:00,2011-11-30 17:22:00,Denmark,82,937.6,366,0.3278688524590164,3688.92,5,4,5,14,Champions,0
12430,43,1,256.4,2011-10-27 15:09:00,2011-10-27 15:09:00,Norway,11,256.4,43,0.6976744186046512,2146.6,3,1,2,6,At Risk,0
12431,36,15,6487.45,2010-12-01 10:03:00,2011-11-04 11:55:00,Australia,163,432.49666666666667,374,1.2032085561497325,6244.6,3,5,5,13,Champions,0
12432,43,5,5059.32,2011-06-20 13:27:00,2011-10-28 11:43:00,Norway,107,1011.8639999999999,172,0.872093023255814,10589.27,3,4,5,12,Loyal Customers,0
12433,1,7,13375.87,2010-12-01 13:24:00,2011-12-09 10:02:00,Norway,219,1910.8385714285716,373,0.5630026809651475,12909.69,5,5,5,15,Champions,0
12434,85,2,806.14,2011-03-24 13:05:00,2011-09-16 12:38:00,Australia,46,403.07,260,0.23076923076923078,1116.19,2,2,3,7,Potential Loyalists,0
12435,80,2,7829.89,2011-03-17 07:40:00,2011-09-21 09:06:00,Denmark,31,3914.945,268,0.22388059701492538,10517.76,2,2,5,9,Potential Loyalists,0
12436,100,1,509.01,2011-09-01 12:09:00,2011-09-01 12:09:00,Norway,16,509.01,100,0.3,1832.44,2,1,3,6,At Risk,1
12437,2,18,4951.41,2011-01-12 14:13:00,2011-12-08 11:35:00,France,118,275.0783333333333,331,1.6314199395770392,5385.22,5,5,5,15,Champions,0
12438,14,2,2906.85,2011-07-22 13:29:00,2011-11-25 13:28:00,Norway,84,1453.425,140,0.42857142857142855,7474.76,4,2,5,11,Loyal Customers,0
12441,367,1,173.55,2010-12-08 10:45:00,2010-12-08 10:45:00,France,11,173.55,367,0.08174386920980926,170.24,1,1,1,3,Lost,1
12442,3,1,172.06,2011-12-06 14:22:00,2011-12-06 14:22:00,Spain,12,172.06,3,1.0,2064.72,5,1,1,7,Potential Loyalists,0
12444,21,5,5005.46,2011-06-21 14:00:00,2011-11-18 13:23:00,Norway,138,1001.092,171,0.8771929824561403,10537.81,4,4,5,13,Champions,0
12445,22,1,133.4,2011-11-17 18:43:00,2011-11-17 18:43:00,Spain,4,133.4,22,1.0,1600.8,4,1,1,6,At Risk,0
12446,58,1,1002.3100000000001,2011-10-13 12:50:00,2011-10-13 12:50:00,RSA,57,1002.3100000000001,58,0.5172413793103449,6221.23,3,1,4,8,Potential Loyalists,0
12447,243,1,476.49,2011-04-10 13:25:00,2011-04-10 13:25:00,Belgium,26,476.49,243,0.1234567901234568,705.91,1,1,2,4,Lost,1
12448,44,1,449.45,2011-10-26 13:46:00,2011-10-26 13:46:00,Spain,22,449.45,44,0.6818181818181819,3677.32,3,1,2,6,At Risk,0
12449,22,4,4067.29,2011-06-05 15:37:00,2011-11-17 13:46:00,Belgium,118,1016.8225,187,0.6417112299465241,7830.08,4,4,5,13,Champions,0
12450,156,2,197.88,2011-06-19 14:36:00,2011-07-06 14:41:00,Spain,7,98.94,173,0.3468208092485549,411.77,2,2,1,5,At Risk,1
12451,11,5,9035.52,2011-01-19 09:05:00,2011-11-29 08:40:00,Switzerland,265,1807.104,325,0.4615384615384615,10008.58,5,4,5,14,Champions,0
12452,17,2,430.57,2011-11-23 08:05:00,2011-11-23 10:28:00,Switzerland,21,215.285,17,2.0,5166.84,4,2,2,8,Potential Loyalists,0
12453,134,1,707.09,2011-07-28 14:08:00,2011-07-28 14:08:00,Austria,43,707.09,134,0.22388059701492538,1899.64,2,1,3,6,At Risk,1
12454,56,1,3528.34,2011-10-14 17:13:00,2011-10-14 17:13:00,Spain,15,3528.34,56,0.5357142857142857,22682.19,3,1,5,9,Potential Loyalists,0
12455,73,6,2466.86,2011-02-16 09:56:00,2011-09-27 15:31:00,Cyprus,85,411.1433333333334,297,0.6060606060606061,2990.13,2,4,5,11,Loyal Customers,0
12456,44,3,3181.04,2011-03-30 09:12:00,2011-10-26 14:41:00,Switzerland,105,1060.3466666666666,255,0.35294117647058826,4490.88,3,3,5,11,Loyal Customers,0
12457,66,7,2363.23,2011-04-14 18:57:00,2011-10-04 13:13:00,Switzerland,53,337.6042857142857,239,0.8786610878661087,3559.68,3,5,5,13,Champions,0
12458,71,2,947.4,2011-02-28 10:55:00,2011-09-29 15:25:00,Switzerland,35,473.7,285,0.21052631578947367,1196.72,3,2,4,9,Potential Loyalists,0
12461,94,2,826.88,2011-07-08 10:23:00,2011-09-06 16:57:00,Switzerland,35,413.44,155,0.3870967741935484,1920.5,2,2,3,7,Potential Loyalists,1
12462,19,2,1189.59,2011-02-09 14:44:00,2011-11-21 09:11:00,Spain,51,594.795,303,0.19801980198019803,1413.37,4,2,4,10,Loyal Customers,0
12463,53,4,1344.78,2011-04-12 12:47:00,2011-10-17 13:44:00,Belgium,65,336.195,242,0.49586776859504134,2000.5,3,4,4,11,Loyal Customers,0
12464,10,8,1212.05,2011-02-03 13:30:00,2011-11-29 13:33:00,Belgium,6,151.50625,309,0.7766990291262136,1412.1,5,5,4,14,Champions,0
12465,17,2,742.1899999999999,2011-06-23 13:37:00,2011-11-22 16:34:00,Belgium,46,371.09499999999997,169,0.35502958579881655,1581.0,4,2,3,9,Potential Loyalists,0
12468,188,2,729.5400000000001,2011-01-27 13:29:00,2011-06-05 11:36:00,Germany,36,364.77000000000004,316,0.189873417721519,831.12,1,2,3,6,At Risk,1
12471,2,30,19824.05,2010-12-10 09:35:00,2011-12-07 15:43:00,Germany,150,660.8016666666666,365,2.4657534246575343,19552.49,5,5,5,15,Champions,0
12472,32,7,6572.11,2010-12-05 14:19:00,2011-11-07 14:01:00,Germany,219,938.8728571428571,369,0.5691056910569106,6411.81,4,5,5,14,Champions,0
12473,29,5,3938.5499999999997,2011-06-01 10:15:00,2011-11-10 13:46:00,Germany,140,787.7099999999999,192,0.78125,7384.78,4,4,5,13,Champions,0
12474,17,18,7375.79,2011-01-14 10:06:00,2011-11-22 14:39:00,Germany,253,409.7661111111111,330,1.6363636363636365,8046.32,4,5,5,14,Champions,0
12475,54,1,723.38,2011-10-17 10:10:00,2011-10-17 10:10:00,Germany,36,723.38,54,0.5555555555555556,4822.53,3,1,3,7,Potential Loyalists,0
12476,16,11,6816.42,2010-12-13 14:39:00,2011-11-24 12:40:00,Germany,177,619.6745454545454,361,0.9141274238227147,6797.54,4,5,5,14,Champions,0
12477,23,6,13219.74,2011-02-11 12:45:00,2011-11-17 09:51:00,Germany,191,2203.29,302,0.5960264900662252,15758.63,4,4,5,13,Champions,0
12478,4,1,680.99,2011-12-06 09:56:00,2011-12-06 09:56:00,Greece,36,680.99,4,1.0,8171.88,5,1,3,9,Potential Loyalists,0
12479,11,1,527.2,2011-11-28 13:26:00,2011-11-28 13:26:00,Germany,31,527.2,11,1.0,6326.4,5,1,3,9,Potential Loyalists,0
12480,28,4,3281.63,2011-01-07 15:27:00,2011-11-11 14:52:00,Germany,129,820.4075,336,0.35714285714285715,3516.03,4,4,5,13,Champions,0
12481,23,10,5596.32,2010-12-09 10:13:00,2011-11-17 08:29:00,Germany,150,559.632,366,0.819672131147541,5504.58,4,5,5,14,Champions,0
12483,17,8,2484.98,2011-01-04 14:20:00,2011-11-22 17:02:00,Sweden,46,310.6225,339,0.7079646017699115,2638.92,4,5,5,14,Champions,0
12484,33,6,4541.72,2011-01-07 14:04:00,2011-11-07 11:37:00,Spain,256,756.9533333333334,336,0.5357142857142857,4866.13,4,4,5,13,Champions,0
12488,10,3,1298.66,2011-09-25 10:34:00,2011-11-30 08:50:00,France,46,432.8866666666667,76,1.1842105263157896,6151.55,5,3,4,12,Loyal Customers,0
12489,336,1,334.93,2011-01-07 13:13:00,2011-01-07 13:13:00,France,15,334.93,336,0.08928571428571429,358.85,1,1,2,4,Lost,1
12490,5,10,5417.93,2011-01-14 09:13:00,2011-12-04 16:07:00,France,131,541.793,330,0.9090909090909091,5910.47,5,5,5,15,Champions,0
12491,39,1,460.40000000000003,2011-11-01 12:18:00,2011-11-01 12:18:00,France,25,460.40000000000003,39,0.7692307692307692,4249.85,3,1,2,6,At Risk,0
12492,63,2,263.21000000000004,2011-08-26 14:51:00,2011-10-07 15:15:00,Germany,19,131.60500000000002,105,0.5714285714285714,902.43,3,2,2,7,Potential Loyalists,0
12493,166,2,433.74,2011-05-26 14:53:00,2011-06-27 10:17:00,France,20,216.87,197,0.30456852791878175,792.62,2,2,2,6,At Risk,1
12494,16,7,1246.1000000000001,2010-12-09 11:31:00,2011-11-24 09:34:00,France,63,178.01428571428573,366,0.5737704918032788,1225.67,4,5,4,13,Champions,0
12497,82,1,1043.1,2011-09-19 12:29:00,2011-09-19 12:29:00,Germany,14,1043.1,82,0.36585365853658536,4579.46,2,1,4,7,Potential Loyalists,0
12498,21,3,403.70000000000005,2011-10-13 09:30:00,2011-11-18 12:53:00,Germany,21,134.5666666666667,58,1.5517241379310345,2505.72,4,3,2,9,Potential Loyalists,0
12500,23,11,4257.82,2011-01-10 09:48:00,2011-11-16 16:20:00,Germany,34,387.07454545454544,334,0.9880239520958084,4589.27,4,5,5,14,Champions,0
12501,337,1,2169.39,2011-01-07 12:28:00,2011-01-07 12:28:00,Germany,149,2169.39,337,0.08902077151335312,2317.45,1,1,5,7,Potential Loyalists,1
12502,96,5,3723.87,2011-02-03 10:41:00,2011-09-05 11:52:00,Spain,102,744.774,310,0.48387096774193544,4324.49,2,4,5,11,Loyal Customers,1
12504,18,2,482.04999999999995,2011-11-09 14:56:00,2011-11-21 16:02:00,Germany,6,241.02499999999998,30,2.0,5784.6,4,2,2,8,Potential Loyalists,0
12506,233,1,73.5,2011-04-21 08:54:00,2011-04-21 08:54:00,France,23,73.5,233,0.12875536480686695,113.56,1,1,1,3,Lost,1
12507,134,3,1304.81,2011-02-14 09:24:00,2011-07-28 17:09:00,Spain,19,434.93666666666667,299,0.3010033444816054,1571.01,2,3,4,9,Potential Loyalists,1
12508,26,2,398.27,2011-11-10 16:27:00,2011-11-13 15:37:00,France,57,199.135,29,2.0,4779.24,4,2,2,8,Potential Loyalists,0
12509,284,1,176.5,2011-02-28 14:45:00,2011-02-28 14:45:00,France,7,176.5,284,0.1056338028169014,223.73,1,1,1,3,Lost,1
12510,143,2,982.5699999999999,2011-01-18 14:04:00,2011-07-20 10:15:00,Spain,29,491.28499999999997,325,0.1846153846153846,1088.39,2,2,4,8,Potential Loyalists,1
12512,66,2,138.03,2011-10-04 14:53:00,2011-10-04 14:55:00,Israel,31,69.015,66,0.9090909090909091,752.89,3,2,1,6,At Risk,0
12513,113,1,612.29,2011-08-19 10:51:00,2011-08-19 10:51:00,France,35,612.29,113,0.26548672566371684,1950.66,2,1,3,6,At Risk,1
12514,267,1,1017.68,2011-03-17 16:38:00,2011-03-17 16:38:00,Italy,51,1017.68,267,0.11235955056179775,1372.15,1,1,4,6,At Risk,1
12515,353,1,383.7,2010-12-21 15:43:00,2010-12-21 15:43:00,Italy,16,383.7,353,0.08498583569405098,391.31,1,1,2,4,Lost,1
12516,78,2,1312.06,2011-06-12 11:37:00,2011-09-23 09:13:00,Germany,20,656.03,181,0.3314917127071823,2609.62,2,2,4,8,Potential Loyalists,0
12517,28,5,2502.84,2011-06-02 15:13:00,2011-11-11 14:04:00,Germany,232,500.56800000000004,190,0.7894736842105263,4742.22,4,4,5,13,Champions,0
12518,1,5,2056.89,2011-08-21 13:18:00,2011-12-09 10:13:00,Germany,84,411.378,110,1.3636363636363638,6731.64,5,4,4,13,Champions,0
12519,64,1,340.84,2011-10-07 09:26:00,2011-10-07 09:26:00,Germany,17,340.84,64,0.46875,1917.22,3,1,2,6,At Risk,0
12520,79,5,2634.26,2011-03-11 11:35:00,2011-09-21 15:23:00,Germany,121,526.8520000000001,274,0.5474452554744526,3461.07,2,4,5,11,Loyal Customers,0
12521,143,1,599.68,2011-07-20 10:51:00,2011-07-20 10:51:00,Germany,38,599.68,143,0.2097902097902098,1509.68,2,1,3,6,At Risk,1
12522,39,2,192.72,2011-10-19 14:41:00,2011-10-31 15:30:00,Germany,11,96.36,51,1.1764705882352942,1360.38,3,2,1,6,At Risk,0
12523,19,11,1789.77,2011-01-12 09:43:00,2011-11-20 12:55:00,France,84,162.70636363636365,332,0.9939759036144579,1940.71,4,5,4,13,Champions,0
12524,9,8,4485.72,2011-01-10 10:35:00,2011-11-30 15:31:00,Germany,113,560.715,334,0.718562874251497,4834.91,5,5,5,15,Champions,0
12526,1,3,1316.66,2011-09-06 14:19:00,2011-12-09 12:09:00,Germany,64,438.8866666666667,94,0.9574468085106383,5042.53,5,3,4,12,Loyal Customers,0
12527,82,3,348.71000000000004,2011-01-18 12:05:00,2011-09-19 11:55:00,Germany,18,116.23666666666668,326,0.2760736196319018,385.08,2,3,2,7,Potential Loyalists,0
12528,9,6,1933.48,2011-01-31 09:05:00,2011-11-30 14:40:00,Germany,50,322.24666666666667,313,0.5750798722044729,2223.81,5,5,4,14,Champions,0
12530,60,4,1662.28,2011-01-07 10:04:00,2011-10-11 12:34:00,Germany,51,415.57,337,0.3560830860534125,1775.73,3,4,4,11,Loyal Customers,0
12531,15,1,125.22,2011-11-25 11:12:00,2011-11-25 11:12:00,Germany,17,125.22,15,1.0,1502.64,4,1,1,6,At Risk,0
12532,30,1,349.83000000000004,2011-11-09 13:47:00,2011-11-09 13:47:00,France,16,349.83000000000004,30,1.0,4197.96,4,1,2,7,Potential Loyalists,0
12534,131,1,1089.18,2011-08-01 10:26:00,2011-08-01 10:26:00,Germany,63,1089.18,131,0.22900763358778628,2993.17,2,1,4,7,Potential Loyalists,1
12535,92,2,716.35,2011-06-06 12:47:00,2011-09-09 08:48:00,France,28,358.175,187,0.32085561497326204,1379.07,2,2,3,7,Potential Loyalists,1
12536,43,3,12601.830000000002,2011-10-11 14:52:00,2011-10-27 14:20:00,France,260,4200.610000000001,59,1.5254237288135595,76892.52,3,3,5,11,Loyal Customers,0
12538,29,1,363.95,2011-11-10 17:16:00,2011-11-10 17:16:00,Spain,21,363.95,29,1.0,4367.4,4,1,2,7,Potential Loyalists,0
12539,22,4,5568.35,2011-01-10 09:11:00,2011-11-17 13:30:00,Spain,157,1392.0875,334,0.3592814371257485,6001.81,4,4,5,13,Champions,0
12540,20,17,13400.24,2010-12-13 09:39:00,2011-11-20 11:31:00,Spain,277,788.2494117647059,362,1.408839779005525,13326.21,4,5,5,14,Champions,0
12541,30,3,981.18,2011-03-04 09:32:00,2011-11-10 10:40:00,Spain,46,327.06,281,0.32028469750889677,1257.03,4,3,4,11,Loyal Customers,0
12544,36,1,372.7,2011-11-03 16:15:00,2011-11-03 16:15:00,Spain,19,372.7,36,0.8333333333333334,3727.0,3,1,2,6,At Risk,0
12545,75,2,1000.39,2011-03-25 12:04:00,2011-09-25 13:39:00,Spain,42,500.195,260,0.23076923076923078,1385.16,2,2,4,8,Potential Loyalists,0
12546,47,2,1161.5,2011-09-23 09:44:00,2011-10-24 12:09:00,Spain,59,580.75,78,0.7692307692307692,5360.77,3,2,4,9,Potential Loyalists,0
12547,198,2,207.79999999999998,2011-03-04 12:46:00,2011-05-26 12:38:00,Spain,7,103.89999999999999,281,0.21352313167259784,266.22,1,2,1,4,Lost,1
12548,166,1,95.19999999999999,2011-06-26 15:35:00,2011-06-26 15:35:00,Spain,5,95.19999999999999,166,0.18072289156626506,206.46,2,1,1,4,Lost,1
12550,79,1,964.83,2011-09-21 14:35:00,2011-09-21 14:35:00,Spain,57,964.83,79,0.379746835443038,4396.69,2,1,4,7,Potential Loyalists,0
12551,358,1,168.0,2010-12-17 11:23:00,2010-12-17 11:23:00,Spain,10,168.0,358,0.08379888268156424,168.94,1,1,1,3,Lost,1
12552,39,2,437.82,2011-10-31 12:11:00,2011-11-01 10:02:00,Italy,20,218.91,40,1.5,3940.38,3,2,2,7,Potential Loyalists,0
12553,8,10,3692.28,2011-01-14 10:42:00,2011-12-01 16:38:00,France,95,369.228,330,0.9090909090909091,4027.94,5,5,5,15,Champions,0
12556,50,2,603.71,2011-07-11 13:35:00,2011-10-20 13:06:00,Spain,100,301.855,151,0.3973509933774835,1439.31,3,2,3,8,Potential Loyalists,0
12557,16,5,11990.960000000001,2010-12-03 12:20:00,2011-11-23 16:59:00,Spain,15,2398.192,372,0.4032258064516129,11604.15,4,4,5,13,Champions,0
12558,8,1,269.96,2011-12-02 10:41:00,2011-12-02 10:41:00,USA,11,269.96,8,1.0,3239.52,5,1,2,8,Potential Loyalists,0
12559,311,2,561.71,2011-01-24 10:12:00,2011-02-02 09:49:00,Germany,21,280.855,320,0.1875,631.92,1,2,3,6,At Risk,1
12560,5,3,2134.01,2011-07-19 15:55:00,2011-12-04 13:54:00,Germany,91,711.3366666666667,143,0.6293706293706294,5372.33,5,3,5,13,Champions,0
12561,303,1,238.85,2011-02-10 11:39:00,2011-02-10 11:39:00,Germany,16,238.85,303,0.09900990099009901,283.78,1,1,1,3,Lost,1
12562,8,7,3781.7400000000002,2011-05-25 12:44:00,2011-12-01 17:20:00,France,99,540.2485714285715,199,1.0552763819095476,6841.34,5,5,5,15,Champions,0
12564,261,1,456.9,2011-03-23 14:55:00,2011-03-23 14:55:00,France,21,456.9,261,0.1149425287356322,630.21,1,1,2,4,Lost,1
12565,289,1,145.92,2011-02-24 10:34:00,2011-02-24 10:34:00,Saudi Arabia,9,145.92,289,0.10380622837370243,181.77,1,1,1,3,Lost,1
12566,86,1,351.65,2011-09-14 14:30:00,2011-09-14 14:30:00,Germany,19,351.65,86,0.3488372093023256,1472.02,2,1,2,5,At Risk,0
12567,23,10,9401.28,2010-12-05 11:57:00,2011-11-17 11:02:00,France,323,940.128,370,0.8108108108108107,9147.19,4,5,5,14,Champions,0
12569,2,32,4124.69,2011-04-01 13:47:00,2011-12-07 16:24:00,Germany,92,128.8965625,252,3.8095238095238093,5892.41,5,5,5,15,Champions,0
12571,40,2,519.61,2011-08-10 12:35:00,2011-10-31 10:19:00,France,31,259.805,122,0.49180327868852464,1533.28,3,2,3,8,Potential Loyalists,0
12572,9,2,1020.42,2011-10-19 08:20:00,2011-12-01 09:20:00,Germany,53,510.21,52,1.1538461538461537,7064.45,5,2,4,11,Loyal Customers,0
12573,227,1,160.54000000000002,2011-04-26 15:52:00,2011-04-26 15:52:00,France,26,160.54000000000002,227,0.13215859030837004,254.6,1,1,1,3,Lost,1
12574,316,1,218.45,2011-01-28 09:20:00,2011-01-28 09:20:00,France,11,218.45,316,0.0949367088607595,248.87,1,1,1,3,Lost,1
12576,36,5,1315.83,2011-02-08 11:31:00,2011-11-04 10:11:00,Poland,72,263.166,305,0.49180327868852464,1553.11,3,4,4,11,Loyal Customers,0
12577,35,3,657.8,2010-12-15 16:21:00,2011-11-04 13:24:00,France,137,219.26666666666665,359,0.25069637883008355,659.63,3,3,3,9,Potential Loyalists,0
12578,21,2,2794.51,2011-01-13 15:34:00,2011-11-18 13:30:00,Italy,111,1397.255,330,0.18181818181818182,3048.56,4,2,5,11,Loyal Customers,0
12579,78,1,440.42,2011-09-22 17:15:00,2011-09-22 17:15:00,France,29,440.42,78,0.3846153846153846,2032.71,2,1,2,5,At Risk,0
12580,247,1,415.7,2011-04-07 10:24:00,2011-04-07 10:24:00,Germany,24,415.7,247,0.12145748987854252,605.88,1,1,2,4,Lost,1
12581,40,1,197.71,2011-10-31 08:56:00,2011-10-31 08:56:00,Germany,15,197.71,40,0.75,1779.39,3,1,1,5,At Risk,0
12582,239,2,511.36,2011-02-24 11:42:00,2011-04-15 08:45:00,Finland,21,255.68,289,0.20761245674740486,636.99,1,2,3,6,At Risk,1
12583,3,15,7281.38,2010-12-01 08:45:00,2011-12-07 08:07:00,France,115,485.42533333333336,374,1.2032085561497325,7008.81,5,5,5,15,Champions,0
12584,4,9,2338.15,2011-03-04 15:15:00,2011-12-06 09:35:00,Italy,44,259.7944444444445,280,0.9642857142857142,3006.19,5,5,5,15,Champions,0
12585,234,2,2040.1,2010-12-23 12:58:00,2011-04-19 13:39:00,Germany,77,1020.05,351,0.17094017094017094,2092.41,1,2,4,7,Potential Loyalists,1
12586,17,1,196.94000000000003,2011-11-22 16:24:00,2011-11-22 16:24:00,Italy,11,196.94000000000003,17,1.0,2363.28,4,1,1,6,At Risk,0
12587,8,1,144.0,2011-12-02 12:47:00,2011-12-02 12:47:00,Finland,4,144.0,8,1.0,1728.0,5,1,1,7,Potential Loyalists,0
12588,39,1,214.89999999999998,2011-10-31 15:01:00,2011-10-31 15:01:00,Finland,10,214.89999999999998,39,0.7692307692307692,1983.69,3,1,1,5,At Risk,0
12589,29,2,646.68,2011-07-18 12:05:00,2011-11-11 10:19:00,France,29,323.34,145,0.4137931034482759,1605.55,4,2,3,9,Potential Loyalists,0
12590,211,2,9864.26,2011-05-12 14:46:00,2011-05-12 14:52:00,Germany,68,4932.13,211,0.2843601895734597,16830.02,1,2,5,8,Potential Loyalists,1
12591,317,1,452.84999999999997,2011-01-26 14:35:00,2011-01-26 14:35:00,Italy,26,452.84999999999997,317,0.09463722397476342,514.28,1,1,2,4,Lost,1
12592,92,2,437.6,2011-05-10 13:44:00,2011-09-08 15:04:00,Germany,11,218.8,213,0.28169014084507044,739.61,2,2,2,6,At Risk,1
12593,109,3,418.09999999999997,2011-05-05 09:29:00,2011-08-23 12:43:00,France,14,139.36666666666665,219,0.4109589041095891,687.29,2,3,2,7,Potential Loyalists,1
12594,38,10,3338.2200000000003,2011-01-21 09:52:00,2011-11-02 12:20:00,Italy,50,333.822,323,0.9287925696594427,3720.62,3,5,5,13,Champions,0
12596,51,2,618.27,2011-04-11 13:22:00,2011-10-19 13:02:00,Spain,25,309.135,242,0.24793388429752067,919.74,3,2,3,8,Potential Loyalists,0
12597,19,4,3811.22,2011-03-16 14:00:00,2011-11-20 13:33:00,Spain,184,952.805,268,0.44776119402985076,5119.55,4,4,5,13,Champions,0
12598,10,8,3023.08,2011-02-28 11:58:00,2011-11-30 12:18:00,France,84,377.885,285,0.8421052631578947,3818.63,5,5,5,15,Champions,0
12599,29,7,1032.58,2011-02-08 13:28:00,2011-11-10 13:34:00,France,32,147.51142857142855,304,0.6907894736842105,1222.79,4,5,4,13,Champions,0
12600,29,10,2599.04,2010-12-03 12:57:00,2011-11-11 10:29:00,Germany,32,259.904,371,0.8086253369272237,2521.98,4,5,5,14,Champions,0
12601,190,5,577.0600000000001,2011-01-11 10:38:00,2011-06-03 10:17:00,Germany,21,115.412,333,0.45045045045045046,623.85,1,4,3,8,Potential Loyalists,1
12602,59,1,153.12,2011-10-12 11:22:00,2011-10-12 11:22:00,France,12,153.12,59,0.5084745762711864,934.29,3,1,1,5,At Risk,0
12603,22,1,739.1999999999999,2011-11-18 10:42:00,2011-11-18 10:42:00,Germany,2,739.1999999999999,22,1.0,8870.4,4,1,3,8,Potential Loyalists,0
12604,79,2,254.18,2011-03-23 12:06:00,2011-09-21 14:08:00,France,15,127.09,262,0.22900763358778628,349.25,2,2,2,6,At Risk,0
12607,60,1,1579.51,2011-10-10 16:06:00,2011-10-10 16:06:00,USA,101,1579.51,60,0.5,9477.06,3,1,4,8,Potential Loyalists,0
12609,78,3,1126.85,2011-01-25 15:13:00,2011-09-22 16:34:00,Germany,57,375.6166666666666,318,0.2830188679245283,1275.68,2,3,4,9,Potential Loyalists,0
12610,23,5,2099.54,2011-08-05 13:52:00,2011-11-17 09:34:00,Italy,85,419.908,126,1.1904761904761905,5998.69,4,4,5,13,Champions,0
12611,52,1,1193.32,2011-10-18 13:12:00,2011-10-18 13:12:00,Italy,65,1193.32,52,0.5769230769230769,8261.45,3,1,4,8,Potential Loyalists,0
12612,74,1,704.0400000000001,2011-09-26 15:35:00,2011-09-26 15:35:00,Germany,19,704.0400000000001,74,0.4054054054054054,3425.06,2,1,3,6,At Risk,0
12613,57,5,3344.38,2011-03-22 15:42:00,2011-10-13 14:59:00,Germany,124,668.876,262,0.5725190839694657,4595.33,3,4,5,12,Loyal Customers,0
12614,278,1,315.6,2011-03-07 10:22:00,2011-03-07 10:22:00,Germany,20,315.6,278,0.1079136690647482,408.69,1,1,2,4,Lost,1
12615,2,4,2291.19,2011-06-24 13:35:00,2011-12-07 15:02:00,France,82,572.7975,168,0.7142857142857143,4909.69,5,4,5,14,Champions,0
12616,95,2,713.3,2011-02-15 14:17:00,2011-09-05 15:17:00,France,25,356.65,297,0.20202020202020202,864.61,2,2,3,7,Potential Loyalists,1
12617,29,1,355.53,2011-11-10 14:39:00,2011-11-10 14:39:00,France,39,355.53,29,1.0,4266.36,4,1,2,7,Potential Loyalists,0
12618,22,1,177.31,2011-11-18 11:10:00,2011-11-18 11:10:00,Italy,11,177.31,22,1.0,2127.72,4,1,1,6,At Risk,0
12619,16,9,3641.24,2011-03-31 13:10:00,2011-11-23 14:52:00,Germany,50,404.5822222222222,253,1.0671936758893281,5181.21,4,5,5,14,Champions,0
12620,15,3,1339.41,2011-05-19 12:10:00,2011-11-25 10:20:00,France,89,446.47,205,0.43902439024390244,2352.13,4,3,4,11,Loyal Customers,0
12621,2,20,13689.67,2010-12-09 10:16:00,2011-12-08 11:25:00,Germany,261,684.4835,366,1.639344262295082,13465.25,5,5,5,15,Champions,0
12622,232,1,180.1,2011-04-21 16:39:00,2011-04-21 16:39:00,Germany,11,180.1,232,0.12931034482758622,279.47,1,1,1,3,Lost,1
12623,276,1,305.1,2011-03-08 13:50:00,2011-03-08 13:50:00,Germany,18,305.1,276,0.10869565217391305,397.96,1,1,2,4,Lost,1
12624,106,2,641.13,2011-06-15 12:34:00,2011-08-25 15:04:00,France,36,320.565,178,0.33707865168539325,1296.67,2,2,3,7,Potential Loyalists,1
12625,212,2,2683.82,2011-01-24 13:27:00,2011-05-12 09:54:00,Germany,73,1341.91,319,0.18808777429467086,3028.76,1,2,5,8,Potential Loyalists,1
12626,23,9,6620.48,2011-01-17 11:01:00,2011-11-16 16:06:00,Germany,232,735.6088888888888,327,0.8256880733944953,7288.6,4,5,5,14,Champions,0
12627,11,7,4478.53,2011-07-22 13:59:00,2011-11-29 12:07:00,Germany,162,639.79,140,1.5,11516.22,5,5,5,15,Champions,0
12628,4,3,786.46,2011-10-06 09:28:00,2011-12-05 13:15:00,Germany,34,262.15333333333336,65,1.3846153846153848,4355.78,5,3,3,11,Loyal Customers,0
12630,10,2,1270.88,2011-10-27 10:41:00,2011-11-30 10:48:00,Finland,60,635.44,44,1.3636363636363638,10398.11,5,2,4,11,Loyal Customers,0
12631,57,1,640.5,2011-10-13 13:53:00,2011-10-13 13:53:00,Finland,31,640.5,57,0.5263157894736842,4045.26,3,1,3,7,Potential Loyalists,0
12633,59,4,2163.98,2011-02-25 08:44:00,2011-10-12 11:40:00,Germany,73,540.995,288,0.4166666666666667,2704.98,3,4,5,12,Loyal Customers,0
12635,90,2,1689.18,2011-07-08 08:43:00,2011-09-11 11:04:00,Germany,96,844.59,155,0.3870967741935484,3923.26,2,2,4,8,Potential Loyalists,0
12637,67,8,6021.9,2011-01-20 10:47:00,2011-10-03 13:46:00,France,205,752.7375,324,0.7407407407407407,6691.0,3,5,5,13,Champions,0
12638,33,1,671.69,2011-11-06 13:11:00,2011-11-06 13:11:00,Sweden,39,671.69,33,0.9090909090909091,7327.53,4,1,3,8,Potential Loyalists,0
12639,239,1,486.1,2011-04-15 12:48:00,2011-04-15 12:48:00,Sweden,22,486.1,239,0.12552301255230125,732.2,1,1,2,4,Lost,1
12640,24,3,1174.58,2011-09-19 12:01:00,2011-11-16 11:52:00,France,47,391.52666666666664,82,1.0975609756097562,5156.69,4,3,4,11,Loyal Customers,0
12641,115,1,185.9,2011-08-16 13:26:00,2011-08-16 13:26:00,Sweden,10,185.9,115,0.2608695652173913,581.95,2,1,1,4,Lost,1
12642,25,3,1013.26,2011-08-24 09:23:00,2011-11-14 15:03:00,Germany,39,337.75333333333333,108,0.8333333333333333,3377.53,4,3,4,11,Loyal Customers,0
12643,128,6,3344.64,2011-01-11 11:48:00,2011-08-03 12:56:00,France,11,557.4399999999999,333,0.5405405405405406,3615.83,2,5,5,12,Loyal Customers,1
12644,130,1,477.91,2011-08-02 10:33:00,2011-08-02 10:33:00,Germany,31,477.91,130,0.23076923076923078,1323.44,2,1,2,5,At Risk,1
12645,34,4,1775.18,2011-01-27 13:08:00,2011-11-06 12:38:00,Germany,58,443.795,316,0.379746835443038,2022.36,3,4,4,11,Loyal Customers,0
12646,5,2,1346.97,2011-10-21 12:52:00,2011-12-05 10:14:00,USA,43,673.485,49,1.2244897959183674,9896.11,5,2,4,11,Loyal Customers,0
12647,22,12,3722.82,2010-12-05 14:02:00,2011-11-17 12:56:00,Germany,78,310.235,369,0.975609756097561,3632.02,4,5,5,14,Champions,0
12648,155,1,318.05,2011-07-08 11:55:00,2011-07-08 11:55:00,Germany,21,318.05,155,0.1935483870967742,738.7,2,1,2,5,At Risk,1
12649,107,3,623.51,2011-05-11 14:37:00,2011-08-24 14:41:00,Germany,28,207.83666666666667,212,0.42452830188679247,1058.79,2,3,3,8,Potential Loyalists,1
12650,3,1,314.44,2011-12-06 16:34:00,2011-12-06 16:34:00,France,20,314.44,3,1.0,3773.28,5,1,2,8,Potential Loyalists,0
12651,335,1,114.0,2011-01-09 12:46:00,2011-01-09 12:46:00,France,9,114.0,335,0.08955223880597016,122.51,1,1,1,3,Lost,1
12652,331,1,919.98,2011-01-12 15:00:00,2011-01-12 15:00:00,France,48,919.98,331,0.09063444108761329,1000.58,1,1,3,5,At Risk,1
12653,149,2,2209.85,2011-02-16 10:53:00,2011-07-14 10:41:00,Israel,37,1104.925,297,0.20202020202020202,2678.61,2,2,5,9,Potential Loyalists,1
12654,11,5,601.98,2011-02-17 13:16:00,2011-11-29 10:10:00,Germany,31,120.396,295,0.5084745762711864,734.62,5,4,3,12,Loyal Customers,0
12656,17,5,4051.17,2011-04-20 09:20:00,2011-11-22 13:42:00,France,89,810.234,234,0.6410256410256411,6232.57,4,4,5,13,Champions,0
12657,11,4,1643.18,2011-09-22 11:40:00,2011-11-28 15:47:00,France,35,410.795,79,1.518987341772152,7487.91,5,4,4,13,Champions,0
12658,19,1,686.05,2011-11-21 10:22:00,2011-11-21 10:22:00,Germany,36,686.05,19,1.0,8232.6,4,1,3,8,Potential Loyalists,0
12659,30,1,91.68,2011-11-10 11:53:00,2011-11-10 11:53:00,France,5,91.68,30,1.0,1100.16,4,1,1,6,At Risk,0
12660,11,1,245.1,2011-11-28 13:26:00,2011-11-28 13:26:00,France,13,245.1,11,1.0,2941.2,5,1,1,7,Potential Loyalists,0
12662,1,11,3849.78,2010-12-01 13:04:00,2011-12-09 11:59:00,Germany,129,349.98,373,0.8847184986595175,3715.61,5,5,5,15,Champions,0
12664,8,9,4881.88,2011-01-21 11:42:00,2011-12-01 17:07:00,Finland,10,542.4311111111111,323,0.8359133126934983,5441.1,5,5,5,15,Champions,0
12665,325,1,63.0,2011-01-19 08:34:00,2011-01-19 08:34:00,Germany,3,63.0,325,0.0923076923076923,69.78,1,1,1,3,Lost,1
12667,58,1,620.13,2011-10-12 17:00:00,2011-10-12 17:00:00,Finland,33,620.13,58,0.5172413793103449,3849.08,3,1,3,7,Potential Loyalists,0
12668,12,4,3807.15,2010-12-19 12:46:00,2011-11-28 10:56:00,Germany,115,951.7875,356,0.33707865168539325,3849.93,5,4,5,14,Champions,0
12669,151,3,2744.0299999999997,2011-03-28 10:15:00,2011-07-12 09:54:00,France,98,914.6766666666666,257,0.3501945525291829,3843.78,2,3,5,10,Loyal Customers,1
12670,10,5,2996.05,2011-04-21 10:16:00,2011-11-29 15:23:00,France,58,599.21,233,0.6437768240343348,4629.09,5,4,5,14,Champions,0
12672,330,1,225.89999999999998,2011-01-14 09:20:00,2011-01-14 09:20:00,France,10,225.89999999999998,330,0.09090909090909091,246.44,1,1,1,3,Lost,1
12673,5,2,610.52,2011-01-17 11:46:00,2011-12-04 13:55:00,Germany,42,305.26,327,0.18348623853211007,672.13,5,2,3,10,Loyal Customers,0
12674,39,4,1970.6,2011-05-16 09:10:00,2011-11-01 12:12:00,France,52,492.65,208,0.5769230769230769,3410.65,3,4,4,11,Loyal Customers,0
12676,25,6,1331.39,2011-02-01 15:41:00,2011-11-15 12:25:00,Sweden,33,221.89833333333334,311,0.5787781350482315,1541.16,4,5,4,13,Champions,0
12678,42,12,17628.46,2010-12-21 11:00:00,2011-10-28 13:04:00,France,105,1469.0383333333332,354,1.0169491525423728,17927.25,3,5,5,13,Champions,0
12679,59,4,1113.02,2011-03-01 12:26:00,2011-10-12 12:30:00,France,43,278.255,284,0.4225352112676056,1410.87,3,4,4,11,Loyal Customers,0
12680,1,4,862.81,2011-08-18 15:44:00,2011-12-09 12:50:00,France,33,215.7025,113,1.0619469026548674,2748.78,5,4,3,12,Loyal Customers,0
12681,15,22,13787.54,2010-12-07 10:08:00,2011-11-25 11:33:00,France,267,626.7063636363637,368,1.7934782608695652,13487.81,4,5,5,14,Champions,0
12682,4,31,12288.22,2010-12-03 13:59:00,2011-12-06 10:00:00,France,209,396.3941935483871,371,2.5067385444743935,11923.88,5,5,5,15,Champions,0
12683,4,15,8476.57,2010-12-09 10:37:00,2011-12-05 16:31:00,France,177,565.1046666666666,366,1.2295081967213115,8337.61,5,5,5,15,Champions,0
12684,8,7,2283.63,2011-05-10 12:55:00,2011-12-02 09:53:00,France,61,326.23285714285714,213,0.9859154929577465,3859.66,5,5,5,15,Champions,0
12685,28,6,2863.08,2011-09-07 10:28:00,2011-11-11 13:46:00,France,117,477.18,94,1.9148936170212767,10964.99,4,5,5,14,Champions,0
12686,372,1,89.14,2010-12-03 09:51:00,2010-12-03 09:51:00,France,7,89.14,372,0.08064516129032258,86.26,1,1,1,3,Lost,1
12688,114,1,4873.8099999999995,2011-08-18 08:49:00,2011-08-18 08:49:00,Israel,171,4873.8099999999995,114,0.2631578947368421,15390.98,2,1,5,8,Potential Loyalists,1
12689,26,2,1247.61,2011-08-04 10:04:00,2011-11-14 08:31:00,France,57,623.805,128,0.46875,3508.9,4,2,4,10,Loyal Customers,0
12690,206,1,389.01,2011-05-18 09:09:00,2011-05-18 09:09:00,France,16,389.01,206,0.14563106796116507,679.82,1,1,2,4,Lost,1
12691,28,6,1035.8,2010-12-17 14:46:00,2011-11-11 16:49:00,France,21,172.63333333333333,357,0.5042016806722689,1044.5,4,5,4,13,Champions,0
12693,127,4,855.91,2011-01-24 12:58:00,2011-08-04 17:51:00,Germany,35,213.9775,319,0.3761755485893417,965.92,2,4,3,9,Potential Loyalists,1
12694,70,2,869.67,2011-06-09 17:48:00,2011-09-30 13:06:00,France,32,434.835,183,0.3278688524590164,1710.83,3,2,3,8,Potential Loyalists,0
12695,7,4,582.1,2011-05-13 13:15:00,2011-12-02 13:22:00,France,23,145.525,210,0.5714285714285714,997.89,5,4,3,12,Loyal Customers,0
12697,29,3,957.59,2011-06-23 15:44:00,2011-11-11 08:47:00,Sweden,37,319.19666666666666,169,0.5325443786982248,2039.84,4,3,4,11,Loyal Customers,0
12700,8,4,4939.99,2011-05-08 16:10:00,2011-12-02 10:47:00,France,193,1234.9975,215,0.5581395348837209,8271.61,5,4,5,14,Champions,0
12701,80,2,797.71,2011-04-11 13:02:00,2011-09-21 10:47:00,Germany,50,398.855,242,0.24793388429752067,1186.68,2,2,3,7,Potential Loyalists,0
12702,20,1,219.0,2011-11-20 10:36:00,2011-11-20 10:36:00,Germany,12,219.0,20,1.0,2628.0,4,1,1,6,At Risk,0
12703,71,1,283.55,2011-09-29 17:52:00,2011-09-29 17:52:00,Germany,21,283.55,71,0.4225352112676056,1437.72,3,1,2,6,At Risk,0
12704,7,8,2340.84,2011-06-23 10:20:00,2011-12-02 13:15:00,Finland,64,292.605,170,1.4117647058823528,4957.07,5,5,5,15,Champions,0
12705,15,9,6868.29,2010-12-17 15:58:00,2011-11-24 13:17:00,Germany,228,763.1433333333333,357,0.7563025210084033,6926.01,4,5,5,14,Champions,0
12707,292,1,603.42,2011-02-21 08:38:00,2011-02-21 08:38:00,France,33,603.42,292,0.10273972602739727,743.94,1,1,3,5,At Risk,1
12708,30,10,2712.91,2010-12-06 10:43:00,2011-11-10 09:52:00,Germany,86,271.291,369,0.8130081300813008,2646.74,4,5,5,14,Champions,0
12709,15,15,9736.52,2010-12-08 09:49:00,2011-11-24 15:38:00,Germany,93,649.1013333333334,367,1.226158038147139,9550.81,4,5,5,14,Champions,0
12710,97,3,1149.02,2011-05-22 14:05:00,2011-09-04 12:00:00,Germany,75,383.00666666666666,201,0.44776119402985076,2057.95,2,3,4,9,Potential Loyalists,1
12712,29,13,4396.13,2010-12-03 14:30:00,2011-11-11 08:19:00,Germany,58,338.1638461538462,371,1.0512129380053907,4265.79,4,5,5,14,Champions,0
12713,1,1,848.55,2011-12-09 12:16:00,2011-12-09 12:16:00,Germany,38,848.55,1,1.0,10182.6,5,1,3,9,Potential Loyalists,0
12714,9,5,4708.86,2011-02-18 10:53:00,2011-11-30 15:43:00,France,216,941.7719999999999,295,0.5084745762711864,5746.41,5,4,5,14,Champions,0
12715,106,1,353.86,2011-08-25 15:22:00,2011-08-25 15:22:00,Sweden,20,353.86,106,0.2830188679245283,1201.79,2,1,2,5,At Risk,1
12716,4,2,1053.49,2011-07-29 13:28:00,2011-12-06 08:55:00,France,60,526.745,133,0.45112781954887216,2851.55,5,2,4,11,Loyal Customers,0
12717,151,2,1030.98,2011-04-08 10:32:00,2011-07-11 14:47:00,Greece,49,515.49,246,0.24390243902439027,1508.75,2,2,4,8,Potential Loyalists,1
12718,71,1,238.25,2011-09-29 16:38:00,2011-09-29 16:38:00,France,19,238.25,71,0.4225352112676056,1208.03,3,1,1,5,At Risk,0
12719,5,2,644.95,2011-10-05 14:50:00,2011-12-04 13:45:00,France,34,322.475,65,0.9230769230769231,3572.03,5,2,3,10,Loyal Customers,0
12720,3,25,5781.73,2010-12-05 15:21:00,2011-12-07 08:03:00,Germany,211,231.26919999999998,369,2.0325203252032518,5640.71,5,5,5,15,Champions,0
12721,32,6,2656.13,2010-12-20 11:38:00,2011-11-08 12:13:00,France,133,442.68833333333333,355,0.5070422535211268,2693.54,4,5,5,14,Champions,0
12722,85,4,997.63,2011-07-12 11:55:00,2011-09-15 14:50:00,France,50,249.4075,151,0.794701986754967,2378.46,2,4,4,10,Loyal Customers,0
12723,4,5,725.07,2011-10-05 15:52:00,2011-12-06 10:19:00,France,53,145.014,65,2.307692307692308,4015.77,5,4,3,12,Loyal Customers,0
12724,5,4,1031.41,2011-01-11 15:00:00,2011-12-04 16:02:00,France,47,257.8525,332,0.3614457831325301,1118.4,5,4,4,13,Champions,0
12725,371,1,427.8,2010-12-03 15:45:00,2010-12-03 15:45:00,Italy,24,427.8,371,0.08086253369272237,415.12,1,1,2,4,Lost,1
12726,28,7,2609.1,2010-12-17 12:56:00,2011-11-11 13:35:00,France,57,372.7285714285714,357,0.5882352941176471,2631.03,4,5,5,14,Champions,0
12727,11,7,3980.7,2011-01-23 15:17:00,2011-11-29 11:46:00,France,109,568.6714285714286,320,0.65625,4478.29,5,5,5,15,Champions,0
12728,71,4,836.33,2011-01-11 13:31:00,2011-09-29 15:31:00,France,38,209.0825,332,0.3614457831325301,906.86,3,4,3,10,Loyal Customers,0
12729,114,1,453.01,2011-08-18 11:40:00,2011-08-18 11:40:00,France,26,453.01,114,0.2631578947368421,1430.56,2,1,2,5,At Risk,1
12731,24,12,18895.91,2010-12-10 10:56:00,2011-11-16 11:59:00,France,109,1574.6591666666666,365,0.9863013698630138,18637.06,4,5,5,14,Champions,0
12732,180,1,236.26000000000002,2011-06-13 11:33:00,2011-06-13 11:33:00,France,12,236.26000000000002,180,0.16666666666666666,472.52,1,1,1,3,Lost,1
12733,234,1,383.95,2011-04-19 16:19:00,2011-04-19 16:19:00,USA,22,383.95,234,0.12820512820512822,590.69,1,1,2,4,Lost,1
12734,353,1,110.39999999999999,2010-12-22 12:47:00,2010-12-22 12:47:00,France,4,110.39999999999999,353,0.08498583569405098,112.59,1,1,1,3,Lost,1
12735,315,2,779.5699999999999,2011-01-06 14:26:00,2011-01-28 13:37:00,France,38,389.78499999999997,337,0.17804154302670624,832.78,1,2,3,6,At Risk,1
12736,333,1,234.0,2011-01-11 07:57:00,2011-01-11 07:57:00,France,4,234.0,333,0.0900900900900901,252.97,1,1,1,3,Lost,1
12738,372,1,155.35,2010-12-02 18:27:00,2010-12-02 18:27:00,Germany,11,155.35,372,0.08064516129032258,150.34,1,1,1,3,Lost,1
12739,78,2,1013.04,2011-09-01 17:45:00,2011-09-22 13:00:00,United Arab Emirates,38,506.52,99,0.6060606060606061,3683.78,2,2,4,8,Potential Loyalists,0
12740,64,1,427.6,2011-10-07 10:44:00,2011-10-07 10:44:00,France,27,427.6,64,0.46875,2405.25,3,1,2,6,At Risk,0
12743,134,2,546.43,2011-07-28 16:06:00,2011-07-28 16:21:00,Unspecified,114,273.215,134,0.44776119402985076,1468.02,2,2,3,7,Potential Loyalists,1
12744,52,7,21279.29,2011-01-25 13:26:00,2011-10-19 11:18:00,Singapore,178,3039.8985714285714,318,0.6603773584905661,24089.76,3,5,5,13,Champions,0
12747,2,11,4196.01,2010-12-05 15:38:00,2011-12-07 14:34:00,United Kingdom,42,381.4554545454546,369,0.8943089430894309,4093.67,5,5,5,15,Champions,0
12748,1,209,33719.73,2010-12-01 12:48:00,2011-12-09 12:20:00,United Kingdom,1768,161.3384210526316,374,16.764705882352942,32457.49,5,5,5,15,Champions,0
12749,4,5,4090.88,2011-05-10 15:25:00,2011-12-06 09:56:00,United Kingdom,160,818.176,213,0.7042253521126761,6914.16,5,4,5,14,Champions,0
12750,129,1,275.88,2011-08-03 09:13:00,2011-08-03 09:13:00,Poland,15,275.88,129,0.23255813953488372,769.9,2,1,2,5,At Risk,1
12752,81,1,4366.78,2011-09-19 13:32:00,2011-09-19 13:32:00,Norway,53,4366.78,81,0.37037037037037035,19407.91,2,1,5,8,Potential Loyalists,0
12753,23,6,21429.39,2010-12-12 11:44:00,2011-11-17 10:52:00,Japan,132,3571.565,363,0.49586776859504134,21252.29,4,5,5,14,Champions,0
12754,236,3,3010.74,2011-02-04 10:31:00,2011-04-18 09:00:00,Japan,49,1003.5799999999999,309,0.2912621359223301,3507.66,1,3,5,9,Potential Loyalists,1
12755,281,2,3811.95,2010-12-09 10:44:00,2011-03-04 12:42:00,Japan,4,1905.975,366,0.1639344262295082,3749.46,1,2,5,8,Potential Loyalists,1
12756,87,1,112.07999999999998,2011-09-14 09:31:00,2011-09-14 09:31:00,Japan,4,112.07999999999998,87,0.3448275862068966,463.78,2,1,1,4,Lost,0
12757,16,13,7857.1,2011-05-12 19:01:00,2011-11-24 12:30:00,Portugal,237,604.3923076923077,211,1.8483412322274881,13405.48,4,5,5,14,Champions,0
12758,117,2,2791.59,2011-03-08 12:05:00,2011-08-15 10:22:00,Portugal,84,1395.795,277,0.21660649819494587,3628.06,2,2,5,9,Potential Loyalists,1
12759,52,3,1531.44,2011-03-09 08:09:00,2011-10-18 14:49:00,Netherlands,81,510.48,276,0.32608695652173914,1997.53,3,3,4,10,Loyal Customers,0
12762,8,2,1898.52,2011-11-14 14:23:00,2011-12-02 10:23:00,Portugal,62,949.26,25,2.0,22782.24,5,2,4,11,Loyal Customers,0
12763,138,2,494.08,2010-12-05 15:46:00,2011-07-24 14:12:00,Japan,16,247.04,369,0.16260162601626016,482.03,2,2,3,7,Potential Loyalists,1
12764,317,1,1693.88,2011-01-27 10:19:00,2011-01-27 10:19:00,Lebanon,45,1693.88,317,0.09463722397476342,1923.65,1,1,4,6,At Risk,1
12766,4,7,6989.63,2010-12-08 13:53:00,2011-12-06 08:46:00,Portugal,205,998.5185714285715,366,0.5737704918032788,6875.05,5,5,5,15,Champions,0
12769,239,1,1143.6,2011-04-15 10:25:00,2011-04-15 10:25:00,Brazil,32,1143.6,239,0.12552301255230125,1722.58,1,1,4,6,At Risk,1
12770,211,1,1351.45,2011-05-13 09:33:00,2011-05-13 09:33:00,Japan,12,1351.45,211,0.14218009478672985,2305.79,1,1,4,6,At Risk,1
12772,60,1,892.47,2011-10-11 09:19:00,2011-10-11 09:19:00,Portugal,55,892.47,60,0.5,5354.82,3,1,3,7,Potential Loyalists,0
12775,17,5,1386.04,2011-02-01 13:45:00,2011-11-22 16:33:00,Netherlands,47,277.20799999999997,311,0.4823151125401929,1604.42,4,4,4,12,Loyal Customers,0
12778,20,6,822.23,2011-01-31 14:35:00,2011-11-20 11:30:00,Netherlands,40,137.03833333333333,312,0.5769230769230769,948.73,4,5,3,12,Loyal Customers,0
12779,38,8,3981.36,2010-12-03 13:40:00,2011-11-02 11:43:00,Poland,88,497.67,371,0.6469002695417789,3863.31,3,5,5,13,Champions,0
12781,64,2,826.74,2011-02-28 08:43:00,2011-10-07 10:37:00,Czech Republic,25,413.37,285,0.21052631578947367,1044.3,3,2,3,8,Potential Loyalists,0
12782,5,5,2330.92,2010-12-17 11:30:00,2011-12-05 09:16:00,Portugal,81,466.184,358,0.41899441340782123,2343.94,5,4,5,14,Champions,0
12783,2,6,2225.91,2011-09-25 15:35:00,2011-12-07 15:56:00,Portugal,76,370.98499999999996,75,2.4,10684.37,5,5,5,15,Champions,0
12784,9,2,574.42,2011-11-24 12:53:00,2011-11-30 15:38:00,Portugal,54,287.21,15,2.0,6893.04,5,2,3,10,Loyal Customers,0
12785,364,1,311.95,2010-12-10 13:48:00,2010-12-10 13:48:00,Portugal,14,311.95,364,0.08241758241758242,308.52,1,1,2,4,Lost,1
12787,10,3,463.66,2011-05-31 09:36:00,2011-11-30 08:44:00,Netherlands,17,154.55333333333334,193,0.46632124352331605,864.86,5,3,2,10,Loyal Customers,0
12789,65,1,91.85,2011-10-05 13:34:00,2011-10-05 13:34:00,Netherlands,4,91.85,65,0.46153846153846156,508.71,3,1,1,5,At Risk,0
12790,192,1,324.92,2011-05-31 14:14:00,2011-05-31 14:14:00,Netherlands,21,324.92,192,0.15625,609.22,1,1,2,4,Lost,1
12791,374,1,192.60000000000002,2010-12-01 11:27:00,2010-12-01 11:27:00,Netherlands,2,192.60000000000002,374,0.08021390374331551,185.39,1,1,1,3,Lost,1
12792,257,1,400.53999999999996,2011-03-28 11:36:00,2011-03-28 11:36:00,Portugal,25,400.53999999999996,257,0.11673151750972763,561.07,1,1,2,4,Lost,1
12793,335,2,545.48,2010-12-03 15:14:00,2011-01-09 12:12:00,Portugal,21,272.74,371,0.16172506738544473,529.31,1,2,3,6,At Risk,1
12794,53,2,860.41,2011-09-02 12:01:00,2011-10-17 14:54:00,Portugal,43,430.205,99,0.6060606060606061,3128.76,3,2,3,8,Potential Loyalists,0
12795,19,1,430.48,2011-11-21 10:27:00,2011-11-21 10:27:00,Portugal,14,430.48,19,1.0,5165.76,4,1,2,7,Potential Loyalists,0
12797,366,1,254.03,2010-12-09 10:55:00,2010-12-09 10:55:00,Portugal,13,254.03,366,0.0819672131147541,249.87,1,1,2,4,Lost,1
12798,10,3,6977.04,2011-06-22 10:11:00,2011-11-29 15:52:00,Japan,6,2325.68,171,0.5263157894736842,14688.51,5,3,5,13,Champions,0
12802,187,1,427.58,2011-06-06 09:36:00,2011-06-06 09:36:00,Netherlands,25,427.58,187,0.16042780748663102,823.15,1,1,2,4,Lost,1
12808,37,3,483.65000000000003,2010-12-06 10:27:00,2011-11-03 10:05:00,Portugal,27,161.21666666666667,369,0.24390243902439024,471.85,3,3,2,8,Potential Loyalists,0
12809,178,1,489.31,2011-06-15 10:51:00,2011-06-15 10:51:00,Portugal,25,489.31,178,0.16853932584269662,989.62,2,1,2,5,At Risk,1
12811,261,3,514.85,2011-02-28 15:39:00,2011-03-24 09:42:00,Portugal,27,171.61666666666667,284,0.31690140845070425,652.63,1,3,3,7,Potential Loyalists,1
12812,45,1,229.64000000000001,2011-10-26 09:54:00,2011-10-26 09:54:00,Japan,15,229.64000000000001,45,0.6666666666666666,1837.12,3,1,1,5,At Risk,0
12814,102,1,125.92,2011-08-30 12:11:00,2011-08-30 12:11:00,Poland,2,125.92,102,0.29411764705882354,444.42,2,1,1,4,Lost,1
12815,148,2,1063.46,2011-05-25 13:34:00,2011-07-15 10:21:00,Poland,38,531.73,198,0.30303030303030304,1933.56,2,2,4,8,Potential Loyalists,1
12816,96,2,572.2,2011-06-16 13:24:00,2011-09-05 12:41:00,Poland,27,286.1,176,0.34090909090909094,1170.41,2,2,3,7,Potential Loyalists,1
12817,281,1,166.04,2011-03-03 16:28:00,2011-03-03 16:28:00,Austria,4,166.04,281,0.10676156583629892,212.72,1,1,1,3,Lost,1
12818,262,1,1542.08,2011-03-23 12:06:00,2011-03-23 12:06:00,Austria,14,1542.08,262,0.11450381679389314,2118.89,1,1,4,6,At Risk,1
12820,3,4,942.34,2011-01-17 12:34:00,2011-12-06 15:12:00,United Kingdom,55,235.585,327,0.36697247706422015,1037.44,5,4,4,13,Champions,0
12821,214,1,92.72,2011-05-09 15:51:00,2011-05-09 15:51:00,United Kingdom,6,92.72,214,0.14018691588785046,155.98,1,1,1,3,Lost,1
12822,71,2,948.88,2011-09-13 13:46:00,2011-09-30 10:04:00,United Kingdom,41,474.44,87,0.6896551724137931,3926.4,3,2,4,9,Potential Loyalists,0
12823,75,5,1759.5,2011-02-16 12:15:00,2011-09-26 07:35:00,United Kingdom,1,351.9,297,0.5050505050505051,2132.73,2,4,4,10,Loyal Customers,0
12824,60,1,397.12,2011-10-11 12:49:00,2011-10-11 12:49:00,United Kingdom,25,397.12,60,0.5,2382.72,3,1,2,6,At Risk,0
12826,3,7,1474.72,2010-12-09 15:21:00,2011-12-07 10:25:00,United Kingdom,58,210.67428571428573,365,0.5753424657534247,1454.52,5,5,4,14,Champions,0
12827,6,3,430.15000000000003,2011-10-26 15:44:00,2011-12-04 12:17:00,United Kingdom,19,143.38333333333335,44,2.0454545454545454,3519.41,5,3,2,10,Loyal Customers,0
12828,3,6,1018.71,2011-08-01 16:16:00,2011-12-07 08:45:00,United Kingdom,46,169.785,130,1.3846153846153848,2821.04,5,5,4,14,Champions,0
12829,337,2,293.0,2010-12-14 14:54:00,2011-01-07 11:13:00,United Kingdom,9,146.5,360,0.16666666666666666,293.0,1,2,2,5,At Risk,1
12830,38,6,6814.64,2011-06-21 10:53:00,2011-11-02 11:54:00,United Kingdom,13,1135.7733333333333,172,1.0465116279069768,14263.2,3,5,5,13,Champions,0
12831,262,1,215.05,2011-03-22 13:02:00,2011-03-22 13:02:00,United Kingdom,9,215.05,262,0.11450381679389314,295.49,1,1,1,3,Lost,1
12832,32,2,383.03,2011-09-02 13:48:00,2011-11-07 13:30:00,United Kingdom,27,191.515,98,0.6122448979591837,1407.05,4,2,2,8,Potential Loyalists,0
12833,145,1,417.38,2011-07-17 13:46:00,2011-07-17 13:46:00,United Kingdom,24,417.38,145,0.20689655172413796,1036.25,2,1,2,5,At Risk,1
12834,283,1,312.38,2011-03-02 09:49:00,2011-03-02 09:49:00,United Kingdom,18,312.38,283,0.10600706713780919,397.37,1,1,2,4,Lost,1
12836,59,4,2612.86,2011-02-01 11:19:00,2011-10-11 15:10:00,United Kingdom,148,653.215,312,0.3846153846153846,3014.84,3,4,5,12,Loyal Customers,0
12837,173,1,134.1,2011-06-19 16:07:00,2011-06-19 16:07:00,United Kingdom,12,134.1,173,0.17341040462427745,279.05,2,1,1,4,Lost,1
12838,34,2,683.13,2010-12-01 11:57:00,2011-11-06 12:20:00,United Kingdom,115,341.565,374,0.16042780748663102,657.56,3,2,3,8,Potential Loyalists,0
12839,3,14,5591.42,2010-12-07 15:48:00,2011-12-07 12:33:00,United Kingdom,95,399.38714285714286,367,1.1444141689373297,5484.77,5,5,5,15,Champions,0
12840,144,4,2726.77,2011-04-27 12:21:00,2011-07-19 09:29:00,United Kingdom,67,681.6925,227,0.5286343612334802,4324.39,2,4,5,11,Loyal Customers,1
12841,5,25,4022.35,2010-12-03 10:43:00,2011-12-05 11:13:00,United Kingdom,229,160.894,372,2.0161290322580645,3892.6,5,5,5,15,Champions,0
12842,70,2,1118.99,2011-02-04 12:36:00,2011-09-30 15:33:00,United Kingdom,34,559.495,309,0.1941747572815534,1303.68,3,2,4,9,Potential Loyalists,0
12843,66,8,1702.26,2011-03-20 14:38:00,2011-10-05 12:09:00,United Kingdom,69,212.7825,264,0.9090909090909091,2321.26,3,5,4,12,Loyal Customers,0
12844,29,2,325.96000000000004,2011-08-01 13:11:00,2011-11-10 13:31:00,United Kingdom,47,162.98000000000002,130,0.46153846153846156,902.66,4,2,2,8,Potential Loyalists,0
12845,267,4,354.09,2011-02-22 14:10:00,2011-03-17 13:34:00,United Kingdom,26,88.5225,290,0.4137931034482759,439.56,1,4,2,7,Potential Loyalists,1
12847,22,1,871.54,2011-11-17 13:16:00,2011-11-17 13:16:00,United Kingdom,72,871.54,22,1.0,10458.48,4,1,3,8,Potential Loyalists,0
12849,31,2,1050.8899999999999,2011-03-16 12:26:00,2011-11-08 13:41:00,United Kingdom,47,525.4449999999999,269,0.22304832713754646,1406.4,4,2,4,10,Loyal Customers,0
12851,97,1,135.18,2011-09-04 12:41:00,2011-09-04 12:41:00,United Kingdom,43,135.18,97,0.30927835051546393,501.7,2,1,1,4,Lost,1
12852,295,1,311.55,2011-02-18 08:47:00,2011-02-18 08:47:00,United Kingdom,17,311.55,295,0.10169491525423728,380.2,1,1,2,4,Lost,1
12853,135,6,1957.1000000000001,2011-01-28 10:28:00,2011-07-28 11:29:00,United Kingdom,66,326.18333333333334,316,0.569620253164557,2229.61,2,5,4,11,Loyal Customers,1
12854,79,3,1324.5,2011-01-25 13:35:00,2011-09-22 12:15:00,United Kingdom,95,441.5,318,0.2830188679245283,1499.43,2,3,4,9,Potential Loyalists,0
12855,373,1,38.1,2010-12-02 09:37:00,2010-12-02 09:37:00,United Kingdom,3,38.1,373,0.08042895442359249,36.77,1,1,1,3,Lost,1
12856,8,6,2179.93,2011-10-07 12:38:00,2011-12-02 10:52:00,United Kingdom,155,363.32166666666666,64,2.8125,12262.11,5,5,5,15,Champions,0
12857,211,2,1106.4,2011-02-10 12:32:00,2011-05-13 10:20:00,United Kingdom,37,553.2,303,0.19801980198019803,1314.53,1,2,4,7,Potential Loyalists,1
12863,52,1,521.2,2011-10-18 14:15:00,2011-10-18 14:15:00,United Kingdom,5,521.2,52,0.5769230769230769,3608.31,3,1,3,7,Potential Loyalists,0
12864,138,1,147.12,2011-07-24 13:03:00,2011-07-24 13:03:00,United Kingdom,3,147.12,138,0.2173913043478261,383.79,2,1,1,4,Lost,1
12865,26,2,1568.23,2011-08-08 10:11:00,2011-11-13 14:31:00,Austria,86,784.115,124,0.48387096774193544,4552.93,4,2,4,10,Loyal Customers,0
12866,283,1,559.12,2011-03-01 14:11:00,2011-03-01 14:11:00,Belgium,26,559.12,283,0.10600706713780919,711.25,1,1,3,5,At Risk,1
12867,26,7,4036.82,2010-12-14 16:39:00,2011-11-13 15:30:00,United Kingdom,240,576.6885714285714,360,0.5833333333333334,4036.82,4,5,5,14,Champions,0
12868,186,6,1607.0600000000002,2010-12-01 12:50:00,2011-06-07 10:42:00,United Kingdom,72,267.84333333333336,374,0.48128342245989303,1546.9,1,5,4,10,Loyal Customers,1
12871,84,2,380.64,2011-05-16 13:32:00,2011-09-16 15:07:00,United Kingdom,8,190.32,207,0.2898550724637681,661.98,2,2,2,6,At Risk,0
12872,327,2,599.97,2010-12-09 14:44:00,2011-01-17 10:52:00,United Kingdom,58,299.985,365,0.16438356164383564,591.75,1,2,3,6,At Risk,1
12873,282,1,374.0,2011-03-02 14:58:00,2011-03-02 14:58:00,United Kingdom,4,374.0,282,0.10638297872340426,477.45,1,1,2,4,Lost,1
12875,143,2,343.2300000000001,2010-12-12 12:03:00,2011-07-19 15:30:00,United Kingdom,1,171.61500000000004,363,0.1652892561983471,340.39,2,2,2,6,At Risk,1
12876,58,2,2218.02,2011-05-27 13:34:00,2011-10-13 12:26:00,Belgium,67,1109.01,196,0.30612244897959184,4073.91,3,2,5,10,Loyal Customers,0
12877,4,12,1535.77,2010-12-16 12:23:00,2011-12-06 10:30:00,United Kingdom,100,127.98083333333334,359,1.0027855153203342,1540.05,5,5,4,14,Champions,0
12878,236,2,854.99,2011-03-18 14:02:00,2011-04-17 13:07:00,United Kingdom,38,427.495,266,0.22556390977443608,1157.13,1,2,3,6,At Risk,1
12879,45,3,573.22,2011-09-09 12:11:00,2011-10-26 12:24:00,United Kingdom,7,191.07333333333335,92,0.9782608695652173,2243.03,3,3,3,9,Potential Loyalists,0
12881,276,1,298.0,2011-03-09 11:44:00,2011-03-09 11:44:00,United Kingdom,7,298.0,276,0.10869565217391305,388.7,1,1,2,4,Lost,1
12882,9,2,1463.04,2011-11-06 11:22:00,2011-11-30 16:18:00,United Kingdom,12,731.52,34,1.7647058823529411,15491.01,5,2,4,11,Loyal Customers,0
12883,25,4,703.47,2011-09-11 15:18:00,2011-11-15 09:32:00,United Kingdom,39,175.8675,89,1.348314606741573,2845.5,4,4,3,11,Loyal Customers,0
12884,88,1,309.05,2011-09-12 13:10:00,2011-09-12 13:10:00,United Kingdom,7,309.05,88,0.34090909090909094,1264.3,2,1,2,5,At Risk,0
12885,63,3,1175.22,2011-08-08 11:45:00,2011-10-07 13:40:00,United Kingdom,66,391.74,124,0.7258064516129031,3411.93,3,3,4,10,Loyal Customers,0
12886,68,2,1378.4,2011-05-04 11:21:00,2011-10-03 10:09:00,United Kingdom,75,689.2,220,0.27272727272727276,2255.56,3,2,4,9,Potential Loyalists,0
12888,214,2,354.12,2011-03-29 14:31:00,2011-05-09 16:02:00,United Kingdom,4,177.06,255,0.23529411764705882,499.93,1,2,2,5,At Risk,1
12890,24,1,380.46999999999997,2011-11-15 17:26:00,2011-11-15 17:26:00,United Kingdom,78,380.46999999999997,24,1.0,4565.64,4,1,2,7,Potential Loyalists,0
12891,186,3,331.0,2011-02-20 11:28:00,2011-06-07 12:31:00,United Kingdom,2,110.33333333333333,293,0.3071672354948805,406.69,1,3,2,6,At Risk,1
12893,31,1,188.14,2011-11-09 12:34:00,2011-11-09 12:34:00,United Kingdom,27,188.14,31,0.9677419354838709,2184.85,4,1,1,6,At Risk,0
12895,42,2,372.8,2011-09-14 08:35:00,2011-10-28 13:51:00,United Kingdom,22,186.4,87,0.6896551724137931,1542.62,3,2,2,7,Potential Loyalists,0
12897,205,2,216.5,2011-02-11 11:40:00,2011-05-19 12:13:00,United Kingdom,3,108.25,302,0.19867549668874174,258.08,1,2,1,4,Lost,1
12901,9,28,17654.54,2011-03-14 10:41:00,2011-12-01 10:07:00,United Kingdom,30,630.5192857142857,271,3.0996309963099633,23452.53,5,5,5,15,Champions,0
12902,265,1,138.68,2011-03-20 12:06:00,2011-03-20 12:06:00,United Kingdom,10,138.68,265,0.11320754716981131,188.4,1,1,1,3,Lost,1
12904,18,2,509.58,2011-06-20 13:18:00,2011-11-21 14:34:00,United Kingdom,59,254.79,172,0.3488372093023256,1066.56,4,2,3,9,Potential Loyalists,0
12906,12,5,2919.81,2011-09-22 15:03:00,2011-11-28 09:55:00,United Kingdom,55,583.962,78,1.923076923076923,13476.05,5,4,5,14,Champions,0
12908,176,2,750.0,2011-01-31 12:37:00,2011-06-16 15:39:00,United Kingdom,1,375.0,313,0.19169329073482427,862.62,2,2,3,7,Potential Loyalists,1
12909,40,5,2178.67,2011-03-31 12:51:00,2011-10-31 12:43:00,United Kingdom,78,435.73400000000004,253,0.5928853754940712,3100.08,3,4,5,12,Loyal Customers,0
12910,23,8,3075.04,2011-04-12 10:01:00,2011-11-16 14:28:00,United Kingdom,48,384.38,242,0.9917355371900827,4574.44,4,5,5,14,Champions,0
12912,3,5,1662.3,2011-10-30 11:35:00,2011-12-07 08:55:00,United Kingdom,17,332.46,41,3.658536585365854,14595.8,5,4,4,13,Champions,0
12913,5,5,2483.63,2010-12-06 16:36:00,2011-12-05 12:11:00,United Kingdom,37,496.726,368,0.4076086956521739,2429.64,5,4,5,14,Champions,0
12915,149,2,363.65,2010-12-02 12:33:00,2011-07-14 11:34:00,United Kingdom,19,181.825,373,0.16085790884718498,350.98,2,2,2,6,At Risk,1
12916,139,4,3006.15,2011-01-23 10:43:00,2011-07-24 10:35:00,United Kingdom,53,751.5375,321,0.3738317757009346,3371.38,2,4,5,11,Loyal Customers,1
12917,128,1,594.0,2011-08-03 16:42:00,2011-08-03 16:42:00,United Kingdom,2,594.0,128,0.234375,1670.62,2,1,3,6,At Risk,1
12919,8,6,1335.19,2011-06-23 09:22:00,2011-12-01 13:47:00,United Kingdom,34,222.53166666666667,170,1.0588235294117647,2827.46,5,5,4,14,Champions,0
12920,17,1,164.23,2011-11-22 15:05:00,2011-11-22 15:05:00,United Kingdom,27,164.23,17,1.0,1970.76,4,1,1,6,At Risk,0
12921,9,37,16587.09,2010-12-01 15:06:00,2011-11-30 16:22:00,United Kingdom,233,448.29972972972973,373,2.975871313672922,16008.99,5,5,5,15,Champions,0
12922,161,1,405.38,2011-07-01 15:35:00,2011-07-01 15:35:00,United Kingdom,28,405.38,161,0.1863354037267081,906.44,2,1,2,5,At Risk,1
12923,64,1,176.97,2011-10-06 16:20:00,2011-10-06 16:20:00,United Kingdom,28,176.97,64,0.46875,995.46,3,1,1,5,At Risk,0
12924,88,4,933.7,2011-01-16 11:49:00,2011-09-12 13:55:00,United Kingdom,22,233.425,328,0.36585365853658536,1024.79,2,4,3,9,Potential Loyalists,0
12925,5,2,694.05,2011-09-26 11:05:00,2011-12-05 11:11:00,United Kingdom,42,347.025,75,0.8,3331.44,5,2,3,10,Loyal Customers,0
12928,35,5,2062.7000000000003,2010-12-15 15:45:00,2011-11-04 14:24:00,United Kingdom,59,412.5400000000001,359,0.4178272980501393,2068.45,3,4,5,12,Loyal Customers,0
12929,312,1,117.85,2011-02-01 12:08:00,2011-02-01 12:08:00,United Kingdom,8,117.85,312,0.09615384615384615,135.98,1,1,1,3,Lost,1
12930,78,2,415.8,2011-06-21 13:25:00,2011-09-22 15:18:00,United Kingdom,20,207.9,171,0.3508771929824561,875.37,2,2,2,6,At Risk,0
12931,22,15,42055.96,2010-12-17 09:45:00,2011-11-18 12:39:00,United Kingdom,28,2803.730666666667,358,1.2569832402234637,42290.91,4,5,5,14,Champions,0
12933,24,3,607.53,2011-03-01 11:30:00,2011-11-15 16:38:00,United Kingdom,102,202.51,284,0.31690140845070425,770.11,4,3,3,10,Loyal Customers,0
12935,2,7,2160.7,2011-01-24 13:58:00,2011-12-07 17:25:00,United Kingdom,80,308.6714285714285,319,0.658307210031348,2438.41,5,5,5,15,Champions,0
12936,17,4,1063.9,2011-09-22 13:51:00,2011-11-22 17:32:00,United Kingdom,56,265.975,78,1.5384615384615383,4910.31,4,4,4,12,Loyal Customers,0
12937,15,4,1504.27,2011-03-17 14:19:00,2011-11-24 15:05:00,United Kingdom,81,376.0675,267,0.449438202247191,2028.23,4,4,4,12,Loyal Customers,0
12938,26,1,114.14,2011-11-14 11:21:00,2011-11-14 11:21:00,United Kingdom,9,114.14,26,1.0,1369.68,4,1,1,6,At Risk,0
12939,64,8,11581.8,2011-01-09 11:20:00,2011-10-06 14:33:00,United Kingdom,21,1447.725,335,0.7164179104477613,12446.11,3,5,5,13,Champions,0
12940,55,2,913.54,2011-09-13 10:16:00,2011-10-16 12:09:00,United Kingdom,87,456.77,88,0.6818181818181819,3737.21,3,2,3,8,Potential Loyalists,0
12942,131,3,683.9,2010-12-09 09:34:00,2011-07-31 14:39:00,United Kingdom,68,227.96666666666667,366,0.24590163934426232,672.69,2,3,3,8,Potential Loyalists,1
12944,36,2,604.51,2010-12-20 10:41:00,2011-11-04 11:04:00,United Kingdom,29,302.255,355,0.16901408450704225,613.02,3,2,3,8,Potential Loyalists,0
12945,288,1,462.95,2011-02-24 14:15:00,2011-02-24 14:15:00,United Kingdom,23,462.95,288,0.10416666666666667,578.69,1,1,2,4,Lost,1
12947,144,6,1603.99,2010-12-01 16:21:00,2011-07-19 10:06:00,United Kingdom,83,267.33166666666665,373,0.48257372654155495,1548.09,2,5,4,11,Loyal Customers,1
12948,16,7,2064.95,2011-03-20 10:17:00,2011-11-23 17:10:00,United Kingdom,82,294.99285714285713,265,0.7924528301886792,2805.22,4,5,5,14,Champions,0
12949,31,8,4167.22,2011-04-01 13:20:00,2011-11-09 11:25:00,United Kingdom,166,520.9025,252,0.9523809523809523,5953.17,4,5,5,14,Champions,0
12950,2,3,1843.0,2011-11-15 13:48:00,2011-12-07 13:17:00,United Kingdom,13,614.3333333333334,24,3.0,22116.0,5,3,4,12,Loyal Customers,0
12951,9,6,1064.07,2011-01-13 10:33:00,2011-12-01 12:14:00,United Kingdom,53,177.345,331,0.5438066465256798,1157.3,5,5,4,14,Champions,0
12952,6,4,1387.79,2011-09-22 16:37:00,2011-12-04 10:35:00,United Kingdom,64,346.9475,78,1.5384615384615383,6405.18,5,4,4,13,Champions,0
12953,10,1,329.85,2011-11-30 09:24:00,2011-11-30 09:24:00,United Kingdom,17,329.85,10,1.0,3958.2,5,1,2,8,Potential Loyalists,0
12955,1,11,4757.16,2011-03-17 09:03:00,2011-12-08 16:29:00,United Kingdom,81,432.4690909090909,268,1.2313432835820894,6390.21,5,5,5,15,Champions,0
12956,306,1,108.07,2011-02-06 16:08:00,2011-02-06 16:08:00,United Kingdom,19,108.07,306,0.09803921568627452,127.14,1,1,1,3,Lost,1
12957,10,8,4017.54,2011-01-04 12:18:00,2011-11-30 09:53:00,United Kingdom,208,502.1925,340,0.7058823529411764,4253.87,5,5,5,15,Champions,0
12962,7,2,266.39,2011-08-18 13:38:00,2011-12-02 15:55:00,United Kingdom,15,133.195,113,0.5309734513274337,848.68,5,2,2,9,Potential Loyalists,0
12963,8,8,1856.63,2010-12-09 09:14:00,2011-12-01 12:55:00,United Kingdom,75,232.07875,366,0.6557377049180328,1826.19,5,5,4,14,Champions,0
12965,89,1,771.91,2011-09-11 15:31:00,2011-09-11 15:31:00,United Kingdom,108,771.91,89,0.33707865168539325,3122.33,2,1,3,6,At Risk,0
12966,10,1,160.18,2011-11-30 12:38:00,2011-11-30 12:38:00,United Kingdom,10,160.18,10,1.0,1922.16,5,1,1,7,Potential Loyalists,0
12967,358,2,1660.9,2010-12-03 09:49:00,2010-12-16 19:10:00,United Kingdom,19,830.45,372,0.16129032258064516,1607.32,1,2,4,7,Potential Loyalists,1
12968,112,1,135.95,2011-08-19 15:44:00,2011-08-19 15:44:00,United Kingdom,5,135.95,112,0.26785714285714285,436.98,2,1,1,4,Lost,1
12970,7,4,452.24,2011-01-21 14:04:00,2011-12-02 14:30:00,United Kingdom,116,113.06,322,0.3726708074534162,505.61,5,4,2,11,Loyal Customers,0
12971,4,86,11189.91,2010-12-02 16:42:00,2011-12-06 12:20:00,United Kingdom,94,130.11523255813952,372,6.935483870967742,10828.95,5,5,5,15,Champions,0
12974,198,1,144.8,2011-05-26 09:33:00,2011-05-26 09:33:00,United Kingdom,8,144.8,198,0.15151515151515152,263.27,1,1,1,3,Lost,1
12976,212,1,738.6,2011-05-12 09:55:00,2011-05-12 09:55:00,United Kingdom,22,738.6,212,0.14150943396226415,1254.23,1,1,3,5,At Risk,1
12977,156,1,39.239999999999995,2011-07-06 16:40:00,2011-07-06 16:40:00,United Kingdom,9,39.239999999999995,156,0.1923076923076923,90.55,2,1,1,4,Lost,1
12980,158,9,7374.900000000001,2010-12-16 11:36:00,2011-07-05 09:34:00,United Kingdom,6,819.4333333333334,359,0.7520891364902507,7395.44,2,5,5,12,Loyal Customers,1
12981,30,2,372.21999999999997,2011-07-29 14:14:00,2011-11-10 12:00:00,United Kingdom,12,186.10999999999999,133,0.45112781954887216,1007.51,4,2,2,8,Potential Loyalists,0
12982,243,1,390.54,2011-04-11 11:51:00,2011-04-11 11:51:00,United Kingdom,28,390.54,243,0.1234567901234568,578.58,1,1,2,4,Lost,1
12984,19,1,97.5,2011-11-21 12:37:00,2011-11-21 12:37:00,United Kingdom,4,97.5,19,1.0,1170.0,4,1,1,6,At Risk,0
12985,1,2,1239.38,2011-11-11 12:44:00,2011-12-09 10:46:00,United Kingdom,73,619.69,29,2.0,14872.56,5,2,4,11,Loyal Customers,0
12987,74,2,558.7,2011-05-26 12:00:00,2011-09-27 12:03:00,United Kingdom,27,279.35,198,0.30303030303030304,1015.82,2,2,3,7,Potential Loyalists,0
12988,292,1,535.32,2011-02-20 14:31:00,2011-02-20 14:31:00,United Kingdom,75,535.32,292,0.10273972602739727,659.98,1,1,3,5,At Risk,1
12989,3,15,6924.110000000001,2010-12-10 13:24:00,2011-12-06 15:28:00,United Kingdom,41,461.6073333333334,364,1.2362637362637363,6848.02,5,5,5,15,Champions,0
12990,31,3,409.5,2011-02-02 15:39:00,2011-11-08 13:01:00,United Kingdom,8,136.5,310,0.29032258064516125,475.55,4,3,2,9,Potential Loyalists,0
12991,23,2,503.76,2011-08-19 14:39:00,2011-11-16 15:34:00,United Kingdom,31,251.88,112,0.5357142857142857,1619.23,4,2,3,9,Potential Loyalists,0
12993,23,4,414.76,2011-02-14 14:29:00,2011-11-16 15:49:00,United Kingdom,26,103.69,298,0.40268456375838924,501.05,4,4,2,10,Loyal Customers,0
12994,4,3,974.4200000000001,2011-03-16 08:31:00,2011-12-05 15:43:00,United Kingdom,52,324.8066666666667,269,0.3345724907063197,1304.06,5,3,4,12,Loyal Customers,0
12995,85,1,211.32,2011-09-15 15:44:00,2011-09-15 15:44:00,United Kingdom,3,211.32,85,0.3529411764705882,895.0,2,1,1,4,Lost,0
12997,22,4,1226.89,2011-01-26 15:49:00,2011-11-17 15:47:00,United Kingdom,45,306.7225,317,0.37854889589905366,1393.31,4,4,4,12,Loyal Customers,0
12999,196,3,455.88,2011-04-08 10:26:00,2011-05-27 13:24:00,United Kingdom,25,151.96,246,0.3658536585365854,667.14,1,3,2,6,At Risk,1
13000,107,3,534.85,2010-12-10 10:26:00,2011-08-25 10:43:00,United Kingdom,30,178.28333333333333,365,0.24657534246575344,527.52,2,3,3,8,Potential Loyalists,1
13001,4,13,9818.82,2011-01-17 12:45:00,2011-12-05 14:51:00,United Kingdom,166,755.2938461538462,327,1.1926605504587156,10809.71,5,5,5,15,Champions,0
13002,318,1,120.94999999999999,2011-01-25 15:18:00,2011-01-25 15:18:00,United Kingdom,7,120.94999999999999,318,0.09433962264150944,136.92,1,1,1,3,Lost,1
13003,106,3,149.05,2011-05-09 08:23:00,2011-08-26 10:50:00,United Kingdom,4,49.68333333333334,215,0.41860465116279066,249.57,2,3,1,6,At Risk,1
13004,12,18,5655.91,2010-12-17 08:20:00,2011-11-28 11:27:00,United Kingdom,277,314.21722222222223,358,1.5083798882681565,5687.51,5,5,5,15,Champions,0
13005,174,2,513.7,2011-04-07 13:32:00,2011-06-19 10:53:00,United Kingdom,21,256.85,246,0.24390243902439027,751.76,2,2,3,7,Potential Loyalists,1
13006,56,1,81.57,2011-10-14 13:49:00,2011-10-14 13:49:00,United Kingdom,4,81.57,56,0.5357142857142857,524.38,3,1,1,5,At Risk,0
13008,323,1,229.46999999999997,2011-01-20 14:24:00,2011-01-20 14:24:00,United Kingdom,14,229.46999999999997,323,0.09287925696594426,255.76,1,1,1,3,Lost,1
13011,372,1,50.550000000000004,2010-12-02 17:22:00,2010-12-02 17:22:00,United Kingdom,3,50.550000000000004,372,0.08064516129032258,48.92,1,1,1,3,Lost,1
13012,9,8,1661.8400000000001,2011-02-18 09:43:00,2011-11-30 13:05:00,United Kingdom,67,207.73000000000002,295,0.8135593220338982,2028.01,5,5,4,14,Champions,0
13013,1,13,4810.9400000000005,2010-12-03 12:28:00,2011-12-08 15:01:00,United Kingdom,155,370.07230769230773,372,1.0483870967741935,4655.75,5,5,5,15,Champions,0
13014,11,10,3466.2799999999997,2011-03-03 18:28:00,2011-11-29 12:27:00,United Kingdom,67,346.628,281,1.0676156583629892,4440.79,5,5,5,15,Champions,0
13015,53,5,3346.28,2011-04-04 14:28:00,2011-10-17 13:19:00,United Kingdom,156,669.2560000000001,249,0.6024096385542168,4838.0,3,4,5,12,Loyal Customers,0
13016,73,3,789.89,2011-08-08 15:00:00,2011-09-27 14:08:00,United Kingdom,39,263.2966666666667,123,0.7317073170731708,2311.87,2,3,3,8,Potential Loyalists,0
13017,7,1,204.0,2011-12-02 15:53:00,2011-12-02 15:53:00,United Kingdom,1,204.0,7,1.0,2448.0,5,1,1,7,Potential Loyalists,0
13018,16,28,7277.7,2011-02-17 11:05:00,2011-11-23 13:28:00,United Kingdom,313,259.91785714285714,296,2.8378378378378377,8851.26,4,5,5,14,Champions,0
13021,4,9,2616.38,2010-12-16 10:12:00,2011-12-05 16:37:00,United Kingdom,101,290.7088888888889,359,0.7520891364902507,2623.67,5,5,5,15,Champions,0
13023,64,2,689.9,2011-08-02 09:34:00,2011-10-06 16:27:00,United Kingdom,36,344.95,130,0.46153846153846156,1910.49,3,2,3,8,Potential Loyalists,0
13026,1,5,975.36,2011-03-09 11:35:00,2011-12-08 16:58:00,United Kingdom,32,195.072,276,0.5434782608695653,1272.21,5,4,4,13,Champions,0
13027,114,6,6912.0,2010-12-20 12:45:00,2011-08-18 09:39:00,United Kingdom,6,1152.0,355,0.5070422535211268,7009.35,2,5,5,12,Loyal Customers,1
13028,23,2,661.3199999999999,2011-10-25 14:09:00,2011-11-17 11:10:00,United Kingdom,40,330.65999999999997,45,1.3333333333333333,5290.56,4,2,3,9,Potential Loyalists,0
13029,31,3,1247.5,2010-12-21 13:53:00,2011-11-09 09:13:00,United Kingdom,8,415.8333333333333,353,0.254957507082153,1272.24,4,3,4,11,Loyal Customers,0
13030,11,2,799.48,2010-12-06 14:31:00,2011-11-28 14:30:00,United Kingdom,76,399.74,368,0.16304347826086957,782.1,5,2,3,10,Loyal Customers,0
13032,52,2,1010.18,2011-09-13 16:40:00,2011-10-18 15:54:00,United Kingdom,55,505.09,87,0.6896551724137931,4180.06,3,2,4,9,Potential Loyalists,0
13033,357,1,190.55,2010-12-17 14:23:00,2010-12-17 14:23:00,United Kingdom,11,190.55,357,0.08403361344537814,192.15,1,1,1,3,Lost,1
13034,55,2,642.77,2010-12-05 14:52:00,2011-10-16 12:21:00,United Kingdom,37,321.385,369,0.16260162601626016,627.09,3,2,3,8,Potential Loyalists,0
13035,74,2,921.88,2011-03-24 09:21:00,2011-09-27 08:57:00,United Kingdom,23,460.94,261,0.2298850574712644,1271.56,2,2,3,7,Potential Loyalists,0
13037,138,3,881.07,2011-03-28 15:42:00,2011-07-24 15:46:00,United Kingdom,44,293.69,256,0.3515625,1239.0,2,3,3,8,Potential Loyalists,1
13038,80,3,908.46,2011-02-22 11:43:00,2011-09-20 14:37:00,United Kingdom,24,302.82,291,0.30927835051546393,1123.87,2,3,3,8,Potential Loyalists,0
13040,9,2,676.99,2011-11-06 13:53:00,2011-12-01 10:38:00,United Kingdom,38,338.495,33,1.8181818181818181,7385.35,5,2,3,10,Loyal Customers,0
13043,273,1,516.42,2011-03-11 14:52:00,2011-03-11 14:52:00,United Kingdom,13,516.42,273,0.10989010989010989,680.99,1,1,3,5,At Risk,1
13044,291,1,560.47,2011-02-21 15:20:00,2011-02-21 15:20:00,United Kingdom,33,560.47,291,0.10309278350515465,693.36,1,1,3,5,At Risk,1
13045,99,1,305.28000000000003,2011-09-01 15:04:00,2011-09-01 15:04:00,United Kingdom,18,305.28000000000003,99,0.30303030303030304,1110.11,2,1,2,5,At Risk,1
13046,31,2,629.31,2011-03-18 15:43:00,2011-11-09 08:36:00,United Kingdom,33,314.655,266,0.22556390977443608,851.7,4,2,3,9,Potential Loyalists,0
13047,32,10,3237.54,2010-12-01 08:34:00,2011-11-08 12:06:00,United Kingdom,106,323.754,374,0.8021390374331551,3116.35,4,5,5,14,Champions,0
13048,14,4,1835.91,2011-01-16 14:36:00,2011-11-25 13:23:00,United Kingdom,77,458.9775,327,0.36697247706422015,2021.19,4,4,4,12,Loyal Customers,0
13049,64,2,656.6800000000001,2011-01-25 16:33:00,2011-10-06 15:31:00,United Kingdom,14,328.34000000000003,318,0.18867924528301888,743.41,3,2,3,8,Potential Loyalists,0
13050,15,17,5836.86,2010-12-08 09:30:00,2011-11-25 09:18:00,United Kingdom,246,343.3447058823529,367,1.3896457765667576,5725.53,4,5,5,14,Champions,0
13052,212,1,348.15000000000003,2011-05-11 14:12:00,2011-05-11 14:12:00,United Kingdom,18,348.15000000000003,212,0.14150943396226415,591.2,1,1,2,4,Lost,1
13055,78,3,1214.41,2011-05-10 08:58:00,2011-09-22 14:26:00,United Kingdom,74,404.80333333333334,214,0.4205607476635514,2042.93,2,3,4,9,Potential Loyalists,0
13058,25,3,271.40000000000003,2011-07-11 12:01:00,2011-11-15 12:43:00,United Kingdom,5,90.46666666666668,152,0.5921052631578948,642.79,4,3,2,9,Potential Loyalists,0
13059,250,1,183.4,2011-04-04 10:40:00,2011-04-04 10:40:00,United Kingdom,8,183.4,250,0.12,264.1,1,1,1,3,Lost,1
13060,254,1,307.53,2011-03-31 11:37:00,2011-03-31 11:37:00,United Kingdom,15,307.53,254,0.11811023622047244,435.87,1,1,2,4,Lost,1
13061,72,1,248.61,2011-09-28 16:04:00,2011-09-28 16:04:00,United Kingdom,10,248.61,72,0.4166666666666667,1243.05,3,1,1,5,At Risk,0
13062,191,1,346.98,2011-06-01 15:12:00,2011-06-01 15:12:00,United Kingdom,11,346.98,191,0.15706806282722513,653.99,1,1,2,4,Lost,1
13064,13,4,1119.49,2011-01-16 13:41:00,2011-11-27 12:31:00,United Kingdom,51,279.8725,327,0.36697247706422015,1232.47,5,4,4,13,Champions,0
13065,373,1,205.86,2010-12-01 16:52:00,2010-12-01 16:52:00,United Kingdom,14,205.86,373,0.08042895442359249,198.69,1,1,1,3,Lost,1
13066,24,2,470.8,2011-11-07 17:06:00,2011-11-15 12:57:00,United Kingdom,48,235.4,32,1.875,5296.5,4,2,2,8,Potential Loyalists,0
13067,82,1,115.46000000000001,2011-09-18 13:38:00,2011-09-18 13:38:00,United Kingdom,14,115.46000000000001,82,0.36585365853658536,506.9,2,1,1,4,Lost,0
13068,10,2,344.0,2011-01-24 08:20:00,2011-11-29 15:00:00,United Kingdom,1,172.0,320,0.1875,387.0,5,2,2,9,Potential Loyalists,0
13069,1,24,4436.12,2010-12-05 11:02:00,2011-12-09 08:39:00,United Kingdom,281,184.83833333333334,370,1.9459459459459458,4316.22,5,5,5,15,Champions,0
13070,192,1,228.8,2011-05-31 13:45:00,2011-05-31 13:45:00,United Kingdom,9,228.8,192,0.15625,429.0,1,1,1,3,Lost,1
13072,267,1,177.15,2011-03-18 08:12:00,2011-03-18 08:12:00,United Kingdom,7,177.15,267,0.11235955056179775,238.85,1,1,1,3,Lost,1
13075,130,1,919.61,2011-08-02 10:19:00,2011-08-02 10:19:00,United Kingdom,22,919.61,130,0.23076923076923078,2546.61,2,1,3,6,At Risk,1
13077,1,4,729.27,2010-12-08 14:59:00,2011-12-08 19:24:00,United Kingdom,99,182.3175,366,0.3278688524590164,717.31,5,4,3,12,Loyal Customers,0
13078,3,26,12627.94,2010-12-08 09:07:00,2011-12-06 15:36:00,United Kingdom,95,485.69,367,2.125340599455041,12387.08,5,5,5,15,Champions,0
13079,4,5,220.10000000000002,2011-07-22 14:41:00,2011-12-05 16:53:00,United Kingdom,2,44.02,140,1.0714285714285714,565.97,5,4,1,10,Loyal Customers,0
13080,179,1,58.08,2011-06-13 14:59:00,2011-06-13 14:59:00,United Kingdom,6,58.08,179,0.16759776536312848,116.81,2,1,1,4,Lost,1
13081,12,11,28337.38,2010-12-03 17:20:00,2011-11-28 10:54:00,United Kingdom,503,2576.1254545454544,371,0.889487870619946,27497.19,5,5,5,15,Champions,0
13082,126,9,3613.63,2011-01-05 15:42:00,2011-08-05 16:16:00,United Kingdom,63,401.51444444444445,338,0.7988165680473372,3848.84,2,5,5,12,Loyal Customers,1
13083,4,2,303.75,2011-09-25 10:46:00,2011-12-05 15:01:00,United Kingdom,15,151.875,76,0.7894736842105263,1438.82,5,2,2,9,Potential Loyalists,0
13085,158,2,416.08000000000004,2011-02-17 13:57:00,2011-07-05 12:11:00,United Kingdom,17,208.04000000000002,295,0.20338983050847456,507.76,2,2,2,6,At Risk,1
13089,3,97,58825.83,2010-12-05 10:27:00,2011-12-07 09:02:00,United Kingdom,636,606.4518556701031,370,7.864864864864865,57235.94,5,5,5,15,Champions,0
13090,9,14,8910.82,2010-12-02 07:48:00,2011-12-01 12:39:00,United Kingdom,98,636.4871428571429,373,1.126005361930295,8600.26,5,5,5,15,Champions,0
13091,28,1,345.82,2011-11-11 15:54:00,2011-11-11 15:54:00,United Kingdom,21,345.82,28,1.0,4149.84,4,1,2,7,Potential Loyalists,0
13092,71,5,477.83,2010-12-15 12:27:00,2011-09-30 11:18:00,United Kingdom,19,95.566,360,0.4166666666666667,477.83,3,4,2,9,Potential Loyalists,0
13093,276,8,7832.47,2010-12-01 15:00:00,2011-03-09 12:14:00,United Kingdom,97,979.05875,373,0.6434316353887399,7559.49,1,5,5,11,Loyal Customers,1
13094,21,12,1927.3200000000002,2010-12-06 10:34:00,2011-11-18 14:07:00,United Kingdom,4,160.61,369,0.975609756097561,1880.31,4,5,4,13,Champions,0
13095,71,1,74.39999999999999,2011-09-30 12:03:00,2011-09-30 12:03:00,United Kingdom,6,74.39999999999999,71,0.4225352112676056,377.24,3,1,1,5,At Risk,0
13097,33,10,6010.42,2010-12-14 15:13:00,2011-11-07 10:43:00,United Kingdom,214,601.042,360,0.8333333333333334,6010.42,4,5,5,14,Champions,0
13098,1,28,28882.44,2011-01-26 13:46:00,2011-12-08 14:14:00,United Kingdom,156,1031.5157142857142,317,2.6498422712933754,32800.25,5,5,5,15,Champions,0
13099,99,1,207.35999999999999,2011-09-01 17:40:00,2011-09-01 17:40:00,United Kingdom,1,207.35999999999999,99,0.30303030303030304,754.04,2,1,1,4,Lost,1
13101,234,1,101.19,2011-04-19 14:37:00,2011-04-19 14:37:00,United Kingdom,8,101.19,234,0.12820512820512822,155.68,1,1,1,3,Lost,1
13102,1,24,6424.09,2010-12-09 13:38:00,2011-12-08 12:52:00,United Kingdom,140,267.67041666666665,365,1.9726027397260275,6336.09,5,5,5,15,Champions,0
13103,40,1,243.94,2011-10-31 09:38:00,2011-10-31 09:38:00,United Kingdom,8,243.94,40,0.75,2195.46,3,1,1,5,At Risk,0
13104,3,6,1098.48,2010-12-20 11:58:00,2011-12-06 13:10:00,United Kingdom,14,183.08,355,0.5070422535211268,1113.95,5,5,4,14,Champions,0
13106,133,1,76.5,2011-07-29 15:12:00,2011-07-29 15:12:00,United Kingdom,1,76.5,133,0.22556390977443608,207.07,2,1,1,4,Lost,1
13107,44,4,1531.6200000000001,2011-01-10 12:28:00,2011-10-26 14:52:00,United Kingdom,54,382.90500000000003,334,0.3592814371257485,1650.85,3,4,4,11,Loyal Customers,0
13108,373,1,350.06,2010-12-02 10:35:00,2010-12-02 10:35:00,United Kingdom,10,350.06,373,0.08042895442359249,337.86,1,1,2,4,Lost,1
13109,60,2,786.54,2011-07-05 14:56:00,2011-10-11 10:16:00,United Kingdom,41,393.27,157,0.38216560509554137,1803.53,3,2,3,8,Potential Loyalists,0
13110,31,7,1488.67,2011-02-01 15:24:00,2011-11-08 14:30:00,United Kingdom,109,212.66714285714286,311,0.67524115755627,1723.22,4,5,4,13,Champions,0
13113,1,24,12245.960000000001,2010-12-08 13:21:00,2011-12-09 12:49:00,United Kingdom,95,510.2483333333334,366,1.9672131147540985,12045.21,5,5,5,15,Champions,0
13115,12,4,2294.78,2011-06-08 16:15:00,2011-11-28 12:38:00,United Kingdom,88,573.695,184,0.6521739130434783,4489.79,5,4,5,14,Champions,0
13116,138,1,501.14,2011-07-24 14:33:00,2011-07-24 14:33:00,United Kingdom,30,501.14,138,0.2173913043478261,1307.32,2,1,3,6,At Risk,1
13117,22,8,984.91,2010-12-02 13:11:00,2011-11-18 12:02:00,United Kingdom,66,123.11375,372,0.6451612903225806,953.14,4,5,4,13,Champions,0
13118,20,5,1197.81,2011-02-24 12:32:00,2011-11-20 12:46:00,United Kingdom,68,239.56199999999998,289,0.5190311418685122,1492.08,4,4,4,12,Loyal Customers,0
13120,239,1,30.599999999999998,2011-04-15 10:19:00,2011-04-15 10:19:00,United Kingdom,1,30.599999999999998,239,0.12552301255230125,46.09,1,1,1,3,Lost,1
13121,269,1,283.73,2011-03-15 16:47:00,2011-03-15 16:47:00,United Kingdom,50,283.73,269,0.11152416356877323,379.71,1,1,2,4,Lost,1
13122,94,2,922.39,2011-04-13 14:12:00,2011-09-06 15:53:00,United Kingdom,54,461.195,240,0.25,1383.58,2,2,3,7,Potential Loyalists,1
13124,90,3,3866.33,2010-12-15 15:00:00,2011-09-11 12:45:00,United Kingdom,185,1288.7766666666666,359,0.25069637883008355,3877.1,2,3,5,10,Loyal Customers,0
13126,5,8,2099.64,2010-12-08 11:42:00,2011-12-05 10:00:00,United Kingdom,124,262.455,367,0.6539509536784741,2059.59,5,5,5,15,Champions,0
13127,78,1,259.17,2011-09-23 10:26:00,2011-09-23 10:26:00,United Kingdom,15,259.17,78,0.3846153846153846,1196.17,2,1,2,5,At Risk,0
13130,94,1,64.0,2011-09-06 15:30:00,2011-09-06 15:30:00,United Kingdom,2,64.0,94,0.3191489361702128,245.11,2,1,1,4,Lost,1
13131,23,3,1073.3,2011-06-05 10:54:00,2011-11-16 13:21:00,United Kingdom,30,357.76666666666665,188,0.4787234042553192,2055.26,4,3,4,11,Loyal Customers,0
13132,262,1,77.3,2011-03-23 12:44:00,2011-03-23 12:44:00,United Kingdom,3,77.3,262,0.11450381679389314,106.21,1,1,1,3,Lost,1
13133,274,2,109.8,2011-02-08 15:48:00,2011-03-11 10:31:00,United Kingdom,7,54.9,304,0.19736842105263158,130.03,1,2,1,4,Lost,1
13134,86,4,1793.58,2011-04-13 12:57:00,2011-09-15 10:35:00,United Kingdom,94,448.395,240,0.5,2690.37,2,4,4,10,Loyal Customers,0
13135,197,1,3096.0,2011-05-27 10:52:00,2011-05-27 10:52:00,United Kingdom,1,3096.0,197,0.15228426395939088,5657.66,1,1,5,7,Potential Loyalists,1
13136,56,5,2607.61,2011-05-11 12:47:00,2011-10-14 13:41:00,United Kingdom,94,521.522,213,0.7042253521126761,4407.23,3,4,5,12,Loyal Customers,0
13137,11,8,3650.41,2011-02-04 11:54:00,2011-11-29 12:09:00,United Kingdom,345,456.30125,309,0.7766990291262136,4252.9,5,5,5,15,Champions,0
13138,22,6,962.39,2010-12-02 15:03:00,2011-11-17 16:51:00,United Kingdom,31,160.39833333333334,372,0.48387096774193544,931.35,4,5,4,13,Champions,0
13139,16,7,5064.94,2011-03-25 11:57:00,2011-11-23 13:54:00,United Kingdom,132,723.5628571428571,260,0.8076923076923077,7012.99,4,5,5,14,Champions,0
13140,108,3,423.72,2010-12-08 15:12:00,2011-08-23 15:33:00,United Kingdom,40,141.24,366,0.24590163934426232,416.77,2,3,2,7,Potential Loyalists,1
13141,85,5,2388.75,2011-01-28 13:04:00,2011-09-16 09:54:00,United Kingdom,113,477.75,315,0.47619047619047616,2730.0,2,4,5,11,Loyal Customers,0
13142,19,1,307.09,2011-11-20 16:07:00,2011-11-20 16:07:00,United Kingdom,23,307.09,19,1.0,3685.08,4,1,2,7,Potential Loyalists,0
13144,333,1,110.95,2011-01-11 11:15:00,2011-01-11 11:15:00,United Kingdom,3,110.95,333,0.0900900900900901,119.95,1,1,1,3,Lost,1
13145,40,4,618.52,2010-12-02 18:06:00,2011-10-31 12:45:00,United Kingdom,5,154.63,372,0.3225806451612903,598.57,3,4,3,10,Loyal Customers,0
13146,26,1,228.91,2011-11-13 15:29:00,2011-11-13 15:29:00,United Kingdom,16,228.91,26,1.0,2746.92,4,1,1,6,At Risk,0
13147,10,4,712.8000000000001,2011-09-01 12:28:00,2011-11-29 13:59:00,United Kingdom,1,178.20000000000002,100,1.2,2566.08,5,4,3,12,Loyal Customers,0
13148,29,12,3707.12,2010-12-10 13:06:00,2011-11-10 15:23:00,United Kingdom,231,308.9266666666667,364,0.989010989010989,3666.38,4,5,5,14,Champions,0
13149,14,4,1676.06,2011-02-23 13:57:00,2011-11-25 13:09:00,United Kingdom,76,419.015,289,0.4152249134948097,2087.83,4,4,4,12,Loyal Customers,0
13151,296,1,1257.8700000000001,2011-02-17 12:29:00,2011-02-17 12:29:00,United Kingdom,73,1257.8700000000001,296,0.10135135135135134,1529.84,1,1,4,6,At Risk,1
13153,6,1,486.22,2011-12-04 12:14:00,2011-12-04 12:14:00,United Kingdom,15,486.22,6,1.0,5834.64,5,1,2,8,Potential Loyalists,0
13155,33,4,971.76,2010-12-06 12:44:00,2011-11-06 15:41:00,United Kingdom,67,242.94,369,0.3252032520325203,948.06,4,4,4,12,Loyal Customers,0
13157,49,4,1741.22,2011-02-14 14:03:00,2011-10-21 13:50:00,United Kingdom,69,435.305,298,0.40268456375838924,2103.49,3,4,4,11,Loyal Customers,0
13158,95,4,1201.06,2011-01-25 09:58:00,2011-09-06 11:58:00,United Kingdom,59,300.265,319,0.3761755485893417,1355.43,2,4,4,10,Loyal Customers,1
13159,9,4,1437.85,2011-08-16 11:44:00,2011-12-01 11:20:00,United Kingdom,114,359.4625,116,1.0344827586206897,4462.29,5,4,4,13,Champions,0
13160,22,1,91.8,2011-11-17 13:07:00,2011-11-17 13:07:00,United Kingdom,4,91.8,22,1.0,1101.6,4,1,1,6,At Risk,0
13161,313,1,112.75,2011-01-30 14:03:00,2011-01-30 14:03:00,United Kingdom,8,112.75,313,0.09584664536741214,129.68,1,1,1,3,Lost,1
13162,122,4,1688.29,2011-01-09 10:43:00,2011-08-09 15:59:00,United Kingdom,74,422.0725,335,0.35820895522388063,1814.28,2,4,4,10,Loyal Customers,1
13165,46,2,1021.48,2010-12-23 14:06:00,2011-10-24 15:05:00,United Kingdom,40,510.74,351,0.17094017094017094,1047.67,3,2,4,9,Potential Loyalists,0
13166,283,1,417.2,2011-03-01 15:16:00,2011-03-01 15:16:00,United Kingdom,39,417.2,283,0.10600706713780919,530.71,1,1,2,4,Lost,1
13167,19,4,791.33,2011-07-19 12:13:00,2011-11-21 12:24:00,United Kingdom,51,197.8325,144,0.8333333333333334,1978.33,4,4,3,11,Loyal Customers,0
13168,36,4,1319.19,2011-01-25 13:55:00,2011-11-03 12:56:00,United Kingdom,102,329.7975,318,0.37735849056603776,1493.42,3,4,4,11,Loyal Customers,0
13169,64,2,712.88,2011-04-01 14:24:00,2011-10-07 12:11:00,United Kingdom,11,356.44,252,0.23809523809523808,1018.4,3,2,3,8,Potential Loyalists,0
13170,27,1,116.00999999999999,2011-11-13 12:19:00,2011-11-13 12:19:00,United Kingdom,29,116.00999999999999,27,1.0,1392.12,4,1,1,6,At Risk,0
13171,22,3,468.41,2011-02-13 14:16:00,2011-11-18 10:27:00,United Kingdom,37,156.13666666666668,299,0.3010033444816054,563.97,4,3,2,9,Potential Loyalists,0
13173,4,2,353.65,2010-12-07 14:30:00,2011-12-05 15:51:00,United Kingdom,41,176.825,367,0.16348773841961853,346.9,5,2,2,9,Potential Loyalists,0
13174,16,3,2817.03,2010-12-05 16:24:00,2011-11-23 14:35:00,United Kingdom,228,939.0100000000001,369,0.24390243902439024,2748.32,4,3,5,12,Loyal Customers,0
13176,46,1,492.84,2011-10-24 15:43:00,2011-10-24 15:43:00,United Kingdom,66,492.84,46,0.6521739130434783,3857.01,3,1,3,7,Potential Loyalists,0
13177,65,1,282.45,2011-10-06 09:56:00,2011-10-06 09:56:00,United Kingdom,17,282.45,65,0.46153846153846156,1564.34,3,1,2,6,At Risk,0
13178,26,11,5725.47,2010-12-14 12:22:00,2011-11-13 16:14:00,United Kingdom,95,520.4972727272727,361,0.9141274238227147,5709.61,4,5,5,14,Champions,0
13182,45,1,121.18,2011-10-25 13:46:00,2011-10-25 13:46:00,United Kingdom,11,121.18,45,0.6666666666666666,969.44,3,1,1,5,At Risk,0
13183,8,9,3957.78,2011-01-09 10:50:00,2011-12-02 10:30:00,United Kingdom,51,439.75333333333333,335,0.8059701492537313,4253.14,5,5,5,15,Champions,0
13184,15,10,1701.29,2011-02-22 17:25:00,2011-11-25 12:02:00,United Kingdom,138,170.129,290,1.0344827586206897,2111.95,4,5,4,13,Champions,0
13185,268,1,71.4,2011-03-17 11:56:00,2011-03-17 11:56:00,United Kingdom,1,71.4,268,0.11194029850746269,95.91,1,1,1,3,Lost,1
13186,40,3,1575.89,2011-08-03 09:09:00,2011-10-31 11:40:00,United Kingdom,69,525.2966666666667,129,0.6976744186046512,4397.83,3,3,4,10,Loyal Customers,0
13187,337,1,236.02,2011-01-06 18:57:00,2011-01-06 18:57:00,United Kingdom,37,236.02,337,0.08902077151335312,252.13,1,1,1,3,Lost,1
13188,11,1,114.60000000000001,2011-11-28 15:28:00,2011-11-28 15:28:00,United Kingdom,2,114.60000000000001,11,1.0,1375.2,5,1,1,7,Potential Loyalists,0
13189,19,2,260.68,2011-08-16 13:12:00,2011-11-21 10:39:00,United Kingdom,29,130.34,115,0.5217391304347826,816.04,4,2,2,8,Potential Loyalists,0
13192,95,2,911.94,2011-05-18 14:57:00,2011-09-05 14:13:00,United Kingdom,57,455.97,205,0.29268292682926833,1601.46,2,2,3,7,Potential Loyalists,1
13193,61,1,117.88,2011-10-09 14:30:00,2011-10-09 14:30:00,United Kingdom,22,117.88,61,0.49180327868852464,695.69,3,1,1,5,At Risk,0
13194,136,1,60.7,2011-07-27 09:01:00,2011-07-27 09:01:00,United Kingdom,3,60.7,136,0.22058823529411764,160.68,2,1,1,4,Lost,1
13196,11,4,1797.78,2011-03-22 14:24:00,2011-11-28 13:54:00,United Kingdom,97,449.445,262,0.45801526717557256,2470.23,5,4,4,13,Champions,0
13198,10,6,3401.2400000000002,2010-12-13 09:29:00,2011-11-29 15:17:00,United Kingdom,199,566.8733333333333,362,0.4972375690607735,3382.45,5,5,5,15,Champions,0
13199,4,38,9817.12,2010-12-08 10:51:00,2011-12-06 12:30:00,United Kingdom,48,258.34526315789475,367,3.106267029972752,9629.87,5,5,5,15,Champions,0
13200,19,4,870.09,2011-08-05 14:50:00,2011-11-20 15:35:00,United Kingdom,42,217.5225,126,0.9523809523809523,2485.97,4,4,3,11,Loyal Customers,0
13203,10,4,869.46,2011-04-11 14:40:00,2011-11-30 10:45:00,United Kingdom,56,217.365,242,0.49586776859504134,1293.41,5,4,3,12,Loyal Customers,0
13207,15,2,250.26000000000002,2011-07-12 11:35:00,2011-11-24 14:52:00,United Kingdom,7,125.13000000000001,151,0.3973509933774835,596.65,4,2,2,8,Potential Loyalists,0
13208,59,6,1223.9,2011-02-03 19:32:00,2011-10-12 09:54:00,United Kingdom,124,203.98333333333335,309,0.5825242718446602,1425.9,3,5,4,12,Loyal Customers,0
13209,30,8,5891.61,2010-12-13 10:31:00,2011-11-09 13:54:00,United Kingdom,255,736.45125,362,0.6629834254143646,5859.06,4,5,5,14,Champions,0
13210,94,1,353.48,2011-09-07 08:18:00,2011-09-07 08:18:00,United Kingdom,22,353.48,94,0.3191489361702128,1353.75,2,1,2,5,At Risk,1
13211,10,3,1197.42,2010-12-13 16:17:00,2011-11-29 14:43:00,United Kingdom,45,399.14000000000004,361,0.24930747922437674,1194.1,5,3,4,12,Loyal Customers,0
13212,20,3,788.08,2011-10-09 14:48:00,2011-11-20 12:40:00,United Kingdom,128,262.6933333333333,61,1.4754098360655739,4650.96,4,3,3,10,Loyal Customers,0
13213,57,5,1520.58,2011-05-24 12:22:00,2011-10-14 11:42:00,United Kingdom,82,304.116,200,0.75,2737.04,3,4,4,11,Loyal Customers,0
13216,268,1,333.74,2011-03-17 12:18:00,2011-03-17 12:18:00,United Kingdom,5,333.74,268,0.11194029850746269,448.31,1,1,2,4,Lost,1
13217,122,3,533.98,2011-07-06 12:08:00,2011-08-09 15:32:00,United Kingdom,3,177.99333333333334,157,0.5732484076433121,1224.41,2,3,3,8,Potential Loyalists,1
13218,127,1,62.63999999999999,2011-08-04 16:59:00,2011-08-04 16:59:00,United Kingdom,5,62.63999999999999,127,0.23622047244094488,177.56,2,1,1,4,Lost,1
13220,78,4,819.2900000000001,2011-04-17 10:59:00,2011-09-22 13:38:00,United Kingdom,18,204.82250000000002,237,0.5063291139240506,1244.49,2,4,3,9,Potential Loyalists,0
13221,240,2,847.41,2010-12-15 13:24:00,2011-04-13 16:58:00,United Kingdom,62,423.705,359,0.1671309192200557,849.77,1,2,3,6,At Risk,1
13223,200,2,163.20000000000002,2011-04-21 15:16:00,2011-05-23 13:03:00,United Kingdom,5,81.60000000000001,232,0.25862068965517243,253.24,1,2,1,4,Lost,1
13224,60,2,2155.95,2011-07-11 14:10:00,2011-10-10 14:55:00,United Kingdom,101,1077.975,151,0.3973509933774835,5140.01,3,2,5,10,Loyal Customers,0
13225,3,7,6463.84,2010-12-13 09:49:00,2011-12-06 13:29:00,United Kingdom,23,923.4057142857143,362,0.580110497237569,6428.13,5,5,5,15,Champions,0
13226,273,1,108.21000000000001,2011-03-11 14:35:00,2011-03-11 14:35:00,United Kingdom,16,108.21000000000001,273,0.10989010989010989,142.69,1,1,1,3,Lost,1
13227,202,1,257.7,2011-05-22 11:47:00,2011-05-22 11:47:00,United Kingdom,9,257.7,202,0.1485148514851485,459.27,1,1,2,4,Lost,1
13228,81,1,358.0,2011-09-19 14:28:00,2011-09-19 14:28:00,United Kingdom,2,358.0,81,0.37037037037037035,1591.11,2,1,2,5,At Risk,0
13229,226,1,160.95,2011-04-28 12:07:00,2011-04-28 12:07:00,United Kingdom,10,160.95,226,0.13274336283185842,256.38,1,1,1,3,Lost,1
13230,4,14,2806.97,2010-12-09 19:28:00,2011-12-05 16:03:00,United Kingdom,393,200.49785714285713,365,1.1506849315068495,2768.52,5,5,5,15,Champions,0
13232,13,7,1357.6,2011-04-10 13:48:00,2011-11-27 10:39:00,United Kingdom,147,193.94285714285712,243,0.8641975308641976,2011.26,5,5,4,14,Champions,0
13233,74,2,605.12,2011-01-07 14:49:00,2011-09-26 13:25:00,United Kingdom,43,302.56,336,0.17857142857142858,648.34,2,2,3,7,Potential Loyalists,0
13235,212,1,1031.07,2011-05-11 17:13:00,2011-05-11 17:13:00,United Kingdom,53,1031.07,212,0.14150943396226415,1750.87,1,1,4,6,At Risk,1
13236,25,2,744.85,2011-08-25 08:58:00,2011-11-15 12:50:00,United Kingdom,34,372.425,107,0.5607476635514018,2506.04,4,2,3,9,Potential Loyalists,0
13238,17,4,700.73,2010-12-14 14:37:00,2011-11-22 15:37:00,United Kingdom,20,175.1825,360,0.3333333333333333,700.73,4,4,3,11,Loyal Customers,0
13239,262,1,329.56,2011-03-23 10:25:00,2011-03-23 10:25:00,United Kingdom,21,329.56,262,0.11450381679389314,452.83,1,1,2,4,Lost,1
13240,96,4,663.65,2010-12-09 12:49:00,2011-09-04 14:08:00,United Kingdom,59,165.9125,366,0.3278688524590164,652.77,2,4,3,9,Potential Loyalists,1
13242,112,3,270.40000000000003,2011-05-10 12:26:00,2011-08-19 12:53:00,United Kingdom,12,90.13333333333334,214,0.4205607476635514,454.88,2,3,2,7,Potential Loyalists,1
13243,203,1,600.07,2011-05-20 13:14:00,2011-05-20 13:14:00,United Kingdom,56,600.07,203,0.1477832512315271,1064.16,1,1,3,5,At Risk,1
13244,93,1,121.74000000000001,2011-09-08 11:46:00,2011-09-08 11:46:00,United Kingdom,27,121.74000000000001,93,0.3225806451612903,471.25,2,1,1,4,Lost,1
13245,51,1,430.5,2011-10-20 11:40:00,2011-10-20 11:40:00,United Kingdom,16,430.5,51,0.5882352941176471,3038.82,3,1,2,6,At Risk,0
13246,18,6,1987.3,2011-01-13 13:36:00,2011-11-21 16:50:00,United Kingdom,110,331.21666666666664,330,0.5454545454545454,2167.96,4,5,4,13,Champions,0
13247,18,4,501.12,2011-09-18 11:31:00,2011-11-22 10:59:00,United Kingdom,18,125.28,83,1.4457831325301205,2173.53,4,4,3,11,Loyal Customers,0
13248,125,2,465.68,2011-06-03 13:05:00,2011-08-07 12:40:00,United Kingdom,25,232.84,189,0.31746031746031744,887.01,2,2,2,6,At Risk,1
13249,92,3,711.41,2011-03-23 15:26:00,2011-09-08 13:26:00,United Kingdom,21,237.13666666666666,261,0.3448275862068966,981.26,2,3,3,8,Potential Loyalists,1
13253,157,2,1030.4,2011-01-04 15:43:00,2011-07-06 10:09:00,United Kingdom,35,515.2,339,0.17699115044247787,1094.23,2,2,4,8,Potential Loyalists,1
13255,9,2,399.51,2010-12-01 11:58:00,2011-11-30 13:14:00,United Kingdom,13,199.755,374,0.16042780748663102,384.56,5,2,2,9,Potential Loyalists,0
13258,12,3,698.58,2011-05-18 13:11:00,2011-11-28 09:31:00,United Kingdom,28,232.86,205,0.43902439024390244,1226.77,5,3,3,11,Loyal Customers,0
13259,62,1,292.32,2011-10-09 10:48:00,2011-10-09 10:48:00,United Kingdom,77,292.32,62,0.48387096774193544,1697.34,3,1,2,6,At Risk,0
13260,61,1,557.62,2011-10-09 13:21:00,2011-10-09 13:21:00,United Kingdom,8,557.62,61,0.49180327868852464,3290.87,3,1,3,7,Potential Loyalists,0
13261,269,2,944.1,2011-02-27 10:41:00,2011-03-16 12:22:00,United Kingdom,8,472.05,286,0.2097902097902098,1188.38,1,2,4,7,Potential Loyalists,1
13262,263,1,200.29,2011-03-21 15:06:00,2011-03-21 15:06:00,United Kingdom,11,200.29,263,0.11406844106463877,274.16,1,1,1,3,Lost,1
13263,1,35,7454.07,2011-01-18 16:31:00,2011-12-08 13:59:00,United Kingdom,450,212.97342857142857,325,3.2307692307692304,8256.82,5,5,5,15,Champions,0
13265,53,5,2107.66,2011-03-11 09:54:00,2011-10-17 15:02:00,United Kingdom,66,421.532,274,0.5474452554744526,2769.19,3,4,5,12,Loyal Customers,0
13266,11,12,3834.2599999999998,2011-03-28 10:14:00,2011-11-28 14:39:00,United Kingdom,82,319.52166666666665,257,1.4007782101167316,5370.95,5,5,5,15,Champions,0
13267,3,19,4521.49,2010-12-08 09:20:00,2011-12-07 11:12:00,United Kingdom,88,237.97315789473683,367,1.553133514986376,4435.25,5,5,5,15,Champions,0
13268,18,11,3214.69,2011-03-17 13:20:00,2011-11-22 11:51:00,United Kingdom,257,292.24454545454546,267,1.2359550561797752,4334.41,4,5,5,14,Champions,0
13269,1,15,5346.2300000000005,2010-12-05 11:51:00,2011-12-08 14:53:00,United Kingdom,177,356.41533333333336,370,1.2162162162162162,5201.74,5,5,5,15,Champions,0
13270,366,1,590.0,2010-12-08 14:53:00,2010-12-08 14:53:00,United Kingdom,1,590.0,366,0.0819672131147541,580.33,1,1,3,5,At Risk,1
13271,37,1,217.38,2011-11-02 14:31:00,2011-11-02 14:31:00,United Kingdom,79,217.38,37,0.8108108108108107,2115.05,3,1,1,5,At Risk,0
13272,31,2,276.56,2011-09-11 12:06:00,2011-11-08 14:00:00,United Kingdom,15,138.28,90,0.6666666666666666,1106.24,4,2,2,8,Potential Loyalists,0
13273,113,1,138.98,2011-08-18 14:02:00,2011-08-18 14:02:00,United Kingdom,16,138.98,113,0.26548672566371684,442.77,2,1,1,4,Lost,1
13276,64,2,590.9300000000001,2011-09-01 10:03:00,2011-10-07 12:44:00,United Kingdom,30,295.46500000000003,100,0.6,2127.35,3,2,3,8,Potential Loyalists,0
13277,16,4,258.4,2011-07-29 10:06:00,2011-11-24 09:21:00,United Kingdom,5,64.6,134,0.8955223880597015,694.21,4,4,2,10,Loyal Customers,0
13278,41,1,542.73,2011-10-30 11:49:00,2011-10-30 11:49:00,United Kingdom,46,542.73,41,0.7317073170731707,4765.43,3,1,3,7,Potential Loyalists,0
13279,78,1,137.75,2011-09-22 17:24:00,2011-09-22 17:24:00,United Kingdom,9,137.75,78,0.3846153846153846,635.77,2,1,1,4,Lost,0
13280,122,3,814.86,2011-01-06 17:10:00,2011-08-09 13:14:00,United Kingdom,67,271.62,337,0.26706231454005935,870.47,2,3,3,8,Potential Loyalists,1
13282,18,3,1132.14,2011-05-03 12:03:00,2011-11-21 15:33:00,United Kingdom,29,377.38000000000005,221,0.4072398190045249,1844.21,4,3,4,11,Loyal Customers,0
13283,60,2,93.66,2011-06-07 12:39:00,2011-10-11 09:50:00,United Kingdom,7,46.83,186,0.3225806451612903,181.28,3,2,1,6,At Risk,0
13284,331,1,201.19,2011-01-13 09:23:00,2011-01-13 09:23:00,United Kingdom,13,201.19,331,0.09063444108761329,218.82,1,1,1,3,Lost,1
13285,23,4,2709.12,2011-02-22 17:13:00,2011-11-16 13:19:00,United Kingdom,157,677.28,290,0.4137931034482759,3363.05,4,4,5,13,Champions,0
13291,156,1,361.11,2011-07-07 10:36:00,2011-07-07 10:36:00,United Kingdom,41,361.11,156,0.1923076923076923,833.33,2,1,2,5,At Risk,1
13292,39,2,578.9399999999999,2011-02-28 15:00:00,2011-11-01 10:04:00,United Kingdom,29,289.46999999999997,284,0.2112676056338028,733.87,3,2,3,8,Potential Loyalists,0
13294,190,2,873.74,2011-04-04 12:37:00,2011-06-03 08:54:00,United Kingdom,48,436.87,250,0.24,1258.19,1,2,3,6,At Risk,1
13295,360,1,201.20000000000002,2010-12-15 11:21:00,2010-12-15 11:21:00,United Kingdom,10,201.20000000000002,360,0.08333333333333333,201.2,1,1,1,3,Lost,1
13296,137,1,87.4,2011-07-25 13:46:00,2011-07-25 13:46:00,United Kingdom,5,87.4,137,0.21897810218978103,229.66,2,1,1,4,Lost,1
13297,8,4,2089.85,2011-10-03 15:08:00,2011-12-02 09:32:00,United Kingdom,52,522.4625,67,1.791044776119403,11229.04,5,4,5,14,Champions,0
13298,1,1,360.0,2011-12-08 13:11:00,2011-12-08 13:11:00,United Kingdom,2,360.0,1,1.0,4320.0,5,1,2,8,Potential Loyalists,0
13299,268,1,142.5,2011-03-16 12:55:00,2011-03-16 12:55:00,United Kingdom,5,142.5,268,0.11194029850746269,191.42,1,1,1,3,Lost,1
13300,169,1,371.89,2011-06-23 13:09:00,2011-06-23 13:09:00,United Kingdom,20,371.89,169,0.17751479289940827,792.19,2,1,2,5,At Risk,1
13301,104,4,618.09,2011-02-20 13:13:00,2011-08-28 11:25:00,United Kingdom,75,154.5225,292,0.4109589041095891,762.03,2,4,3,9,Potential Loyalists,1
13302,155,1,63.75,2011-07-07 17:56:00,2011-07-07 17:56:00,United Kingdom,1,63.75,155,0.1935483870967742,148.06,2,1,1,4,Lost,1
13304,351,1,300.42,2010-12-23 14:35:00,2010-12-23 14:35:00,United Kingdom,21,300.42,351,0.08547008547008547,308.12,1,1,2,4,Lost,1
13305,4,10,2000.86,2010-12-02 12:10:00,2011-12-05 15:15:00,United Kingdom,50,200.08599999999998,373,0.8042895442359249,1931.12,5,5,4,14,Champions,0
13307,120,1,15.0,2011-08-11 17:14:00,2011-08-11 17:14:00,United Kingdom,1,15.0,120,0.25,45.0,2,1,1,4,Lost,1
13308,23,3,1385.51,2011-05-20 13:13:00,2011-11-17 09:31:00,United Kingdom,49,461.83666666666664,203,0.4433497536945813,2457.06,4,3,4,11,Loyal Customers,0
13309,7,5,1456.79,2011-02-04 12:29:00,2011-12-02 16:34:00,United Kingdom,82,291.358,309,0.48543689320388345,1697.23,5,4,4,13,Champions,0
13310,28,3,1132.03,2011-01-19 14:50:00,2011-11-11 17:23:00,United Kingdom,65,377.3433333333333,324,0.27777777777777773,1257.81,4,3,4,11,Loyal Customers,0
13311,4,2,598.57,2011-07-12 14:26:00,2011-12-05 12:55:00,United Kingdom,25,299.285,150,0.4,1436.57,5,2,3,10,Loyal Customers,0
13313,22,5,1555.32,2011-01-04 10:00:00,2011-11-17 16:48:00,United Kingdom,47,311.06399999999996,340,0.4411764705882353,1646.81,4,4,4,12,Loyal Customers,0
13314,2,3,775.94,2011-09-27 10:20:00,2011-12-08 12:29:00,United Kingdom,55,258.6466666666667,74,1.2162162162162162,3774.84,5,3,3,11,Loyal Customers,0
13316,37,4,5977.7300000000005,2011-03-30 13:01:00,2011-11-02 13:40:00,United Kingdom,66,1494.4325000000001,254,0.47244094488188976,8472.37,3,4,5,12,Loyal Customers,0
13317,66,6,2273.68,2010-12-16 09:22:00,2011-10-04 13:35:00,United Kingdom,100,378.94666666666666,359,0.5013927576601671,2280.01,3,5,5,13,Champions,0
13318,1,3,640.76,2011-11-02 13:26:00,2011-12-08 18:51:00,United Kingdom,14,213.58666666666667,37,2.4324324324324325,6234.42,5,3,3,11,Loyal Customers,0
13319,5,26,10845.550000000001,2010-12-09 10:04:00,2011-12-04 13:34:00,United Kingdom,209,417.1365384615385,366,2.1311475409836067,10667.75,5,5,5,15,Champions,0
13320,78,4,1548.7,2011-05-10 10:29:00,2011-09-22 18:07:00,United Kingdom,77,387.175,214,0.5607476635514018,2605.29,2,4,4,10,Loyal Customers,0
13321,72,2,567.36,2011-09-14 15:18:00,2011-09-28 15:24:00,United Kingdom,10,283.68,86,0.6976744186046512,2375.0,3,2,3,8,Potential Loyalists,0
13322,17,1,199.48000000000002,2011-11-22 14:21:00,2011-11-22 14:21:00,United Kingdom,25,199.48000000000002,17,1.0,2393.76,4,1,1,6,At Risk,0
13323,3,5,787.85,2011-09-16 13:23:00,2011-12-06 17:12:00,United Kingdom,6,157.57,84,1.7857142857142858,3376.5,5,4,3,12,Loyal Customers,0
13324,36,10,7121.95,2010-12-14 09:50:00,2011-11-03 16:28:00,United Kingdom,25,712.1949999999999,361,0.8310249307479225,7102.22,3,5,5,13,Champions,0
13325,82,1,675.3,2011-09-19 10:36:00,2011-09-19 10:36:00,United Kingdom,12,675.3,82,0.36585365853658536,2964.73,2,1,3,6,At Risk,0
13327,39,8,3627.77,2010-12-09 15:32:00,2011-11-01 10:21:00,United Kingdom,74,453.47125,365,0.6575342465753425,3578.07,3,5,5,13,Champions,0
13328,316,1,1308.48,2011-01-27 15:22:00,2011-01-27 15:22:00,United Kingdom,17,1308.48,316,0.0949367088607595,1490.67,1,1,4,6,At Risk,1
13329,32,2,789.0,2010-12-08 10:11:00,2011-11-08 10:29:00,United Kingdom,16,394.5,367,0.16348773841961853,773.95,4,2,3,9,Potential Loyalists,0
13330,93,3,1140.93,2011-01-28 10:08:00,2011-09-08 12:27:00,United Kingdom,37,380.31,316,0.2848101265822785,1299.79,2,3,4,9,Potential Loyalists,1
13332,14,1,350.9,2011-11-25 13:30:00,2011-11-25 13:30:00,United Kingdom,21,350.9,14,1.0,4210.8,4,1,2,7,Potential Loyalists,0
13334,82,3,3536.82,2011-02-07 11:42:00,2011-09-18 15:21:00,United Kingdom,207,1178.94,306,0.29411764705882354,4160.96,2,3,5,10,Loyal Customers,0
13336,77,1,795.12,2011-09-23 14:05:00,2011-09-23 14:05:00,United Kingdom,51,795.12,77,0.3896103896103896,3717.44,2,1,3,6,At Risk,0
13338,158,1,487.02,2011-07-05 09:06:00,2011-07-05 09:06:00,United Kingdom,19,487.02,158,0.189873417721519,1109.67,2,1,2,5,At Risk,1
13339,201,1,860.12,2011-05-23 08:31:00,2011-05-23 08:31:00,United Kingdom,54,860.12,201,0.14925373134328357,1540.51,1,1,3,5,At Risk,1
13340,45,7,10736.48,2011-03-08 11:39:00,2011-10-25 13:15:00,United Kingdom,128,1533.782857142857,277,0.7581227436823106,13953.55,3,5,5,13,Champions,0
13341,261,1,775.85,2011-03-24 09:50:00,2011-03-24 09:50:00,United Kingdom,42,775.85,261,0.1149425287356322,1070.14,1,1,3,5,At Risk,1
13343,178,1,353.43,2011-06-15 12:24:00,2011-06-15 12:24:00,United Kingdom,19,353.43,178,0.16853932584269662,714.8,2,1,2,5,At Risk,1
13344,68,3,2543.72,2011-03-07 10:28:00,2011-10-03 09:45:00,United Kingdom,115,847.9066666666666,278,0.3237410071942446,3294.03,3,3,5,11,Loyal Customers,0
13345,288,1,389.5,2011-02-25 09:01:00,2011-02-25 09:01:00,United Kingdom,20,389.5,288,0.10416666666666667,486.88,1,1,2,4,Lost,1
13347,70,1,341.36,2011-09-30 13:28:00,2011-09-30 13:28:00,United Kingdom,8,341.36,70,0.42857142857142855,1755.57,3,1,2,6,At Risk,0
13348,64,1,233.76,2011-10-06 17:28:00,2011-10-06 17:28:00,United Kingdom,14,233.76,64,0.46875,1314.9,3,1,1,5,At Risk,0
13349,11,1,247.32,2011-11-29 08:07:00,2011-11-29 08:07:00,United Kingdom,16,247.32,11,1.0,2967.84,5,1,1,7,Potential Loyalists,0
13350,16,2,979.12,2011-09-21 13:33:00,2011-11-23 16:33:00,United Kingdom,36,489.56,79,0.759493670886076,4461.81,4,2,4,10,Loyal Customers,0
13351,66,1,373.94,2011-10-04 12:55:00,2011-10-04 12:55:00,United Kingdom,16,373.94,66,0.45454545454545453,2039.67,3,1,2,6,At Risk,0
13352,60,1,397.97999999999996,2011-10-10 13:55:00,2011-10-10 13:55:00,United Kingdom,24,397.97999999999996,60,0.5,2387.88,3,1,2,6,At Risk,0
13354,71,1,743.53,2011-09-29 13:17:00,2011-09-29 13:17:00,United Kingdom,51,743.53,71,0.4225352112676056,3770.01,3,1,3,7,Potential Loyalists,0
13355,122,1,674.7,2011-08-09 14:48:00,2011-08-09 14:48:00,United Kingdom,32,674.7,122,0.24590163934426232,1990.92,2,1,3,6,At Risk,1
13356,80,1,768.24,2011-09-20 14:33:00,2011-09-20 14:33:00,United Kingdom,42,768.24,80,0.375,3457.08,2,1,3,6,At Risk,0
13357,257,1,609.95,2011-03-27 13:56:00,2011-03-27 13:56:00,United Kingdom,85,609.95,257,0.11673151750972763,854.4,1,1,3,5,At Risk,1
13358,269,1,439.03,2011-03-16 11:52:00,2011-03-16 11:52:00,United Kingdom,29,439.03,269,0.11152416356877323,587.55,1,1,2,4,Lost,1
13359,64,1,439.56,2011-10-07 09:30:00,2011-10-07 09:30:00,United Kingdom,23,439.56,64,0.46875,2472.52,3,1,2,6,At Risk,0
13362,9,4,3090.7400000000002,2011-02-25 11:33:00,2011-11-30 14:41:00,United Kingdom,128,772.6850000000001,288,0.4166666666666667,3863.42,5,4,5,14,Champions,0
13363,18,2,992.5,2011-10-27 10:46:00,2011-11-22 12:40:00,United Kingdom,47,496.25,44,1.3636363636363638,8120.45,4,2,4,10,Loyal Customers,0
13364,71,1,134.95999999999998,2011-09-29 18:13:00,2011-09-29 18:13:00,United Kingdom,10,134.95999999999998,71,0.4225352112676056,684.3,3,1,1,5,At Risk,0
13365,34,2,2225.37,2011-05-06 12:00:00,2011-11-06 12:36:00,United Kingdom,122,1112.685,218,0.27522935779816515,3674.92,3,2,5,10,Loyal Customers,0
13366,50,1,56.160000000000004,2011-10-20 13:37:00,2011-10-20 13:37:00,United Kingdom,1,56.160000000000004,50,0.6,404.35,3,1,1,5,At Risk,0
13368,257,2,623.4,2011-01-06 12:32:00,2011-03-28 09:59:00,United Kingdom,29,311.7,338,0.17751479289940827,663.98,1,2,3,6,At Risk,1
13369,366,1,308.28000000000003,2010-12-09 11:30:00,2010-12-09 11:30:00,United Kingdom,14,308.28000000000003,366,0.0819672131147541,303.23,1,1,2,4,Lost,1
13370,372,1,754.87,2010-12-03 10:26:00,2010-12-03 10:26:00,United Kingdom,39,754.87,372,0.08064516129032258,730.52,1,1,3,5,At Risk,1
13372,90,1,378.64,2011-09-11 12:46:00,2011-09-11 12:46:00,United Kingdom,23,378.64,90,0.3333333333333333,1514.56,2,1,2,5,At Risk,0
13373,61,3,3312.25,2011-03-08 14:35:00,2011-10-10 10:51:00,United Kingdom,135,1104.0833333333333,276,0.32608695652173914,4320.33,3,3,5,11,Loyal Customers,0
13375,89,1,778.65,2011-09-12 10:19:00,2011-09-12 10:19:00,United Kingdom,37,778.65,89,0.33707865168539325,3149.6,2,1,3,6,At Risk,0
13376,99,3,1019.76,2011-04-19 13:03:00,2011-09-01 16:16:00,United Kingdom,45,339.92,234,0.38461538461538464,1568.86,2,3,4,9,Potential Loyalists,1
13379,26,3,572.56,2011-07-26 12:26:00,2011-11-13 13:45:00,United Kingdom,85,190.85333333333332,137,0.6569343065693432,1504.54,4,3,3,10,Loyal Customers,0
13381,32,6,3639.31,2011-02-14 10:10:00,2011-11-08 11:58:00,United Kingdom,77,606.5516666666666,299,0.6020066889632107,4381.78,4,5,5,14,Champions,0
13382,281,1,222.99,2011-03-04 10:03:00,2011-03-04 10:03:00,United Kingdom,15,222.99,281,0.10676156583629892,285.68,1,1,1,3,Lost,1
13384,31,7,4151.93,2011-06-14 12:47:00,2011-11-09 11:04:00,United Kingdom,123,593.1328571428572,179,1.1731843575418994,8350.25,4,5,5,14,Champions,0
13385,330,1,534.57,2011-01-14 09:52:00,2011-01-14 09:52:00,United Kingdom,35,534.57,330,0.09090909090909091,583.17,1,1,3,5,At Risk,1
13388,131,2,677.1,2011-07-31 12:52:00,2011-07-31 12:52:00,United Kingdom,35,338.55,131,0.45801526717557256,1860.73,2,2,3,7,Potential Loyalists,1
13389,11,3,797.96,2011-04-21 12:12:00,2011-11-28 14:01:00,United Kingdom,50,265.9866666666667,233,0.38626609442060084,1232.9,5,3,3,11,Loyal Customers,0
13390,75,1,544.08,2011-09-26 08:38:00,2011-09-26 08:38:00,United Kingdom,13,544.08,75,0.4,2611.58,2,1,3,6,At Risk,0
13391,204,1,59.8,2011-05-20 10:50:00,2011-05-20 10:50:00,United Kingdom,1,59.8,204,0.14705882352941177,105.53,1,1,1,3,Lost,1
13394,2,8,2520.02,2011-02-03 10:39:00,2011-12-08 11:36:00,United Kingdom,124,315.0025,310,0.7741935483870968,2926.47,5,5,5,15,Champions,0
13395,185,1,307.72,2011-06-07 15:04:00,2011-06-07 15:04:00,United Kingdom,21,307.72,185,0.16216216216216214,598.81,1,1,2,4,Lost,1
13396,29,2,1360.99,2011-01-24 13:37:00,2011-11-10 16:59:00,United Kingdom,42,680.495,319,0.18808777429467086,1535.91,4,2,4,10,Loyal Customers,0
13397,73,5,1544.13,2011-01-04 13:50:00,2011-09-28 10:56:00,United Kingdom,28,308.826,339,0.44247787610619466,1639.78,2,4,4,10,Loyal Customers,0
13398,192,1,457.34,2011-05-31 13:17:00,2011-05-31 13:17:00,United Kingdom,26,457.34,192,0.15625,857.51,1,1,2,4,Lost,1
13402,127,2,621.23,2010-12-02 17:12:00,2011-08-04 15:51:00,United Kingdom,32,310.615,372,0.16129032258064516,601.19,2,2,3,7,Potential Loyalists,1
13403,18,1,75.0,2011-11-22 08:28:00,2011-11-22 08:28:00,United Kingdom,3,75.0,18,1.0,900.0,4,1,1,6,At Risk,0
13404,1,2,252.49,2011-05-11 11:57:00,2011-12-08 15:37:00,United Kingdom,11,126.245,213,0.28169014084507044,426.74,5,2,2,9,Potential Loyalists,0
13405,74,3,572.451,2011-01-26 09:27:00,2011-09-26 17:01:00,United Kingdom,25,190.817,318,0.2830188679245283,648.06,2,3,3,8,Potential Loyalists,0
13408,2,62,28117.04,2010-12-01 10:39:00,2011-12-08 09:05:00,United Kingdom,234,453.5006451612903,374,4.973262032085562,27064.53,5,5,5,15,Champions,0
13410,24,5,1003.06,2011-02-21 14:38:00,2011-11-15 15:33:00,United Kingdom,15,200.612,291,0.5154639175257733,1240.9,4,4,4,12,Loyal Customers,0
13411,107,1,213.55,2011-08-24 13:57:00,2011-08-24 13:57:00,United Kingdom,17,213.55,107,0.2803738317757009,718.49,2,1,1,4,Lost,1
13414,134,3,1390.5,2011-02-16 12:13:00,2011-07-29 11:45:00,United Kingdom,23,463.5,297,0.30303030303030304,1685.45,2,3,4,9,Potential Loyalists,1
13416,44,2,712.5,2011-09-19 14:43:00,2011-10-27 08:56:00,United Kingdom,11,356.25,81,0.7407407407407407,3166.67,3,2,3,8,Potential Loyalists,0
13417,5,2,640.83,2011-05-18 16:26:00,2011-12-05 08:49:00,United Kingdom,26,320.415,205,0.29268292682926833,1125.36,5,2,3,10,Loyal Customers,0
13418,12,18,6127.43,2010-12-02 10:45:00,2011-11-28 10:23:00,United Kingdom,223,340.4127777777778,373,1.447721179624665,5913.87,5,5,5,15,Champions,0
13419,64,1,221.06,2011-10-07 12:49:00,2011-10-07 12:49:00,United Kingdom,16,221.06,64,0.46875,1243.46,3,1,1,5,At Risk,0
13420,150,2,159.85,2011-06-22 11:35:00,2011-07-13 08:48:00,United Kingdom,8,79.925,171,0.3508771929824561,336.53,2,2,1,5,At Risk,1
13421,40,2,1851.08,2011-02-22 15:46:00,2011-10-30 14:21:00,United Kingdom,88,925.54,290,0.20689655172413796,2297.89,3,2,4,9,Potential Loyalists,0
13422,64,1,2626.3,2011-10-06 13:42:00,2011-10-06 13:42:00,United Kingdom,127,2626.3,64,0.46875,14772.94,3,1,5,9,Potential Loyalists,0
13425,108,3,1624.21,2011-02-18 08:34:00,2011-08-23 17:13:00,United Kingdom,66,541.4033333333333,295,0.30508474576271183,1982.09,2,3,4,9,Potential Loyalists,1
13426,1,10,3641.32,2010-12-15 12:43:00,2011-12-09 08:59:00,United Kingdom,103,364.132,360,0.8333333333333334,3641.32,5,5,5,15,Champions,0
13427,19,3,582.6,2011-05-08 15:58:00,2011-11-20 13:02:00,United Kingdom,25,194.20000000000002,215,0.41860465116279066,975.52,4,3,3,10,Loyal Customers,0
13428,10,1,218.47,2011-11-29 14:20:00,2011-11-29 14:20:00,United Kingdom,70,218.47,10,1.0,2621.64,5,1,1,7,Potential Loyalists,0
13429,11,4,1006.8,2011-09-25 15:59:00,2011-11-29 09:10:00,United Kingdom,55,251.7,75,1.6,4832.64,5,4,4,13,Champions,0
13430,19,2,679.45,2011-09-14 14:26:00,2011-11-21 08:19:00,United Kingdom,48,339.725,86,0.6976744186046512,2844.21,4,2,3,9,Potential Loyalists,0
13431,67,2,1269.1,2011-09-12 11:25:00,2011-10-03 13:49:00,United Kingdom,44,634.55,89,0.6741573033707865,5133.44,3,2,4,9,Potential Loyalists,0
13434,74,2,534.24,2011-09-04 10:35:00,2011-09-26 14:30:00,United Kingdom,9,267.12,97,0.6185567010309279,1982.75,2,2,3,7,Potential Loyalists,0
13435,5,7,3809.8900000000003,2011-06-03 17:07:00,2011-12-04 14:45:00,United Kingdom,68,544.2700000000001,189,1.1111111111111112,7256.93,5,5,5,15,Champions,0
13436,2,1,196.89,2011-12-08 10:33:00,2011-12-08 10:33:00,United Kingdom,12,196.89,2,1.0,2362.68,5,1,1,7,Potential Loyalists,0
13437,14,7,3408.06,2011-06-02 14:30:00,2011-11-25 14:00:00,United Kingdom,143,486.86571428571426,190,1.105263157894737,6457.38,4,5,5,14,Champions,0
13439,255,1,283.71,2011-03-29 14:20:00,2011-03-29 14:20:00,United Kingdom,54,283.71,255,0.11764705882352941,400.53,1,1,2,4,Lost,1
13441,92,1,296.64,2011-09-09 09:38:00,2011-09-09 09:38:00,United Kingdom,13,296.64,92,0.32608695652173914,1160.77,2,1,2,5,At Risk,1
13447,23,3,1129.14,2011-11-04 10:10:00,2011-11-16 13:38:00,United Kingdom,55,376.38000000000005,36,2.5,11291.4,4,3,4,11,Loyal Customers,0
13448,17,6,3539.37,2010-12-01 10:52:00,2011-11-23 12:33:00,United Kingdom,137,589.895,374,0.48128342245989303,3406.88,4,5,5,14,Champions,0
13449,24,1,291.88,2011-11-16 08:28:00,2011-11-16 08:28:00,United Kingdom,19,291.88,24,1.0,3502.56,4,1,2,7,Potential Loyalists,0
13450,27,6,2043.7199999999998,2011-05-05 19:48:00,2011-11-13 11:54:00,United Kingdom,32,340.61999999999995,218,0.8256880733944955,3374.95,4,5,4,13,Champions,0
13451,26,5,2976.15,2011-01-09 15:35:00,2011-11-13 15:58:00,United Kingdom,315,595.23,334,0.44910179640718567,3207.83,4,4,5,13,Champions,0
13452,259,2,590.0,2011-03-14 11:38:00,2011-03-25 14:19:00,United Kingdom,1,295.0,271,0.22140221402214022,783.76,1,2,3,6,At Risk,1
13453,166,2,356.97999999999996,2011-02-23 09:44:00,2011-06-27 09:34:00,United Kingdom,16,178.48999999999998,290,0.20689655172413796,443.15,2,2,2,6,At Risk,1
13455,25,2,1058.34,2010-12-08 13:11:00,2011-11-15 11:21:00,United Kingdom,42,529.17,366,0.1639344262295082,1040.99,4,2,4,10,Loyal Customers,0
13456,18,6,1766.72,2011-05-16 15:34:00,2011-11-22 09:18:00,United Kingdom,43,294.4533333333333,207,0.8695652173913043,3072.56,4,5,4,13,Champions,0
13458,7,14,9646.57,2010-12-15 12:05:00,2011-12-02 15:29:00,United Kingdom,242,689.0407142857142,360,1.1666666666666667,9646.57,5,5,5,15,Champions,0
13460,29,2,183.44,2011-10-21 09:50:00,2011-11-10 17:17:00,United Kingdom,16,91.72,50,1.2,1320.77,4,2,1,7,Potential Loyalists,0
13461,39,3,1445.0,2011-06-29 10:23:00,2011-11-01 09:01:00,United Kingdom,14,481.6666666666667,164,0.5487804878048781,3171.95,3,3,4,10,Loyal Customers,0
13462,253,1,151.5,2011-04-01 11:20:00,2011-04-01 11:20:00,United Kingdom,9,151.5,253,0.11857707509881422,215.57,1,1,1,3,Lost,1
13464,58,1,674.68,2011-10-12 15:01:00,2011-10-12 15:01:00,United Kingdom,41,674.68,58,0.5172413793103449,4187.67,3,1,3,7,Potential Loyalists,0
13466,184,1,307.9,2011-06-08 16:39:00,2011-06-08 16:39:00,United Kingdom,17,307.9,184,0.16304347826086957,602.41,1,1,2,4,Lost,1
13467,11,2,1083.71,2011-11-03 16:56:00,2011-11-29 10:01:00,United Kingdom,89,541.855,36,1.6666666666666667,10837.1,5,2,4,11,Loyal Customers,0
13468,2,37,5704.97,2010-12-01 15:08:00,2011-12-08 10:39:00,United Kingdom,184,154.1883783783784,373,2.975871313672922,5506.14,5,5,5,15,Champions,0
13470,99,2,165.0,2011-08-16 17:06:00,2011-09-01 14:57:00,United Kingdom,7,82.5,115,0.5217391304347826,516.52,2,2,1,5,At Risk,1
13471,1,4,2531.58,2011-10-23 13:10:00,2011-12-08 15:44:00,United Kingdom,214,632.895,47,2.5531914893617023,19390.83,5,4,5,14,Champions,0
13473,61,2,422.64,2011-01-11 08:45:00,2011-10-10 11:20:00,United Kingdom,21,211.32,333,0.1801801801801802,456.91,3,2,2,7,Potential Loyalists,0
13474,236,1,229.59,2011-04-17 13:53:00,2011-04-17 13:53:00,United Kingdom,59,229.59,236,0.1271186440677966,350.22,1,1,1,3,Lost,1
13475,191,4,1431.78,2011-02-14 12:36:00,2011-06-01 13:52:00,United Kingdom,64,357.945,299,0.4013377926421405,1723.88,1,4,4,9,Potential Loyalists,1
13476,179,2,1238.47,2011-03-03 14:43:00,2011-06-14 12:00:00,United Kingdom,56,619.235,281,0.21352313167259784,1586.65,2,2,4,8,Potential Loyalists,1
13477,38,6,1454.58,2011-02-21 12:29:00,2011-11-02 12:04:00,United Kingdom,57,242.42999999999998,292,0.6164383561643836,1793.32,3,5,4,12,Loyal Customers,0
13479,201,2,300.95,2011-04-19 11:27:00,2011-05-23 10:45:00,United Kingdom,14,150.475,235,0.25531914893617025,461.03,1,2,2,5,At Risk,1
13481,46,5,1804.56,2011-03-28 09:07:00,2011-10-25 09:07:00,United Kingdom,98,360.912,257,0.5836575875486382,2527.79,3,4,4,11,Loyal Customers,0
13482,232,1,184.64,2011-04-21 17:03:00,2011-04-21 17:03:00,United Kingdom,11,184.64,232,0.12931034482758622,286.51,1,1,1,3,Lost,1
13483,66,1,140.34,2011-10-05 11:53:00,2011-10-05 11:53:00,United Kingdom,10,140.34,66,0.45454545454545453,765.49,3,1,1,5,At Risk,0
13484,241,1,313.8,2011-04-12 16:30:00,2011-04-12 16:30:00,United Kingdom,8,313.8,241,0.12448132780082988,468.75,1,1,2,4,Lost,1
13485,233,1,454.24,2011-04-20 13:58:00,2011-04-20 13:58:00,United Kingdom,23,454.24,233,0.12875536480686695,701.83,1,1,2,4,Lost,1
13486,78,3,1122.41,2011-07-07 17:19:00,2011-09-22 13:13:00,United Kingdom,69,374.1366666666667,155,0.5806451612903225,2606.89,2,3,4,9,Potential Loyalists,0
13487,58,3,575.4,2010-12-21 14:54:00,2011-10-13 12:07:00,United Kingdom,26,191.79999999999998,353,0.254957507082153,586.81,3,3,3,9,Potential Loyalists,0
13488,17,13,8968.31,2010-12-07 13:01:00,2011-11-22 14:41:00,United Kingdom,271,689.87,367,1.0626702997275206,8797.25,4,5,5,14,Champions,0
13489,105,4,449.52,2011-02-18 10:42:00,2011-08-26 13:16:00,United Kingdom,11,112.38,295,0.4067796610169491,548.57,2,4,2,8,Potential Loyalists,1
13491,52,10,1215.82,2010-12-02 14:30:00,2011-10-19 08:32:00,United Kingdom,73,121.582,372,0.8064516129032258,1176.6,3,5,4,12,Loyal Customers,0
13492,136,3,1269.84,2011-05-09 10:06:00,2011-07-26 14:25:00,Switzerland,38,423.28,215,0.41860465116279066,2126.24,2,3,4,9,Potential Loyalists,1
13493,275,2,618.63,2011-02-25 16:42:00,2011-03-09 15:35:00,Switzerland,6,309.315,287,0.20905923344947736,775.98,1,2,3,6,At Risk,1
13494,312,1,316.26000000000005,2011-02-01 11:58:00,2011-02-01 11:58:00,United Kingdom,18,316.26000000000005,312,0.09615384615384615,364.92,1,1,2,4,Lost,1
13495,8,5,2044.8700000000001,2010-12-06 15:14:00,2011-12-02 11:21:00,United Kingdom,34,408.97400000000005,368,0.4076086956521739,2000.42,5,4,4,13,Champions,0
13496,11,2,653.33,2010-12-15 10:17:00,2011-11-29 10:58:00,United Kingdom,28,326.665,360,0.16666666666666666,653.33,5,2,3,10,Loyal Customers,0
13497,283,2,348.05,2010-12-06 11:37:00,2011-03-02 09:04:00,United Kingdom,19,174.025,369,0.16260162601626016,339.56,1,2,2,5,At Risk,1
13499,18,5,1159.11,2011-03-15 08:52:00,2011-11-22 11:21:00,United Kingdom,31,231.82199999999997,270,0.5555555555555556,1545.48,4,4,4,12,Loyal Customers,0
13500,23,3,1166.77,2011-08-09 12:20:00,2011-11-16 15:35:00,United Kingdom,60,388.92333333333335,123,0.7317073170731708,3414.94,4,3,4,11,Loyal Customers,0
13501,288,1,1340.32,2011-02-24 18:59:00,2011-02-24 18:59:00,Switzerland,52,1340.32,288,0.10416666666666667,1675.4,1,1,4,6,At Risk,1
13502,17,3,292.0,2011-01-20 09:03:00,2011-11-23 10:39:00,United Kingdom,17,97.33333333333333,324,0.27777777777777773,324.44,4,3,2,9,Potential Loyalists,0
13503,71,1,216.85,2011-09-29 13:23:00,2011-09-29 13:23:00,United Kingdom,17,216.85,71,0.4225352112676056,1099.52,3,1,1,5,At Risk,0
13504,64,1,295.93,2011-10-06 13:20:00,2011-10-06 13:20:00,United Kingdom,22,295.93,64,0.46875,1664.61,3,1,2,6,At Risk,0
13505,73,4,4393.63,2011-04-21 12:07:00,2011-09-28 11:56:00,Switzerland,182,1098.4075,233,0.5150214592274678,6788.44,2,4,5,11,Loyal Customers,0
13506,316,2,458.52,2010-12-05 12:15:00,2011-01-27 13:53:00,United Kingdom,26,229.26,370,0.16216216216216214,446.13,1,2,2,5,At Risk,1
13507,3,4,2479.16,2011-07-17 11:50:00,2011-12-06 13:13:00,United Kingdom,146,619.79,146,0.8219178082191781,6113.0,5,4,5,14,Champions,0
13508,244,1,110.97,2011-04-10 11:58:00,2011-04-10 11:58:00,United Kingdom,12,110.97,244,0.12295081967213116,163.73,1,1,1,3,Lost,1
13509,9,7,979.72,2011-02-28 13:27:00,2011-12-01 10:10:00,United Kingdom,27,139.96,284,0.7394366197183099,1241.9,5,5,4,14,Champions,0
13510,1,4,1791.56,2011-06-09 09:32:00,2011-12-08 13:46:00,United Kingdom,86,447.89,184,0.6521739130434783,3505.23,5,4,4,13,Champions,0
13512,261,1,251.21,2011-03-24 10:03:00,2011-03-24 10:03:00,United Kingdom,15,251.21,261,0.1149425287356322,346.5,1,1,2,4,Lost,1
13513,127,1,205.1,2011-08-05 11:50:00,2011-08-05 11:50:00,United Kingdom,10,205.1,127,0.23622047244094488,581.39,2,1,1,4,Lost,1
13514,74,1,152.20000000000002,2011-09-27 09:39:00,2011-09-27 09:39:00,United Kingdom,4,152.20000000000002,74,0.4054054054054054,740.43,2,1,1,4,Lost,0
13515,73,4,891.12,2011-04-06 10:33:00,2011-09-28 11:26:00,United Kingdom,50,222.78,248,0.48387096774193544,1293.56,2,4,3,9,Potential Loyalists,0
13516,21,3,1389.41,2011-04-15 11:06:00,2011-11-18 13:15:00,United Kingdom,43,463.1366666666667,239,0.37656903765690375,2092.84,4,3,4,11,Loyal Customers,0
13517,60,3,2128.42,2011-06-13 08:44:00,2011-10-11 11:43:00,United Kingdom,125,709.4733333333334,180,0.5,4256.84,3,3,5,11,Loyal Customers,0
13518,86,1,659.4399999999999,2011-09-15 10:29:00,2011-09-15 10:29:00,United Kingdom,36,659.4399999999999,86,0.3488372093023256,2760.45,2,1,3,6,At Risk,0
13519,78,1,122.75,2011-09-22 18:24:00,2011-09-22 18:24:00,United Kingdom,8,122.75,78,0.3846153846153846,566.54,2,1,1,4,Lost,0
13520,59,6,3624.35,2010-12-03 10:36:00,2011-10-12 10:20:00,Switzerland,49,604.0583333333333,372,0.48387096774193544,3507.44,3,5,5,13,Champions,0
13521,1,3,1093.65,2011-11-29 15:09:00,2011-12-08 13:50:00,United Kingdom,313,364.55,10,3.0,13123.8,5,3,4,12,Loyal Customers,0
13522,30,1,125.80000000000001,2011-11-09 15:11:00,2011-11-09 15:11:00,United Kingdom,5,125.80000000000001,30,1.0,1509.6,4,1,1,6,At Risk,0
13523,33,5,3964.88,2010-12-08 14:22:00,2011-11-06 15:11:00,United Kingdom,157,792.976,366,0.4098360655737705,3899.88,4,4,5,13,Champions,0
13524,41,5,680.1800000000001,2011-05-04 12:26:00,2011-10-30 12:34:00,United Kingdom,17,136.036,220,0.6818181818181819,1113.02,3,4,3,10,Loyal Customers,0
13525,15,2,628.78,2011-04-05 15:36:00,2011-11-25 12:01:00,United Kingdom,5,314.39,248,0.24193548387096772,912.75,4,2,3,9,Potential Loyalists,0
13527,34,7,2287.51,2011-01-17 11:17:00,2011-11-06 12:04:00,United Kingdom,153,326.7871428571429,327,0.6422018348623852,2518.36,3,5,5,13,Champions,0
13529,79,2,307.76,2011-05-19 11:50:00,2011-09-22 09:15:00,United Kingdom,15,153.88,205,0.29268292682926833,540.46,2,2,2,6,At Risk,0
13531,205,2,483.8,2010-12-08 15:03:00,2011-05-18 16:56:00,United Kingdom,17,241.9,366,0.1639344262295082,475.87,1,2,2,5,At Risk,1
13532,34,1,210.31,2011-11-06 12:25:00,2011-11-06 12:25:00,United Kingdom,66,210.31,34,0.8823529411764706,2226.81,3,1,1,5,At Risk,0
13533,183,3,270.79,2011-03-17 12:47:00,2011-06-10 11:54:00,United Kingdom,61,90.26333333333334,268,0.33582089552238803,363.75,1,3,2,6,At Risk,1
13534,2,25,5870.08,2010-12-16 15:23:00,2011-12-07 14:52:00,United Kingdom,119,234.8032,358,2.094972067039106,5902.87,5,5,5,15,Champions,0
13536,1,7,3448.29,2011-09-25 13:30:00,2011-12-08 16:38:00,United Kingdom,91,492.61285714285714,75,2.8,16551.79,5,5,5,15,Champions,0
13538,43,7,1280.85,2011-01-28 10:40:00,2011-10-27 16:34:00,United Kingdom,10,182.97857142857143,316,0.6645569620253164,1459.2,3,5,4,12,Loyal Customers,0
13539,86,3,631.34,2011-02-03 15:23:00,2011-09-15 10:18:00,United Kingdom,35,210.4466666666667,309,0.2912621359223301,735.54,2,3,3,8,Potential Loyalists,0
13544,40,2,291.41,2011-04-13 12:09:00,2011-10-31 11:57:00,United Kingdom,76,145.705,241,0.24896265560165975,435.3,3,2,2,7,Potential Loyalists,0
13546,12,3,626.99,2011-05-23 12:14:00,2011-11-27 14:50:00,United Kingdom,72,208.99666666666667,201,0.44776119402985076,1122.97,5,3,3,11,Loyal Customers,0
13548,96,2,682.41,2011-04-10 11:35:00,2011-09-04 14:50:00,United Kingdom,114,341.205,244,0.24590163934426232,1006.83,2,2,3,7,Potential Loyalists,1
13549,26,7,918.2,2011-04-11 13:42:00,2011-11-14 09:20:00,United Kingdom,37,131.17142857142858,242,0.8677685950413223,1365.92,4,5,3,12,Loyal Customers,0
13551,319,1,91.80000000000001,2011-01-24 14:46:00,2011-01-24 14:46:00,United Kingdom,4,91.80000000000001,319,0.09404388714733543,103.6,1,1,1,3,Lost,1
13552,66,12,3740.07,2011-01-28 10:10:00,2011-10-04 15:19:00,United Kingdom,82,311.6725,316,1.139240506329114,4260.84,3,5,5,13,Champions,0
13555,74,4,4149.28,2011-05-22 11:06:00,2011-09-27 12:36:00,United Kingdom,128,1037.32,202,0.594059405940594,7394.76,2,4,5,11,Loyal Customers,0
13557,28,2,584.06,2011-03-04 12:14:00,2011-11-11 15:24:00,United Kingdom,31,292.03,281,0.21352313167259784,748.26,4,2,3,9,Potential Loyalists,0
13558,6,4,605.06,2011-10-02 13:01:00,2011-12-04 11:24:00,United Kingdom,123,151.265,68,1.7647058823529411,3203.26,5,4,3,12,Loyal Customers,0
13560,7,1,174.37,2011-12-02 13:11:00,2011-12-02 13:11:00,United Kingdom,32,174.37,7,1.0,2092.44,5,1,1,7,Potential Loyalists,0
13561,216,1,141.85999999999999,2011-05-08 12:39:00,2011-05-08 12:39:00,United Kingdom,14,141.85999999999999,216,0.1388888888888889,236.43,1,1,1,3,Lost,1
13562,82,3,1799.33,2011-04-08 12:42:00,2011-09-19 10:51:00,United Kingdom,50,599.7766666666666,246,0.3658536585365854,2633.17,2,3,4,9,Potential Loyalists,0
13563,84,2,777.53,2011-07-22 17:21:00,2011-09-16 14:45:00,United Kingdom,49,388.765,140,0.42857142857142855,1999.36,2,2,3,7,Potential Loyalists,0
13564,144,3,1749.02,2010-12-06 17:26:00,2011-07-18 14:33:00,United Kingdom,68,583.0066666666667,368,0.24456521739130432,1711.0,2,3,4,9,Potential Loyalists,1
13565,19,2,240.22,2011-01-09 14:28:00,2011-11-20 14:33:00,United Kingdom,35,120.11,334,0.17964071856287425,258.92,4,2,1,7,Potential Loyalists,0
13566,41,2,874.71,2011-09-18 12:40:00,2011-10-30 11:59:00,United Kingdom,134,437.355,83,0.7228915662650602,3793.92,3,2,3,8,Potential Loyalists,0
13568,173,1,192.85,2011-06-19 14:42:00,2011-06-19 14:42:00,United Kingdom,41,192.85,173,0.17341040462427745,401.31,2,1,1,4,Lost,1
13569,17,2,373.75,2010-12-07 12:29:00,2011-11-22 13:07:00,United Kingdom,73,186.875,368,0.16304347826086957,365.62,4,2,2,8,Potential Loyalists,0
13570,243,1,239.49,2011-04-10 13:36:00,2011-04-10 13:36:00,United Kingdom,27,239.49,243,0.1234567901234568,354.8,1,1,1,3,Lost,1
13571,13,12,2092.32,2011-03-31 12:43:00,2011-11-27 10:47:00,United Kingdom,157,174.36,254,1.4173228346456692,2965.49,5,5,5,15,Champions,0
13572,206,1,1384.25,2011-05-18 11:59:00,2011-05-18 11:59:00,United Kingdom,32,1384.25,206,0.14563106796116507,2419.08,1,1,4,6,At Risk,1
13573,50,2,294.4,2011-03-31 14:47:00,2011-10-20 14:33:00,United Kingdom,24,147.2,253,0.23715415019762845,418.91,3,2,2,7,Potential Loyalists,0
13575,23,5,732.0699999999999,2011-06-16 14:24:00,2011-11-16 13:14:00,United Kingdom,41,146.414,176,0.8522727272727273,1497.42,4,4,3,11,Loyal Customers,0
13576,10,18,6717.34,2010-12-01 17:24:00,2011-11-29 15:34:00,United Kingdom,78,373.18555555555554,373,1.447721179624665,6483.22,5,5,5,15,Champions,0
13577,25,4,1687.6000000000001,2011-04-12 10:33:00,2011-11-14 15:19:00,United Kingdom,61,421.90000000000003,242,0.49586776859504134,2510.48,4,4,4,12,Loyal Customers,0
13579,15,2,467.04,2010-12-05 16:10:00,2011-11-25 08:41:00,United Kingdom,19,233.52,369,0.16260162601626016,455.65,4,2,2,8,Potential Loyalists,0
13581,309,1,118.0,2011-02-03 14:41:00,2011-02-03 14:41:00,United Kingdom,10,118.0,309,0.0970873786407767,137.48,1,1,1,3,Lost,1
13583,156,1,781.03,2011-07-07 10:40:00,2011-07-07 10:40:00,United Kingdom,53,781.03,156,0.1923076923076923,1802.38,2,1,3,6,At Risk,1
13584,307,1,142.4,2011-02-06 12:49:00,2011-02-06 12:49:00,United Kingdom,24,142.4,307,0.09771986970684039,166.98,1,1,1,3,Lost,1
13587,64,1,712.4,2011-10-07 12:31:00,2011-10-07 12:31:00,United Kingdom,8,712.4,64,0.46875,4007.25,3,1,3,7,Potential Loyalists,0
13588,16,9,2478.95,2011-03-29 15:53:00,2011-11-24 10:42:00,United Kingdom,131,275.43888888888887,255,1.0588235294117647,3499.69,4,5,5,14,Champions,0
13589,15,2,379.65,2011-06-13 12:44:00,2011-11-25 12:10:00,United Kingdom,21,189.825,180,0.3333333333333333,759.3,4,2,2,8,Potential Loyalists,0
13590,11,6,1981.92,2011-02-09 13:25:00,2011-11-28 12:54:00,United Kingdom,70,330.32,303,0.594059405940594,2354.76,5,5,4,14,Champions,0
13591,65,3,1117.13,2011-03-18 12:18:00,2011-10-06 12:26:00,United Kingdom,56,372.3766666666667,267,0.33707865168539325,1506.24,3,3,4,10,Loyal Customers,0
13592,36,4,247.95999999999998,2011-03-20 14:01:00,2011-11-04 09:49:00,United Kingdom,15,61.989999999999995,264,0.45454545454545453,338.13,3,4,1,8,Potential Loyalists,0
13593,108,5,2037.0800000000002,2011-01-07 16:32:00,2011-08-23 13:35:00,United Kingdom,77,407.41600000000005,336,0.44642857142857145,2182.59,2,4,4,10,Loyal Customers,1
13594,53,1,396.97,2011-10-18 10:19:00,2011-10-18 10:19:00,United Kingdom,26,396.97,53,0.5660377358490566,2696.4,3,1,2,6,At Risk,0
13596,6,2,697.04,2011-11-27 11:57:00,2011-12-04 12:01:00,United Kingdom,133,348.52,13,2.0,8364.48,5,2,3,10,Loyal Customers,0
13598,47,1,180.17000000000002,2011-10-23 14:28:00,2011-10-23 14:28:00,United Kingdom,33,180.17000000000002,47,0.6382978723404256,1380.03,3,1,1,5,At Risk,0
13599,1,21,5153.67,2010-12-08 10:11:00,2011-12-08 16:10:00,United Kingdom,171,245.41285714285715,367,1.7166212534059946,5055.37,5,5,5,15,Champions,0
13600,312,1,219.52,2011-01-31 15:27:00,2011-01-31 15:27:00,United Kingdom,19,219.52,312,0.09615384615384615,253.29,1,1,1,3,Lost,1
13601,45,2,693.32,2011-05-12 16:52:00,2011-10-25 17:31:00,United Kingdom,90,346.66,211,0.2843601895734597,1182.92,3,2,3,8,Potential Loyalists,0
13602,65,1,428.89,2011-10-06 11:47:00,2011-10-06 11:47:00,United Kingdom,23,428.89,65,0.46153846153846156,2375.39,3,1,2,6,At Risk,0
13603,26,1,164.34,2011-11-13 15:57:00,2011-11-13 15:57:00,United Kingdom,27,164.34,26,1.0,1972.08,4,1,1,6,At Risk,0
13606,29,3,280.53999999999996,2011-02-01 11:42:00,2011-11-10 17:46:00,United Kingdom,40,93.51333333333332,312,0.28846153846153844,323.7,4,3,2,9,Potential Loyalists,0
13607,40,1,678.01,2011-10-30 16:17:00,2011-10-30 16:17:00,United Kingdom,93,678.01,40,0.75,6102.09,3,1,3,7,Potential Loyalists,0
13610,12,7,1131.88,2011-02-27 14:44:00,2011-11-27 15:38:00,United Kingdom,165,161.69714285714286,285,0.7368421052631579,1429.74,5,5,4,14,Champions,0
13611,89,3,1171.8,2010-12-15 10:31:00,2011-09-11 14:51:00,United Kingdom,67,390.59999999999997,360,0.25,1171.8,2,3,4,9,Potential Loyalists,0
13614,24,4,1610.46,2011-01-13 12:37:00,2011-11-15 14:47:00,United Kingdom,171,402.615,331,0.36253776435045315,1751.56,4,4,4,12,Loyal Customers,0
13615,319,1,417.69,2011-01-25 08:21:00,2011-01-25 08:21:00,United Kingdom,23,417.69,319,0.09404388714733543,471.37,1,1,2,4,Lost,1
13617,40,3,544.18,2011-06-12 12:55:00,2011-10-30 13:50:00,United Kingdom,31,181.39333333333332,180,0.5,1088.36,3,3,3,9,Potential Loyalists,0
13618,174,1,177.34,2011-06-19 11:09:00,2011-06-19 11:09:00,United Kingdom,13,177.34,174,0.1724137931034483,366.91,2,1,1,4,Lost,1
13621,117,1,213.85,2011-08-15 08:26:00,2011-08-15 08:26:00,United Kingdom,19,213.85,117,0.25641025641025644,658.0,2,1,1,4,Lost,1
13623,31,5,747.78,2011-02-15 13:08:00,2011-11-09 12:00:00,United Kingdom,75,149.55599999999998,297,0.5050505050505051,906.4,4,4,3,11,Loyal Customers,0
13626,253,1,257.23,2011-04-01 10:05:00,2011-04-01 10:05:00,United Kingdom,19,257.23,253,0.11857707509881422,366.02,1,1,2,4,Lost,1
13627,59,5,1638.47,2010-12-17 09:52:00,2011-10-11 14:20:00,United Kingdom,84,327.694,358,0.41899441340782123,1647.62,3,4,4,11,Loyal Customers,0
13629,23,11,7792.36,2011-01-05 12:09:00,2011-11-16 13:21:00,United Kingdom,28,708.3963636363636,339,0.9734513274336283,8275.07,4,5,5,14,Champions,0
13630,5,7,2031.78,2011-02-27 12:49:00,2011-12-04 15:16:00,United Kingdom,51,290.2542857142857,286,0.7342657342657343,2557.49,5,5,4,14,Champions,0
13631,100,11,3070.42,2011-03-17 17:13:00,2011-09-01 09:57:00,United Kingdom,6,279.1290909090909,267,1.2359550561797752,4139.89,2,5,5,12,Loyal Customers,1
13632,25,5,2121.27,2011-04-10 15:07:00,2011-11-15 10:51:00,United Kingdom,121,424.254,243,0.617283950617284,3142.62,4,4,5,13,Champions,0
13634,33,5,1575.16,2011-01-16 15:30:00,2011-11-06 13:40:00,United Kingdom,156,315.03200000000004,327,0.4587155963302752,1734.12,4,4,4,12,Loyal Customers,0
13635,68,1,1071.03,2011-10-03 10:55:00,2011-10-03 10:55:00,United Kingdom,62,1071.03,68,0.4411764705882353,5670.16,3,1,4,8,Potential Loyalists,0
13636,37,5,949.12,2011-02-27 14:29:00,2011-11-03 10:30:00,United Kingdom,57,189.824,285,0.5263157894736842,1198.89,3,4,4,11,Loyal Customers,0
13637,52,3,810.5,2011-04-27 13:06:00,2011-10-18 13:32:00,United Kingdom,79,270.1666666666667,226,0.39823008849557523,1291.06,3,3,3,9,Potential Loyalists,0
13638,16,1,122.64,2011-11-24 10:38:00,2011-11-24 10:38:00,United Kingdom,8,122.64,16,1.0,1471.68,4,1,1,6,At Risk,0
13639,74,1,1033.34,2011-09-26 13:36:00,2011-09-26 13:36:00,United Kingdom,39,1033.34,74,0.4054054054054054,5027.06,2,1,4,7,Potential Loyalists,0
13642,216,1,354.8,2011-05-08 12:34:00,2011-05-08 12:34:00,United Kingdom,57,354.8,216,0.1388888888888889,591.33,1,1,2,4,Lost,1
13643,31,3,519.44,2011-06-07 11:40:00,2011-11-08 15:37:00,United Kingdom,24,173.14666666666668,186,0.48387096774193544,1005.37,4,3,3,10,Loyal Customers,0
13644,16,4,2624.26,2011-08-26 11:53:00,2011-11-23 14:07:00,United Kingdom,144,656.065,106,1.1320754716981132,8912.58,4,4,5,13,Champions,0
13645,120,1,252.1,2011-08-11 16:11:00,2011-08-11 16:11:00,United Kingdom,5,252.1,120,0.25,756.3,2,1,2,5,At Risk,1
13647,10,4,1678.1200000000001,2011-04-19 09:49:00,2011-11-30 12:00:00,United Kingdom,65,419.53000000000003,235,0.5106382978723405,2570.74,5,4,4,13,Champions,0
13649,257,2,346.6,2010-12-08 14:46:00,2011-03-28 11:51:00,United Kingdom,23,173.3,366,0.1639344262295082,340.92,1,2,2,5,At Risk,1
13650,17,6,1836.34,2011-03-17 12:37:00,2011-11-23 12:22:00,United Kingdom,79,306.0566666666667,268,0.6716417910447761,2466.73,4,5,4,13,Champions,0
13651,35,2,94.2,2011-10-31 12:11:00,2011-11-04 14:59:00,United Kingdom,6,47.1,40,1.5,847.8,3,2,1,6,At Risk,0
13652,46,3,1095.08,2010-12-06 09:21:00,2011-10-25 08:51:00,United Kingdom,48,365.02666666666664,369,0.24390243902439024,1068.37,3,3,4,10,Loyal Customers,0
13654,43,6,2707.33,2011-03-11 12:54:00,2011-10-27 16:24:00,United Kingdom,157,451.22166666666664,273,0.6593406593406593,3570.11,3,5,5,13,Champions,0
13655,114,2,932.97,2011-04-12 09:53:00,2011-08-17 14:25:00,United Kingdom,52,466.485,242,0.24793388429752067,1387.89,2,2,3,7,Potential Loyalists,1
13656,165,2,379.65,2011-01-06 15:42:00,2011-06-28 10:31:00,United Kingdom,49,189.825,337,0.17804154302670624,405.56,2,2,2,6,At Risk,1
13657,11,2,382.14,2011-05-22 12:35:00,2011-11-29 12:32:00,United Kingdom,16,191.07,202,0.297029702970297,681.04,5,2,2,9,Potential Loyalists,0
13658,10,5,2639.17,2011-05-19 17:15:00,2011-11-30 10:13:00,United Kingdom,91,527.8340000000001,204,0.7352941176470589,4657.36,5,4,5,14,Champions,0
13659,206,2,1573.2,2011-01-23 12:08:00,2011-05-18 12:37:00,United Kingdom,92,786.6,321,0.1869158878504673,1764.34,1,2,4,7,Potential Loyalists,1
13662,86,3,897.76,2011-03-25 13:23:00,2011-09-15 12:04:00,United Kingdom,50,299.25333333333333,259,0.3474903474903475,1247.85,2,3,3,8,Potential Loyalists,0
13663,179,1,189.47,2011-06-13 15:44:00,2011-06-13 15:44:00,United Kingdom,13,189.47,179,0.16759776536312848,381.06,2,1,1,4,Lost,1
13666,60,3,84.65,2011-02-25 13:05:00,2011-10-10 15:39:00,United Kingdom,12,28.21666666666667,287,0.31358885017421606,106.18,3,3,1,7,Potential Loyalists,0
13667,149,1,305.02,2011-07-13 15:42:00,2011-07-13 15:42:00,United Kingdom,82,305.02,149,0.20134228187919462,736.96,2,1,2,5,At Risk,1
13668,3,21,6363.59,2010-12-12 12:35:00,2011-12-07 12:11:00,United Kingdom,284,303.02809523809526,363,1.7355371900826446,6311.0,5,5,5,15,Champions,0
13669,51,2,218.55,2011-07-13 11:44:00,2011-10-20 09:32:00,United Kingdom,9,109.275,150,0.4,524.52,3,2,1,6,At Risk,0
13670,75,1,349.7,2011-09-25 15:25:00,2011-09-25 15:25:00,United Kingdom,25,349.7,75,0.4,1678.56,2,1,2,5,At Risk,0
13672,301,2,186.39000000000001,2011-01-11 13:54:00,2011-02-11 13:53:00,United Kingdom,4,93.19500000000001,332,0.18072289156626506,202.11,1,2,1,4,Lost,1
13673,19,2,396.92,2011-11-07 15:40:00,2011-11-21 12:11:00,United Kingdom,47,198.46,32,1.875,4465.35,4,2,2,8,Potential Loyalists,0
13675,151,2,486.82000000000005,2011-02-28 12:14:00,2011-07-11 12:57:00,United Kingdom,25,243.41000000000003,285,0.21052631578947367,614.93,2,2,2,6,At Risk,1
13678,152,1,232.6,2011-07-11 10:14:00,2011-07-11 10:14:00,United Kingdom,16,232.6,152,0.19736842105263158,550.89,2,1,1,4,Lost,1
13680,1,4,3722.42,2011-01-04 14:12:00,2011-12-08 13:47:00,United Kingdom,164,930.605,339,0.35398230088495575,3953.01,5,4,5,14,Champions,0
13681,18,4,827.83,2011-07-07 15:21:00,2011-11-22 11:13:00,United Kingdom,37,206.9575,155,0.7741935483870968,1922.7,4,4,3,11,Loyal Customers,0
13682,187,1,59.5,2011-06-05 14:06:00,2011-06-05 14:06:00,United Kingdom,3,59.5,187,0.16042780748663102,114.55,1,1,1,3,Lost,1
13684,286,1,67.23,2011-02-27 10:13:00,2011-02-27 10:13:00,United Kingdom,29,67.23,286,0.1048951048951049,84.63,1,1,1,3,Lost,1
13685,3,7,3119.44,2011-10-10 12:59:00,2011-12-07 11:41:00,United Kingdom,29,445.63428571428574,60,3.5,18716.64,5,5,5,15,Champions,0
13686,183,1,72.0,2011-06-10 09:10:00,2011-06-10 09:10:00,United Kingdom,8,72.0,183,0.1639344262295082,141.64,1,1,1,3,Lost,1
13689,63,1,910.0,2011-10-07 13:21:00,2011-10-07 13:21:00,United Kingdom,6,910.0,63,0.47619047619047616,5200.0,3,1,3,7,Potential Loyalists,0
13690,59,1,172.25,2011-10-11 15:03:00,2011-10-11 15:03:00,United Kingdom,9,172.25,59,0.5084745762711864,1051.02,3,1,1,5,At Risk,0
13692,25,3,1488.32,2011-04-17 12:57:00,2011-11-15 11:17:00,United Kingdom,48,496.1066666666666,236,0.38135593220338987,2270.32,4,3,4,11,Loyal Customers,0
13694,4,50,65039.62,2010-12-01 12:12:00,2011-12-06 09:32:00,United Kingdom,366,1300.7924,374,4.010695187165775,62604.98,5,5,5,15,Champions,0
13695,31,15,2504.13,2011-03-25 11:31:00,2011-11-08 14:26:00,United Kingdom,46,166.942,260,1.7307692307692308,3467.26,4,5,5,14,Champions,0
13697,39,1,151.29999999999998,2011-11-01 09:14:00,2011-11-01 09:14:00,United Kingdom,12,151.29999999999998,39,0.7692307692307692,1396.62,3,1,1,5,At Risk,0
13699,155,1,308.58000000000004,2011-07-07 16:51:00,2011-07-07 16:51:00,United Kingdom,14,308.58000000000004,155,0.1935483870967742,716.7,2,1,2,5,At Risk,1
13700,26,10,2265.12,2011-01-16 13:18:00,2011-11-13 13:00:00,United Kingdom,139,226.512,327,0.9174311926605504,2493.71,4,5,5,14,Champions,0
13703,318,1,99.5,2011-01-25 13:10:00,2011-01-25 13:10:00,United Kingdom,1,99.5,318,0.09433962264150944,112.64,1,1,1,3,Lost,1
13704,5,9,2308.06,2011-09-12 14:40:00,2011-12-04 15:13:00,United Kingdom,111,256.4511111111111,88,3.0681818181818183,9442.06,5,5,5,15,Champions,0
13705,8,3,711.86,2010-12-01 10:29:00,2011-12-02 12:32:00,United Kingdom,25,237.28666666666666,374,0.24064171122994651,685.21,5,3,3,11,Loyal Customers,0
13706,303,1,330.79,2011-02-10 09:21:00,2011-02-10 09:21:00,United Kingdom,20,330.79,303,0.09900990099009901,393.02,1,1,2,4,Lost,1
13707,267,2,806.41,2011-01-28 13:27:00,2011-03-17 18:03:00,United Kingdom,48,403.205,315,0.19047619047619047,921.61,1,2,3,6,At Risk,1
13708,271,1,296.88,2011-03-13 13:46:00,2011-03-13 13:46:00,United Kingdom,49,296.88,271,0.11070110701107011,394.38,1,1,2,4,Lost,1
13709,4,13,6328.05,2011-01-28 14:57:00,2011-12-06 10:28:00,United Kingdom,244,486.7730769230769,315,1.2380952380952381,7232.06,5,5,5,15,Champions,0
13710,32,1,180.48,2011-11-08 08:16:00,2011-11-08 08:16:00,United Kingdom,8,180.48,32,0.9375,2030.4,4,1,1,6,At Risk,0
13711,219,2,252.06,2011-05-05 10:29:00,2011-05-05 10:31:00,United Kingdom,11,126.03,219,0.273972602739726,414.35,1,2,2,5,At Risk,1
13712,247,1,228.84,2011-04-07 12:33:00,2011-04-07 12:33:00,United Kingdom,10,228.84,247,0.12145748987854252,333.53,1,1,1,3,Lost,1
13715,281,5,1079.34,2010-12-02 08:52:00,2011-03-03 19:21:00,United Kingdom,89,215.868,373,0.40214477211796246,1041.72,1,4,4,9,Potential Loyalists,1
13716,269,1,138.28,2011-03-15 13:49:00,2011-03-15 13:49:00,United Kingdom,21,138.28,269,0.11152416356877323,185.06,1,1,1,3,Lost,1
13717,32,6,1445.01,2011-02-14 13:21:00,2011-11-07 14:13:00,United Kingdom,92,240.835,298,0.6040268456375839,1745.65,4,5,4,13,Champions,0
13718,246,2,306.55,2011-02-17 11:58:00,2011-04-07 13:24:00,United Kingdom,9,153.275,296,0.2027027027027027,372.83,1,2,2,5,At Risk,1
13719,15,5,1041.68,2011-04-19 13:56:00,2011-11-24 15:26:00,United Kingdom,56,208.336,234,0.6410256410256411,1602.58,4,4,4,12,Loyal Customers,0
13720,117,4,799.9,2011-03-30 09:17:00,2011-08-15 12:46:00,United Kingdom,42,199.975,255,0.47058823529411764,1129.27,2,4,3,9,Potential Loyalists,1
13721,36,1,524.14,2011-11-03 14:05:00,2011-11-03 14:05:00,United Kingdom,28,524.14,36,0.8333333333333334,5241.4,3,1,3,7,Potential Loyalists,0
13722,132,3,2375.41,2011-03-02 11:43:00,2011-07-31 12:44:00,United Kingdom,75,791.8033333333333,283,0.31802120141342755,3021.72,2,3,5,10,Loyal Customers,1
13723,217,1,199.85000000000002,2011-05-06 17:04:00,2011-05-06 17:04:00,United Kingdom,6,199.85000000000002,217,0.1382488479262673,331.55,1,1,1,3,Lost,1
13725,50,8,1980.56,2011-02-04 12:18:00,2011-10-21 10:03:00,United Kingdom,95,247.57,309,0.7766990291262136,2307.45,3,5,4,12,Loyal Customers,0
13726,39,2,1079.6599999999999,2011-08-31 11:06:00,2011-11-01 10:49:00,United Kingdom,39,539.8299999999999,101,0.594059405940594,3848.29,3,2,4,9,Potential Loyalists,0
13727,29,2,333.48,2011-11-06 12:16:00,2011-11-11 09:46:00,United Kingdom,19,166.74,34,1.7647058823529411,3530.96,4,2,2,8,Potential Loyalists,0
13728,37,6,1016.14,2011-02-02 12:09:00,2011-11-03 10:49:00,United Kingdom,38,169.35666666666665,311,0.5787781350482315,1176.24,3,5,4,12,Loyal Customers,0
13730,136,2,752.6,2011-07-01 12:47:00,2011-07-27 08:35:00,United Kingdom,38,376.3,162,0.37037037037037035,1672.44,2,2,3,7,Potential Loyalists,1
13731,219,2,610.59,2011-04-07 10:10:00,2011-05-04 14:33:00,United Kingdom,36,305.295,247,0.24291497975708504,889.93,1,2,3,6,At Risk,1
13732,28,1,491.86,2011-11-11 15:49:00,2011-11-11 15:49:00,United Kingdom,33,491.86,28,1.0,5902.32,4,1,3,8,Potential Loyalists,0
13735,25,4,2885.2400000000002,2011-04-19 13:49:00,2011-11-15 11:14:00,United Kingdom,158,721.3100000000001,234,0.5128205128205129,4438.83,4,4,5,13,Champions,0
13736,5,2,731.9,2011-03-24 13:04:00,2011-12-04 15:19:00,United Kingdom,166,365.95,260,0.23076923076923078,1013.4,5,2,3,10,Loyal Customers,0
13737,200,1,339.59999999999997,2011-05-23 16:32:00,2011-05-23 16:32:00,United Kingdom,29,339.59999999999997,200,0.15,611.28,1,1,2,4,Lost,1
13739,18,1,216.9,2011-11-21 13:35:00,2011-11-21 13:35:00,United Kingdom,3,216.9,18,1.0,2602.8,4,1,1,6,At Risk,0
13740,241,1,350.75,2011-04-13 10:32:00,2011-04-13 10:32:00,United Kingdom,23,350.75,241,0.12448132780082988,523.94,1,1,2,4,Lost,1
13741,72,3,668.4300000000001,2011-05-06 13:43:00,2011-09-29 09:19:00,United Kingdom,34,222.81000000000003,217,0.4147465437788018,1108.92,3,3,3,9,Potential Loyalists,0
13742,17,12,3131.02,2011-01-23 14:59:00,2011-11-23 11:07:00,United Kingdom,200,260.91833333333335,320,1.125,3522.4,4,5,5,14,Champions,0
13743,3,7,1341.6,2011-03-25 14:46:00,2011-12-07 10:09:00,United Kingdom,8,191.65714285714284,259,0.8108108108108109,1864.77,5,5,4,14,Champions,0
13744,95,2,1156.36,2011-02-20 14:08:00,2011-09-05 15:19:00,United Kingdom,54,578.18,292,0.20547945205479454,1425.65,2,2,4,8,Potential Loyalists,1
13745,162,1,300.04,2011-06-30 16:43:00,2011-06-30 16:43:00,United Kingdom,25,300.04,162,0.18518518518518517,666.76,2,1,2,5,At Risk,1
13747,374,1,79.6,2010-12-01 10:37:00,2010-12-01 10:37:00,United Kingdom,1,79.6,374,0.08021390374331551,76.62,1,1,1,3,Lost,1
13748,96,5,948.25,2010-12-01 09:00:00,2011-09-05 09:45:00,United Kingdom,24,189.65,374,0.40106951871657753,912.75,2,4,4,10,Loyal Customers,1
13750,54,5,1647.26,2011-01-07 11:49:00,2011-10-17 12:16:00,United Kingdom,20,329.452,337,0.4451038575667656,1759.68,3,4,4,11,Loyal Customers,0
13751,288,1,296.25,2011-02-24 15:56:00,2011-02-24 15:56:00,United Kingdom,9,296.25,288,0.10416666666666667,370.31,1,1,2,4,Lost,1
13752,124,6,1186.28,2011-04-07 12:04:00,2011-08-07 14:16:00,United Kingdom,64,197.71333333333334,247,0.7287449392712552,1728.99,2,5,4,11,Loyal Customers,1
13753,288,1,741.26,2011-02-25 12:48:00,2011-02-25 12:48:00,United Kingdom,35,741.26,288,0.10416666666666667,926.58,1,1,3,5,At Risk,1
13754,152,2,282.59999999999997,2011-01-26 14:58:00,2011-07-11 11:51:00,United Kingdom,11,141.29999999999998,317,0.18927444794952683,320.93,2,2,2,6,At Risk,1
13755,4,9,2161.35,2011-10-07 15:45:00,2011-12-06 12:26:00,United Kingdom,232,240.14999999999998,63,4.285714285714286,12350.57,5,5,5,15,Champions,0
13756,2,14,5189.52,2010-12-07 11:41:00,2011-12-07 16:44:00,United Kingdom,66,370.68,368,1.141304347826087,5076.7,5,5,5,15,Champions,0
13758,12,7,3190.55,2010-12-01 12:08:00,2011-11-28 11:11:00,United Kingdom,104,455.79285714285714,374,0.5614973262032086,3071.12,5,5,5,15,Champions,0
13759,33,2,659.4100000000001,2011-09-29 15:40:00,2011-11-06 14:47:00,United Kingdom,24,329.70500000000004,71,0.8450704225352113,3343.49,4,2,3,9,Potential Loyalists,0
13760,54,2,286.79,2011-03-28 12:52:00,2011-10-16 16:13:00,United Kingdom,50,143.395,256,0.234375,403.3,3,2,2,7,Potential Loyalists,0
13761,50,2,1070.65,2011-06-13 08:43:00,2011-10-20 14:01:00,United Kingdom,68,535.325,180,0.3333333333333333,2141.3,3,2,4,9,Potential Loyalists,0
13762,219,1,306.72,2011-05-05 09:15:00,2011-05-05 09:15:00,United Kingdom,7,306.72,219,0.136986301369863,504.2,1,1,2,4,Lost,1
13763,63,1,1714.96,2011-10-07 15:13:00,2011-10-07 15:13:00,United Kingdom,15,1714.96,63,0.47619047619047616,9799.77,3,1,4,8,Potential Loyalists,0
13764,71,3,1521.76,2011-01-06 14:53:00,2011-09-30 12:03:00,United Kingdom,183,507.25333333333333,337,0.26706231454005935,1625.62,3,3,4,10,Loyal Customers,0
13767,2,37,17220.36,2010-12-01 10:47:00,2011-12-07 15:00:00,United Kingdom,55,465.41513513513513,374,2.9679144385026737,16575.75,5,5,5,15,Champions,0
13769,2,10,2796.51,2010-12-07 13:28:00,2011-12-07 15:08:00,United Kingdom,73,279.651,367,0.8174386920980927,2743.17,5,5,5,15,Champions,0
13771,64,4,2634.45,2011-04-06 15:47:00,2011-10-06 14:18:00,United Kingdom,114,658.6125,247,0.4858299595141701,3839.68,3,4,5,12,Loyal Customers,0
13772,34,3,1132.13,2011-04-14 12:31:00,2011-11-06 11:43:00,United Kingdom,141,377.3766666666667,240,0.375,1698.2,3,3,4,10,Loyal Customers,0
13774,82,1,345.0,2011-09-19 12:06:00,2011-09-19 12:06:00,United Kingdom,22,345.0,82,0.36585365853658536,1514.63,2,1,2,5,At Risk,0
13777,1,33,25977.16,2010-12-01 16:01:00,2011-12-09 12:25:00,United Kingdom,36,787.1866666666666,373,2.6541554959785523,25071.79,5,5,5,15,Champions,0
13778,103,1,178.7,2011-08-28 15:25:00,2011-08-28 15:25:00,United Kingdom,9,178.7,103,0.29126213592233013,624.58,2,1,1,4,Lost,1
13780,7,2,360.01,2011-06-22 11:43:00,2011-12-02 13:49:00,United Kingdom,56,180.005,171,0.3508771929824561,757.92,5,2,2,9,Potential Loyalists,0
13781,251,1,127.84,2011-04-03 12:08:00,2011-04-03 12:08:00,United Kingdom,17,127.84,251,0.1195219123505976,183.36,1,1,1,3,Lost,1
13782,13,6,912.0,2011-01-16 11:08:00,2011-11-27 11:54:00,United Kingdom,96,152.0,328,0.5487804878048781,1000.98,5,5,3,13,Champions,0
13784,10,11,2462.79,2011-01-11 14:38:00,2011-11-30 09:33:00,United Kingdom,9,223.89,332,0.9939759036144579,2670.5,5,5,5,15,Champions,0
13786,367,1,230.39999999999998,2010-12-07 13:53:00,2010-12-07 13:53:00,United Kingdom,7,230.39999999999998,367,0.08174386920980926,226.01,1,1,1,3,Lost,1
13787,76,2,309.04,2010-12-10 14:45:00,2011-09-25 12:06:00,United Kingdom,24,154.52,364,0.16483516483516483,305.64,2,2,2,6,At Risk,0
13790,4,1,348.8,2011-12-05 15:48:00,2011-12-05 15:48:00,United Kingdom,45,348.8,4,1.0,4185.6,5,1,2,8,Potential Loyalists,0
13791,128,2,1516.0,2011-06-24 16:38:00,2011-08-04 11:44:00,United Kingdom,7,758.0,168,0.35714285714285715,3248.57,2,2,4,8,Potential Loyalists,1
13792,66,2,195.55,2011-02-25 14:03:00,2011-10-04 14:31:00,United Kingdom,13,97.775,287,0.20905923344947736,245.29,3,2,1,6,At Risk,0
13798,1,57,37153.85,2010-12-02 17:24:00,2011-12-08 15:51:00,United Kingdom,113,651.8219298245614,372,4.596774193548387,35955.34,5,5,5,15,Champions,0
13799,117,2,688.86,2011-02-18 14:18:00,2011-08-15 12:07:00,United Kingdom,32,344.43,294,0.2040816326530612,843.5,2,2,3,7,Potential Loyalists,1
13800,310,1,558.32,2011-02-03 12:27:00,2011-02-03 12:27:00,United Kingdom,33,558.32,310,0.0967741935483871,648.37,1,1,3,5,At Risk,1
13801,67,1,324.8,2011-10-04 10:15:00,2011-10-04 10:15:00,United Kingdom,23,324.8,67,0.44776119402985076,1745.19,3,1,2,6,At Risk,0
13802,139,3,4599.42,2011-02-01 12:03:00,2011-07-24 10:54:00,United Kingdom,55,1533.14,312,0.28846153846153844,5307.02,2,3,5,10,Loyal Customers,1
13803,255,1,277.07,2011-03-29 12:57:00,2011-03-29 12:57:00,United Kingdom,17,277.07,255,0.11764705882352941,391.16,1,1,2,4,Lost,1
13804,31,7,2635.79,2011-02-23 09:09:00,2011-11-09 12:32:00,United Kingdom,124,376.5414285714286,290,0.7241379310344828,3272.02,4,5,5,14,Champions,0
13805,52,2,924.6,2011-08-02 15:29:00,2011-10-18 14:50:00,United Kingdom,10,462.3,129,0.46511627906976744,2580.28,3,2,3,8,Potential Loyalists,0
13806,64,1,256.38,2011-10-07 11:43:00,2011-10-07 11:43:00,United Kingdom,10,256.38,64,0.46875,1442.14,3,1,2,6,At Risk,0
13807,367,1,112.6,2010-12-07 15:48:00,2010-12-07 15:48:00,United Kingdom,7,112.6,367,0.08174386920980926,110.45,1,1,1,3,Lost,1
13808,6,5,1747.66,2011-09-04 12:07:00,2011-12-04 12:18:00,United Kingdom,70,349.53200000000004,97,1.5463917525773196,6486.16,5,4,4,13,Champions,0
13809,305,1,155.05,2011-02-07 13:15:00,2011-02-07 13:15:00,Cyprus,11,155.05,305,0.09836065573770493,183.01,1,1,1,3,Lost,1
13810,29,3,1499.01,2011-10-14 12:57:00,2011-11-11 08:33:00,Germany,32,499.67,56,1.6071428571428572,9636.49,4,3,4,11,Loyal Customers,0
13811,184,3,814.5,2011-04-14 18:40:00,2011-06-09 09:54:00,Germany,7,271.5,239,0.37656903765690375,1226.86,1,3,3,7,Potential Loyalists,1
13812,42,3,539.0,2011-08-26 12:54:00,2011-10-28 14:27:00,Germany,33,179.66666666666666,105,0.8571428571428571,1848.0,3,3,3,9,Potential Loyalists,0
13813,40,4,1366.8600000000001,2011-07-28 10:33:00,2011-10-31 10:38:00,Germany,54,341.71500000000003,135,0.8888888888888888,3644.96,3,4,4,11,Loyal Customers,0
13814,92,2,1579.12,2011-07-25 13:54:00,2011-09-08 13:48:00,Germany,37,789.56,137,0.43795620437956206,4149.51,2,2,4,8,Potential Loyalists,1
13815,22,4,4027.36,2011-01-25 12:16:00,2011-11-17 14:19:00,Germany,132,1006.84,319,0.3761755485893417,4544.98,4,4,5,13,Champions,0
13816,24,2,571.6700000000001,2011-10-06 14:37:00,2011-11-16 08:38:00,Germany,25,285.83500000000004,64,0.9375,3215.64,4,2,3,9,Potential Loyalists,0
13817,29,2,382.98,2010-12-23 11:46:00,2011-11-10 17:49:00,Germany,20,191.49,352,0.17045454545454547,391.68,4,2,2,8,Potential Loyalists,0
13819,302,3,1140.35,2011-01-24 10:38:00,2011-02-11 10:38:00,United Kingdom,26,380.1166666666666,320,0.28125,1282.89,1,3,4,8,Potential Loyalists,1
13821,145,2,385.64,2011-03-23 11:30:00,2011-07-18 09:49:00,United Kingdom,51,192.82,262,0.22900763358778628,529.89,2,2,2,6,At Risk,1
13822,6,2,632.0,2011-10-30 15:55:00,2011-12-04 12:13:00,United Kingdom,90,316.0,40,1.5,5688.0,5,2,3,10,Loyal Customers,0
13823,19,2,957.66,2011-09-09 10:42:00,2011-11-21 10:22:00,United Kingdom,39,478.83,92,0.6521739130434783,3747.37,4,2,4,10,Loyal Customers,0
13824,33,5,1698.94,2011-02-02 13:07:00,2011-11-07 12:41:00,United Kingdom,34,339.788,310,0.48387096774193544,1972.96,4,4,4,12,Loyal Customers,0
13826,176,1,189.5,2011-06-16 13:48:00,2011-06-16 13:48:00,United Kingdom,10,189.5,176,0.17045454545454547,387.61,2,1,1,4,Lost,1
13827,58,3,412.05,2011-07-19 15:38:00,2011-10-13 12:38:00,United Kingdom,83,137.35,143,0.6293706293706294,1037.33,3,3,2,8,Potential Loyalists,0
13828,22,1,209.49,2011-11-17 16:02:00,2011-11-17 16:02:00,United Kingdom,15,209.49,22,1.0,2513.88,4,1,1,6,At Risk,0
13831,16,6,2202.99,2010-12-05 12:13:00,2011-11-23 15:41:00,United Kingdom,58,367.16499999999996,370,0.48648648648648646,2143.45,4,5,5,14,Champions,0
13832,19,1,52.199999999999996,2011-11-20 15:36:00,2011-11-20 15:36:00,United Kingdom,3,52.199999999999996,19,1.0,626.4,4,1,1,6,At Risk,0
13833,159,1,384.8,2011-07-03 13:27:00,2011-07-03 13:27:00,United Kingdom,28,384.8,159,0.18867924528301888,871.25,2,1,2,5,At Risk,1
13835,25,4,834.57,2011-05-08 15:22:00,2011-11-14 15:37:00,United Kingdom,48,208.6425,215,0.5581395348837209,1397.42,4,4,3,11,Loyal Customers,0
13837,212,2,271.24,2011-01-26 12:15:00,2011-05-12 12:10:00,United Kingdom,17,135.62,318,0.18867924528301888,307.06,1,2,2,5,At Risk,1
13838,6,4,691.73,2010-12-05 10:45:00,2011-12-04 11:00:00,United Kingdom,144,172.9325,370,0.3243243243243243,673.03,5,4,3,12,Loyal Customers,0
13841,253,1,85.0,2011-04-01 12:10:00,2011-04-01 12:10:00,United Kingdom,1,85.0,253,0.11857707509881422,120.95,1,1,1,3,Lost,1
13842,59,9,3385.62,2010-12-08 10:39:00,2011-10-12 10:51:00,United Kingdom,155,376.18,367,0.7356948228882835,3321.04,3,5,5,13,Champions,0
13844,11,1,361.62,2011-11-28 13:21:00,2011-11-28 13:21:00,United Kingdom,20,361.62,11,1.0,4339.44,5,1,2,8,Potential Loyalists,0
13845,65,1,312.98,2011-10-06 08:25:00,2011-10-06 08:25:00,United Kingdom,9,312.98,65,0.46153846153846156,1733.43,3,1,2,6,At Risk,0
13846,25,3,865.0600000000001,2010-12-14 16:07:00,2011-11-15 12:07:00,United Kingdom,55,288.35333333333335,360,0.25,865.06,4,3,3,10,Loyal Customers,0
13848,92,3,1255.0,2010-12-08 15:10:00,2011-09-08 12:58:00,United Kingdom,3,418.3333333333333,366,0.24590163934426232,1234.43,2,3,4,9,Potential Loyalists,1
13849,52,2,1537.95,2011-06-22 10:11:00,2011-10-19 10:59:00,United Kingdom,97,768.975,171,0.3508771929824561,3237.79,3,2,4,9,Potential Loyalists,0
13850,129,1,1595.48,2011-08-02 14:04:00,2011-08-02 14:04:00,United Kingdom,93,1595.48,129,0.23255813953488372,4452.5,2,1,4,7,Potential Loyalists,1
13851,96,3,2651.46,2011-02-24 17:18:00,2011-09-05 12:36:00,United Kingdom,77,883.82,288,0.3125,3314.32,2,3,5,10,Loyal Customers,1
13853,57,1,1090.14,2011-10-13 14:18:00,2011-10-13 14:18:00,United Kingdom,23,1090.14,57,0.5263157894736842,6885.09,3,1,4,8,Potential Loyalists,0
13854,9,25,8109.5199999999995,2010-12-09 10:48:00,2011-12-01 09:06:00,United Kingdom,39,324.38079999999997,366,2.0491803278688527,7976.58,5,5,5,15,Champions,0
13856,169,3,388.5,2011-05-20 13:13:00,2011-06-24 10:03:00,United Kingdom,10,129.5,203,0.4433497536945813,688.97,2,3,2,7,Potential Loyalists,1
13858,57,1,216.17,2011-10-13 16:17:00,2011-10-13 16:17:00,United Kingdom,11,216.17,57,0.5263157894736842,1365.28,3,1,1,5,At Risk,0
13859,326,1,201.16,2011-01-17 16:14:00,2011-01-17 16:14:00,United Kingdom,27,201.16,326,0.09202453987730061,222.14,1,1,1,3,Lost,1
13860,1,5,1245.9,2011-09-14 09:27:00,2011-12-08 12:57:00,United Kingdom,58,249.18,87,1.7241379310344829,5155.45,5,4,4,13,Champions,0
13862,18,8,2209.36,2011-01-11 15:13:00,2011-11-21 16:24:00,United Kingdom,97,276.17,332,0.7228915662650602,2395.69,4,5,5,14,Champions,0
13863,248,1,305.78,2011-04-06 10:20:00,2011-04-06 10:20:00,United Kingdom,20,305.78,248,0.12096774193548386,443.87,1,1,2,4,Lost,1
13865,58,4,501.56,2011-02-23 12:04:00,2011-10-12 13:31:00,United Kingdom,26,125.39,290,0.4137931034482759,622.63,3,4,3,10,Loyal Customers,0
13866,74,1,145.67000000000002,2011-09-26 14:54:00,2011-09-26 14:54:00,United Kingdom,7,145.67000000000002,74,0.4054054054054054,708.66,2,1,1,4,Lost,0
13867,31,3,1015.29,2011-05-05 17:28:00,2011-11-08 15:48:00,United Kingdom,51,338.43,218,0.41284403669724773,1676.63,4,3,4,11,Loyal Customers,0
13868,7,2,3192.54,2011-11-01 12:45:00,2011-12-02 16:32:00,United Kingdom,32,1596.27,39,1.5384615384615383,29469.6,5,2,5,12,Loyal Customers,0
13869,123,4,3104.95,2010-12-17 15:14:00,2011-08-08 13:53:00,United Kingdom,234,776.2375,357,0.3361344537815126,3131.04,2,4,5,11,Loyal Customers,1
13870,2,8,2770.94,2011-02-25 09:09:00,2011-12-07 13:23:00,United Kingdom,91,346.3675,288,0.8333333333333334,3463.68,5,5,5,15,Champions,0
13871,23,13,6403.25,2011-02-04 09:30:00,2011-11-17 10:49:00,United Kingdom,155,492.5576923076923,309,1.262135922330097,7460.1,4,5,5,14,Champions,0
13873,120,3,389.6,2011-02-03 09:37:00,2011-08-12 10:08:00,United Kingdom,21,129.86666666666667,310,0.29032258064516125,452.44,2,3,2,7,Potential Loyalists,1
13874,358,1,540.45,2010-12-16 18:20:00,2010-12-16 18:20:00,United Kingdom,18,540.45,358,0.08379888268156424,543.47,1,1,3,5,At Risk,1
13875,54,5,1786.79,2011-02-11 15:39:00,2011-10-17 09:36:00,United Kingdom,79,357.358,301,0.4983388704318937,2137.02,3,4,4,11,Loyal Customers,0
13876,64,1,122.7,2011-10-07 10:22:00,2011-10-07 10:22:00,United Kingdom,7,122.7,64,0.46875,690.19,3,1,1,5,At Risk,0
13877,86,1,117.24,2011-09-14 15:49:00,2011-09-14 15:49:00,United Kingdom,3,117.24,86,0.3488372093023256,490.77,2,1,1,4,Lost,0
13878,55,1,1281.53,2011-10-16 12:19:00,2011-10-16 12:19:00,United Kingdom,35,1281.53,55,0.5454545454545455,8388.2,3,1,4,8,Potential Loyalists,0
13880,21,13,3219.77,2010-12-07 14:00:00,2011-11-18 13:44:00,United Kingdom,125,247.67461538461538,367,1.0626702997275206,3158.36,4,5,5,14,Champions,0
13881,4,20,17159.52,2011-02-01 10:14:00,2011-12-06 12:50:00,United Kingdom,72,857.976,312,1.923076923076923,19799.45,5,5,5,15,Champions,0
13882,3,5,1191.13,2011-10-06 15:28:00,2011-12-07 11:16:00,United Kingdom,54,238.22600000000003,64,2.34375,6700.11,5,4,4,13,Champions,0
13883,11,5,2674.48,2011-03-31 17:17:00,2011-11-29 10:45:00,United Kingdom,108,534.896,253,0.5928853754940712,3805.58,5,4,5,14,Champions,0
13884,7,5,787.6,2011-03-01 13:40:00,2011-12-02 16:30:00,United Kingdom,45,157.52,283,0.5300353356890459,1001.89,5,4,3,12,Loyal Customers,0
13885,189,2,506.8,2011-05-23 08:52:00,2011-06-03 15:07:00,United Kingdom,28,253.4,201,0.29850746268656714,907.7,1,2,3,6,At Risk,1
13886,71,1,243.56,2011-09-29 13:17:00,2011-09-29 13:17:00,United Kingdom,16,243.56,71,0.4225352112676056,1234.95,3,1,1,5,At Risk,0
13887,204,1,349.55,2011-05-19 17:22:00,2011-05-19 17:22:00,United Kingdom,19,349.55,204,0.14705882352941177,616.85,1,1,2,4,Lost,1
13888,120,2,605.63,2011-05-05 14:41:00,2011-08-12 10:13:00,United Kingdom,38,302.815,218,0.27522935779816515,1000.12,2,2,3,7,Potential Loyalists,1
13889,93,1,416.90000000000003,2011-09-08 09:13:00,2011-09-08 09:13:00,United Kingdom,15,416.90000000000003,93,0.3225806451612903,1613.81,2,1,2,5,At Risk,1
13890,1,10,1883.8100000000002,2010-12-16 09:31:00,2011-12-08 15:36:00,United Kingdom,74,188.38100000000003,359,0.8356545961002786,1889.06,5,5,4,14,Champions,0
13892,27,4,632.97,2011-04-07 12:04:00,2011-11-13 11:50:00,United Kingdom,26,158.2425,247,0.4858299595141701,922.55,4,4,3,11,Loyal Customers,0
13893,298,1,821.1,2011-02-15 11:30:00,2011-02-15 11:30:00,United Kingdom,21,821.1,298,0.10067114093959731,991.93,1,1,3,5,At Risk,1
13894,24,3,564.62,2011-02-02 12:54:00,2011-11-16 09:44:00,United Kingdom,25,188.20666666666668,310,0.29032258064516125,655.69,4,3,3,10,Loyal Customers,0
13895,28,4,2593.07,2011-06-28 10:17:00,2011-11-11 16:57:00,United Kingdom,97,648.2675,165,0.7272727272727273,5657.61,4,4,5,13,Champions,0
13897,50,1,311.16,2011-10-20 14:30:00,2011-10-20 14:30:00,United Kingdom,17,311.16,50,0.6,2240.35,3,1,2,6,At Risk,0
13898,326,1,155.93,2011-01-18 10:28:00,2011-01-18 10:28:00,United Kingdom,12,155.93,326,0.09202453987730061,172.19,1,1,1,3,Lost,1
13899,16,2,388.52,2011-03-10 09:30:00,2011-11-23 13:40:00,United Kingdom,19,194.26,275,0.2181818181818182,508.61,4,2,2,8,Potential Loyalists,0
13900,183,3,740.95,2011-03-22 10:13:00,2011-06-09 19:26:00,United Kingdom,42,246.98333333333335,263,0.34220532319391633,1014.23,1,3,3,7,Potential Loyalists,1
13901,72,5,2867.2,2011-01-25 09:01:00,2011-09-28 14:48:00,United Kingdom,144,573.4399999999999,319,0.4702194357366771,3235.71,3,4,5,12,Loyal Customers,0
13904,37,2,332.64,2011-02-18 11:18:00,2011-11-02 13:41:00,United Kingdom,24,166.32,295,0.20338983050847456,405.93,3,2,2,7,Potential Loyalists,0
13908,80,4,2369.55,2011-03-08 12:04:00,2011-09-21 11:49:00,United Kingdom,104,592.3875,277,0.43321299638989175,3079.56,2,4,5,11,Loyal Customers,0
13911,57,9,2580.91,2011-02-04 14:46:00,2011-10-13 15:43:00,United Kingdom,120,286.7677777777778,308,0.8766233766233765,3016.65,3,5,5,13,Champions,0
13914,12,2,626.45,2011-11-03 16:28:00,2011-11-28 10:35:00,United Kingdom,28,313.225,36,1.6666666666666667,6264.5,5,2,3,10,Loyal Customers,0
13917,50,2,272.04,2011-06-01 12:46:00,2011-10-21 09:56:00,United Kingdom,16,136.02,192,0.3125,510.08,3,2,2,7,Potential Loyalists,0
13918,50,2,1212.8400000000001,2011-03-31 18:05:00,2011-10-21 12:25:00,United Kingdom,30,606.4200000000001,253,0.23715415019762845,1725.78,3,2,4,9,Potential Loyalists,0
13919,59,2,384.81,2011-08-10 10:15:00,2011-10-11 14:24:00,Denmark,24,192.405,122,0.49180327868852464,1135.5,3,2,2,7,Potential Loyalists,0
13922,352,1,172.25,2010-12-23 10:38:00,2010-12-23 10:38:00,United Kingdom,7,172.25,352,0.08522727272727273,176.16,1,1,1,3,Lost,1
13923,54,1,351.13,2011-10-17 12:33:00,2011-10-17 12:33:00,United Kingdom,20,351.13,54,0.5555555555555556,2340.87,3,1,2,6,At Risk,0
13924,2,6,1838.8500000000001,2011-09-28 15:07:00,2011-12-08 09:39:00,United Kingdom,90,306.475,72,2.5,9194.25,5,5,4,14,Champions,0
13925,93,4,678.25,2011-07-28 12:09:00,2011-09-08 12:47:00,United Kingdom,28,169.5625,135,0.8888888888888888,1808.67,2,4,3,9,Potential Loyalists,1
13926,23,1,223.85000000000002,2011-11-16 13:16:00,2011-11-16 13:16:00,United Kingdom,11,223.85000000000002,23,1.0,2686.2,4,1,1,6,At Risk,0
13927,75,1,348.99,2011-09-26 12:00:00,2011-09-26 12:00:00,United Kingdom,21,348.99,75,0.4,1675.15,2,1,2,5,At Risk,0
13928,11,4,464.57,2011-07-29 15:59:00,2011-11-29 10:33:00,United Kingdom,23,116.1425,133,0.9022556390977443,1257.48,5,4,2,11,Loyal Customers,0
13929,169,2,842.65,2011-01-17 15:11:00,2011-06-23 15:26:00,United Kingdom,8,421.325,326,0.18404907975460122,930.53,2,2,3,7,Potential Loyalists,1
13930,58,2,337.34,2011-07-26 11:00:00,2011-10-13 09:45:00,United Kingdom,15,168.67,137,0.43795620437956206,886.44,3,2,2,7,Potential Loyalists,0
13931,96,2,1237.53,2011-03-04 08:43:00,2011-09-05 10:12:00,United Kingdom,56,618.765,281,0.21352313167259784,1585.45,2,2,4,8,Potential Loyalists,1
13932,295,1,307.4,2011-02-18 12:02:00,2011-02-18 12:02:00,United Kingdom,16,307.4,295,0.10169491525423728,375.13,1,1,2,4,Lost,1
13933,109,2,608.7900000000001,2011-07-14 13:35:00,2011-08-22 14:03:00,United Kingdom,23,304.39500000000004,148,0.4054054054054054,1480.84,2,2,3,7,Potential Loyalists,1
13934,264,1,922.1,2011-03-21 08:39:00,2011-03-21 08:39:00,United Kingdom,31,922.1,264,0.11363636363636363,1257.41,1,1,3,5,At Risk,1
13936,180,1,376.58,2011-06-13 08:47:00,2011-06-13 08:47:00,United Kingdom,26,376.58,180,0.16666666666666666,753.16,1,1,2,4,Lost,1
13937,169,1,158.85,2011-06-23 16:35:00,2011-06-23 16:35:00,United Kingdom,9,158.85,169,0.17751479289940827,338.38,2,1,1,4,Lost,1
13938,35,1,71.66,2011-11-04 14:37:00,2011-11-04 14:37:00,United Kingdom,7,71.66,35,0.8571428571428571,737.07,3,1,1,5,At Risk,0
13939,23,3,568.55,2011-02-01 11:30:00,2011-11-16 13:33:00,United Kingdom,43,189.51666666666665,312,0.28846153846153844,656.02,4,3,3,10,Loyal Customers,0
13940,17,4,839.14,2011-07-18 16:05:00,2011-11-22 15:15:00,United Kingdom,39,209.785,144,0.8333333333333334,2097.85,4,4,3,11,Loyal Customers,0
13941,22,5,5112.96,2010-12-02 10:17:00,2011-11-18 09:43:00,United Kingdom,24,1022.592,373,0.40214477211796246,4934.76,4,4,5,13,Champions,0
13946,79,3,561.5699999999999,2011-03-17 10:02:00,2011-09-21 13:33:00,United Kingdom,11,187.18999999999997,268,0.33582089552238803,754.35,2,3,3,8,Potential Loyalists,0
13947,65,1,90.6,2011-10-05 14:42:00,2011-10-05 14:42:00,United Kingdom,5,90.6,65,0.46153846153846156,501.78,3,1,1,5,At Risk,0
13948,361,1,102.0,2010-12-14 10:18:00,2010-12-14 10:18:00,United Kingdom,3,102.0,361,0.08310249307479224,101.72,1,1,1,3,Lost,1
13949,3,6,2427.32,2011-09-06 11:55:00,2011-12-07 09:35:00,United Kingdom,124,404.55333333333334,95,1.8947368421052633,9198.27,5,5,5,15,Champions,0
13950,11,4,745.06,2011-04-07 11:29:00,2011-11-28 14:44:00,United Kingdom,33,186.265,247,0.4858299595141701,1085.92,5,4,3,12,Loyal Customers,0
13951,176,3,674.45,2011-02-18 15:21:00,2011-06-16 16:43:00,United Kingdom,38,224.8166666666667,294,0.3061224489795918,825.86,2,3,3,8,Potential Loyalists,1
13952,218,2,3251.071,2011-04-15 09:27:00,2011-05-06 09:00:00,United Kingdom,120,1625.5355,239,0.2510460251046025,4897.01,1,2,5,8,Potential Loyalists,1
13953,7,7,3515.68,2010-12-22 10:29:00,2011-12-02 16:04:00,United Kingdom,8,502.23999999999995,353,0.5949008498583569,3585.4,5,5,5,15,Champions,0
13954,2,2,439.92,2011-09-30 10:52:00,2011-12-08 12:50:00,United Kingdom,24,219.96,71,0.8450704225352113,2230.58,5,3,2,10,Loyal Customers,0
13955,154,2,322.96,2011-02-07 12:24:00,2011-07-08 17:19:00,United Kingdom,33,161.48,306,0.19607843137254904,379.95,2,3,2,7,Potential Loyalists,1
13956,5,5,1026.42,2011-03-13 12:51:00,2011-12-04 13:20:00,United Kingdom,123,205.28400000000002,271,0.5535055350553506,1363.51,5,4,4,13,Champions,0
13959,79,3,598.2,2010-12-12 13:56:00,2011-09-21 15:06:00,United Kingdom,79,199.4,362,0.24861878453038674,594.9,2,3,3,8,Potential Loyalists,0
13960,21,2,230.22,2011-09-29 12:39:00,2011-11-18 15:27:00,United Kingdom,11,115.11,72,0.8333333333333334,1151.1,4,3,1,8,Potential Loyalists,0
13962,22,2,169.55,2011-04-08 11:21:00,2011-11-18 08:47:00,United Kingdom,11,84.775,246,0.24390243902439027,248.12,4,3,1,8,Potential Loyalists,0
13963,308,4,664.54,2010-12-07 09:21:00,2011-02-04 14:43:00,United Kingdom,35,166.135,368,0.32608695652173914,650.09,1,4,3,8,Potential Loyalists,1
13967,146,1,80.7,2011-07-17 12:02:00,2011-07-17 12:02:00,United Kingdom,2,80.7,146,0.20547945205479454,198.99,2,1,1,4,Lost,1
13969,7,18,9053.94,2010-12-09 19:32:00,2011-12-02 15:11:00,United Kingdom,334,502.99666666666667,365,1.4794520547945207,8929.91,5,5,5,15,Champions,0
13971,19,8,2758.26,2011-02-27 12:27:00,2011-11-21 12:06:00,United Kingdom,118,344.7825,286,0.8391608391608392,3471.94,4,5,5,14,Champions,0
13972,71,2,190.25,2011-05-22 11:34:00,2011-09-30 11:54:00,United Kingdom,15,95.125,202,0.297029702970297,339.06,3,3,1,7,Potential Loyalists,0
13973,287,1,264.7,2011-02-25 15:21:00,2011-02-25 15:21:00,United Kingdom,11,264.7,287,0.10452961672473868,332.03,1,1,2,4,Lost,1
13974,49,1,413.59000000000003,2011-10-21 14:41:00,2011-10-21 14:41:00,United Kingdom,28,413.59000000000003,49,0.6122448979591837,3038.62,3,1,2,6,At Risk,0
13975,31,6,2526.28,2011-03-08 12:19:00,2011-11-08 13:19:00,United Kingdom,240,421.0466666666667,277,0.6498194945848376,3283.25,4,5,5,14,Champions,0
13976,207,1,357.98,2011-05-17 09:13:00,2011-05-17 09:13:00,United Kingdom,10,357.98,207,0.14492753623188406,622.57,1,1,2,4,Lost,1
13978,15,2,196.79000000000002,2011-10-25 15:04:00,2011-11-25 11:36:00,United Kingdom,14,98.39500000000001,45,1.3333333333333333,1574.32,4,3,1,8,Potential Loyalists,0
13979,73,1,869.87,2011-09-27 13:32:00,2011-09-27 13:32:00,United Kingdom,54,869.87,73,0.4109589041095891,4289.77,2,1,3,6,At Risk,0
13980,60,1,200.14,2011-10-10 13:34:00,2011-10-10 13:34:00,United Kingdom,11,200.14,60,0.5,1200.84,3,1,1,5,At Risk,0
13982,39,4,1871.81,2010-12-09 13:57:00,2011-10-31 16:24:00,United Kingdom,72,467.9525,365,0.32876712328767127,1846.17,3,4,4,11,Loyal Customers,0
13983,30,12,2603.43,2010-12-08 10:38:00,2011-11-10 11:06:00,United Kingdom,91,216.9525,367,0.9809264305177112,2553.77,4,5,5,14,Champions,0
13984,27,5,920.51,2010-12-08 15:58:00,2011-11-13 12:38:00,United Kingdom,14,184.102,366,0.4098360655737705,905.42,4,4,3,11,Loyal Customers,0
13985,4,15,7060.13,2011-03-20 13:48:00,2011-12-05 17:06:00,United Kingdom,108,470.67533333333336,264,1.7045454545454544,9627.45,5,5,5,15,Champions,0
13986,17,1,320.46,2011-11-22 15:00:00,2011-11-22 15:00:00,United Kingdom,12,320.46,17,1.0,3845.52,4,1,2,7,Potential Loyalists,0
13988,20,6,4147.96,2011-03-30 11:48:00,2011-11-20 10:15:00,United Kingdom,188,691.3266666666667,255,0.7058823529411765,5855.94,4,5,5,14,Champions,0
13989,66,2,1266.08,2011-04-14 15:39:00,2011-10-05 09:47:00,United Kingdom,33,633.04,239,0.2510460251046025,1907.07,3,3,4,10,Loyal Customers,0
13990,213,1,311.3,2011-05-10 15:19:00,2011-05-10 15:19:00,United Kingdom,16,311.3,213,0.14084507042253522,526.14,1,1,2,4,Lost,1
13991,12,6,855.97,2011-07-19 12:58:00,2011-11-27 16:18:00,United Kingdom,58,142.66166666666666,143,1.2587412587412588,2154.89,5,5,3,13,Champions,0
13992,30,1,76.8,2011-11-09 15:23:00,2011-11-09 15:23:00,United Kingdom,5,76.8,30,1.0,921.6,4,1,1,6,At Risk,0
13993,43,9,3466.36,2011-01-13 10:43:00,2011-10-28 09:06:00,United Kingdom,66,385.1511111111111,331,0.8157099697885196,3770.06,3,5,5,13,Champions,0
13994,4,6,2313.14,2011-07-14 18:28:00,2011-12-06 11:05:00,United Kingdom,122,385.5233333333333,148,1.2162162162162162,5626.56,5,5,5,15,Champions,0
13995,15,5,1393.69,2011-04-08 08:20:00,2011-11-24 14:22:00,United Kingdom,55,278.738,246,0.6097560975609757,2039.55,4,4,4,12,Loyal Customers,0
13999,10,12,3901.81,2010-12-13 11:23:00,2011-11-29 13:40:00,United Kingdom,102,325.1508333333333,362,0.994475138121547,3880.25,5,5,5,15,Champions,0
14000,211,1,635.66,2011-05-12 16:50:00,2011-05-12 16:50:00,United Kingdom,15,635.66,211,0.14218009478672985,1084.54,1,1,3,5,At Risk,1
14001,46,3,2043.0800000000002,2010-12-01 12:58:00,2011-10-25 10:31:00,United Kingdom,34,681.0266666666668,373,0.24128686327077747,1971.87,3,3,4,10,Loyal Customers,0
14002,134,2,529.73,2011-07-06 14:59:00,2011-07-28 15:55:00,United Kingdom,47,264.865,156,0.3846153846153846,1222.45,2,3,3,8,Potential Loyalists,1
14004,43,7,4582.64,2011-02-24 09:28:00,2011-10-27 14:40:00,United Kingdom,102,654.6628571428572,289,0.726643598615917,5708.48,3,5,5,13,Champions,0
14005,10,5,2874.72,2011-05-08 10:33:00,2011-11-30 12:41:00,United Kingdom,53,574.944,216,0.6944444444444444,4791.2,5,4,5,14,Champions,0
14006,116,3,962.19,2011-01-31 15:11:00,2011-08-16 09:39:00,United Kingdom,22,320.73,312,0.28846153846153844,1110.22,2,3,4,9,Potential Loyalists,1
14009,198,2,695.61,2011-05-18 13:00:00,2011-05-25 15:47:00,United Kingdom,42,347.805,205,0.29268292682926833,1221.56,1,3,3,7,Potential Loyalists,1
14012,278,1,328.8,2011-03-07 12:26:00,2011-03-07 12:26:00,United Kingdom,11,328.8,278,0.1079136690647482,425.78,1,1,2,4,Lost,1
14013,110,3,473.02,2011-03-09 08:59:00,2011-08-21 15:01:00,United Kingdom,30,157.67333333333332,276,0.32608695652173914,616.98,2,3,2,7,Potential Loyalists,1
14014,77,1,505.18,2011-09-23 13:18:00,2011-09-23 13:18:00,United Kingdom,39,505.18,77,0.3896103896103896,2361.88,2,1,3,6,At Risk,0
14015,53,1,917.34,2011-10-18 10:02:00,2011-10-18 10:02:00,United Kingdom,20,917.34,53,0.5660377358490566,6230.99,3,1,3,7,Potential Loyalists,0
14016,162,4,4341.21,2010-12-17 14:21:00,2011-07-01 11:29:00,EIRE,154,1085.3025,357,0.3361344537815126,4377.69,2,4,5,11,Loyal Customers,1
14019,47,3,1421.61,2011-07-24 15:39:00,2011-10-24 10:13:00,United Kingdom,37,473.86999999999995,138,0.6521739130434783,3708.55,3,3,4,10,Loyal Customers,0
14020,17,2,642.8,2011-09-12 15:32:00,2011-11-23 09:22:00,United Kingdom,37,321.4,88,0.6818181818181819,2629.64,4,3,3,10,Loyal Customers,0
14021,155,3,631.9,2011-03-28 15:10:00,2011-07-07 15:46:00,United Kingdom,22,210.63333333333333,256,0.3515625,888.61,2,3,3,8,Potential Loyalists,1
14022,225,1,440.0,2011-04-28 14:39:00,2011-04-28 14:39:00,United Kingdom,28,440.0,225,0.13333333333333333,704.0,1,1,2,4,Lost,1
14023,7,2,584.07,2011-04-03 15:50:00,2011-12-02 13:58:00,United Kingdom,30,292.035,250,0.24,841.06,5,3,3,11,Loyal Customers,0
14024,122,2,327.7,2011-08-07 13:31:00,2011-08-10 11:30:00,United Kingdom,16,163.85,124,0.48387096774193544,951.39,2,3,2,7,Potential Loyalists,1
14027,61,1,104.82,2011-10-10 09:01:00,2011-10-10 09:01:00,United Kingdom,6,104.82,61,0.49180327868852464,618.61,3,1,1,5,At Risk,0
14029,63,2,467.66,2011-07-18 16:57:00,2011-10-07 14:46:00,United Kingdom,15,233.83,144,0.4166666666666667,1169.15,3,3,2,8,Potential Loyalists,0
14030,18,8,2360.09,2010-12-08 16:11:00,2011-11-21 16:48:00,United Kingdom,210,295.01125,366,0.6557377049180328,2321.4,4,5,5,14,Champions,0
14031,7,19,17286.86,2010-12-02 16:34:00,2011-12-02 17:13:00,United Kingdom,119,909.8347368421053,372,1.532258064516129,16729.22,5,5,5,15,Champions,0
14032,2,11,2975.59,2010-12-08 10:53:00,2011-12-07 15:23:00,United Kingdom,53,270.5081818181818,367,0.899182561307902,2918.83,5,5,5,15,Champions,0
14034,22,3,651.8199999999999,2011-07-05 13:06:00,2011-11-17 14:02:00,United Kingdom,82,217.2733333333333,157,0.5732484076433121,1494.62,4,3,3,10,Loyal Customers,0
14035,29,5,1428.02,2011-02-15 12:48:00,2011-11-11 10:03:00,United Kingdom,41,285.604,298,0.5033557046979865,1725.12,4,4,4,12,Loyal Customers,0
14036,285,1,626.65,2011-02-28 09:26:00,2011-02-28 09:26:00,United Kingdom,38,626.65,285,0.10526315789473684,791.56,1,1,3,5,At Risk,1
14037,176,2,147.20000000000002,2010-12-10 11:39:00,2011-06-16 13:57:00,United Kingdom,27,73.60000000000001,365,0.16438356164383564,145.18,2,3,1,6,At Risk,1
14038,78,3,1560.38,2011-05-16 14:05:00,2011-09-22 13:37:00,United Kingdom,64,520.1266666666667,207,0.43478260869565216,2713.7,2,3,4,9,Potential Loyalists,0
14039,33,1,152.2,2011-11-06 13:48:00,2011-11-06 13:48:00,United Kingdom,6,152.2,33,0.9090909090909091,1660.36,4,1,1,6,At Risk,0
14040,41,12,3614.92,2011-01-12 14:57:00,2011-10-30 12:42:00,United Kingdom,146,301.24333333333334,331,1.0876132930513596,3931.64,3,5,5,13,Champions,0
14041,266,1,141.41,2011-03-18 13:25:00,2011-03-18 13:25:00,United Kingdom,21,141.41,266,0.11278195488721804,191.38,1,1,1,3,Lost,1
14044,27,4,652.82,2011-02-03 11:39:00,2011-11-13 12:05:00,United Kingdom,165,163.205,310,0.3870967741935484,758.11,4,4,3,11,Loyal Customers,0
14045,109,4,1659.75,2010-12-01 11:32:00,2011-08-22 15:27:00,United Kingdom,4,414.9375,374,0.32085561497326204,1597.62,2,4,4,10,Loyal Customers,1
14046,284,1,154.99,2011-02-28 14:48:00,2011-02-28 14:48:00,United Kingdom,14,154.99,284,0.1056338028169014,196.47,1,1,1,3,Lost,1
14047,9,5,1308.6100000000001,2010-12-02 10:09:00,2011-12-01 11:43:00,United Kingdom,22,261.72200000000004,373,0.40214477211796246,1263.0,5,4,4,13,Champions,0
14048,305,1,409.93,2011-02-07 14:53:00,2011-02-07 14:53:00,United Kingdom,83,409.93,305,0.09836065573770493,483.85,1,1,2,4,Lost,1
14049,17,4,5681.72,2011-01-26 11:27:00,2011-11-23 12:20:00,United Kingdom,348,1420.43,318,0.37735849056603776,6432.14,4,4,5,13,Champions,0
14050,32,2,746.36,2011-08-25 13:46:00,2011-11-08 10:00:00,United Kingdom,49,373.18,106,0.5660377358490566,2534.81,4,3,3,10,Loyal Customers,0
14051,1,23,15610.390000000001,2010-12-08 12:49:00,2011-12-09 10:20:00,United Kingdom,52,678.7126086956522,367,1.8801089918256133,15312.64,5,5,5,15,Champions,0
14052,20,1,225.36,2011-11-20 12:30:00,2011-11-20 12:30:00,United Kingdom,56,225.36,20,1.0,2704.32,4,1,1,6,At Risk,0
14053,124,2,260.25,2011-07-03 12:21:00,2011-08-07 14:27:00,United Kingdom,2,130.125,160,0.375,585.56,2,3,2,7,Potential Loyalists,1
14054,65,1,92.46,2011-10-05 15:49:00,2011-10-05 15:49:00,United Kingdom,6,92.46,65,0.46153846153846156,512.09,3,1,1,5,At Risk,0
14055,106,1,725.6400000000001,2011-08-25 15:04:00,2011-08-25 15:04:00,United Kingdom,10,725.6400000000001,106,0.2830188679245283,2464.44,2,1,3,6,At Risk,1
14056,1,23,8214.65,2011-02-28 15:19:00,2011-12-08 13:36:00,United Kingdom,320,357.1586956521739,284,2.4295774647887325,10412.94,5,5,5,15,Champions,0
14057,24,17,6217.96,2010-12-14 12:11:00,2011-11-16 10:32:00,United Kingdom,179,365.76235294117646,361,1.4127423822714682,6200.74,4,5,5,14,Champions,0
14059,267,1,183.6,2011-03-18 10:06:00,2011-03-18 10:06:00,United Kingdom,8,183.6,267,0.11235955056179775,247.55,1,1,1,3,Lost,1
14060,5,19,6140.42,2010-12-02 12:11:00,2011-12-05 12:29:00,United Kingdom,86,323.18,373,1.5281501340482573,5926.41,5,5,5,15,Champions,0
14062,10,12,10464.85,2010-12-10 15:56:00,2011-11-30 10:04:00,United Kingdom,60,872.0708333333333,364,0.989010989010989,10349.85,5,5,5,15,Champions,0
14064,29,5,1353.74,2011-03-10 12:59:00,2011-11-10 13:14:00,United Kingdom,59,270.748,274,0.5474452554744526,1778.64,4,4,4,12,Loyal Customers,0
14066,267,1,152.55,2011-03-18 12:21:00,2011-03-18 12:21:00,United Kingdom,7,152.55,267,0.11235955056179775,205.69,1,1,1,3,Lost,1
14067,64,2,374.7,2011-09-04 12:00:00,2011-10-07 10:21:00,United Kingdom,51,187.35,97,0.6185567010309279,1390.64,3,3,2,8,Potential Loyalists,0
14068,320,1,265.85,2011-01-23 16:02:00,2011-01-23 16:02:00,United Kingdom,22,265.85,320,0.09375,299.08,1,1,2,4,Lost,1
14071,4,8,1438.82,2011-03-20 11:33:00,2011-12-06 12:27:00,United Kingdom,271,179.8525,265,0.9056603773584905,1954.62,5,5,4,14,Champions,0
14073,32,1,151.04,2011-11-07 15:49:00,2011-11-07 15:49:00,United Kingdom,13,151.04,32,0.9375,1699.2,4,1,1,6,At Risk,0
14075,5,3,942.26,2011-03-23 16:35:00,2011-12-05 08:38:00,United Kingdom,33,314.08666666666664,261,0.3448275862068966,1299.67,5,3,3,11,Loyal Customers,0
14076,129,1,122.47,2011-08-02 15:19:00,2011-08-02 15:19:00,United Kingdom,43,122.47,129,0.23255813953488372,341.78,2,1,1,4,Lost,1
14077,41,5,499.41999999999996,2011-03-10 15:52:00,2011-10-30 12:35:00,United Kingdom,33,99.88399999999999,274,0.5474452554744526,656.17,3,4,3,10,Loyal Customers,0
14078,102,6,1049.37,2010-12-01 12:54:00,2011-08-30 12:16:00,United Kingdom,46,174.89499999999998,373,0.48257372654155495,1012.8,2,5,4,11,Loyal Customers,1
14079,125,1,375.1,2011-08-07 12:10:00,2011-08-07 12:10:00,United Kingdom,12,375.1,125,0.24,1080.29,2,1,2,5,At Risk,1
14080,33,1,45.599999999999994,2011-11-07 11:09:00,2011-11-07 11:09:00,United Kingdom,4,45.599999999999994,33,0.9090909090909091,497.45,4,1,1,6,At Risk,0
14081,302,2,934.52,2010-12-05 15:47:00,2011-02-10 16:17:00,United Kingdom,126,467.26,369,0.16260162601626016,911.73,1,3,3,7,Potential Loyalists,1
14082,365,1,182.25,2010-12-10 11:02:00,2010-12-10 11:02:00,United Kingdom,28,182.25,365,0.08219178082191782,179.75,1,1,1,3,Lost,1
14083,4,9,1018.43,2010-12-03 12:24:00,2011-12-05 13:14:00,United Kingdom,162,113.15888888888888,372,0.7258064516129032,985.58,5,5,4,14,Champions,0
14085,2,18,4448.54,2010-12-06 12:39:00,2011-12-07 13:46:00,United Kingdom,272,247.14111111111112,369,1.4634146341463414,4340.04,5,5,5,15,Champions,0
14087,3,1,194.42,2011-12-07 12:41:00,2011-12-07 12:41:00,United Kingdom,61,194.42,3,1.0,2333.04,5,1,1,7,Potential Loyalists,0
14088,10,13,50491.81,2011-01-21 13:07:00,2011-11-29 16:16:00,United Kingdom,379,3883.9853846153846,322,1.2111801242236027,56450.47,5,5,5,15,Champions,0
14089,57,1,161.0,2011-10-14 10:38:00,2011-10-14 10:38:00,United Kingdom,13,161.0,57,0.5263157894736842,1016.84,3,1,1,5,At Risk,0
14090,325,1,76.32000000000001,2011-01-19 10:51:00,2011-01-19 10:51:00,United Kingdom,1,76.32000000000001,325,0.0923076923076923,84.54,1,1,1,3,Lost,1
14092,8,14,4076.91,2010-12-16 15:47:00,2011-12-02 12:13:00,United Kingdom,117,291.2078571428571,358,1.1731843575418994,4099.69,5,5,5,15,Champions,0
14093,12,1,442.85,2011-11-27 16:27:00,2011-11-27 16:27:00,United Kingdom,95,442.85,12,1.0,5314.2,5,1,2,8,Potential Loyalists,0
14096,4,17,65164.79,2011-08-30 10:49:00,2011-12-05 17:17:00,United Kingdom,1119,3833.2229411764706,102,5.0,229993.38,5,5,5,15,Champions,0
14098,37,1,147.35,2011-11-03 10:13:00,2011-11-03 10:13:00,United Kingdom,21,147.35,37,0.8108108108108107,1433.68,3,1,1,5,At Risk,0
14099,16,11,3104.17,2010-12-20 11:14:00,2011-11-23 13:53:00,United Kingdom,167,282.1972727272727,355,0.9295774647887324,3147.89,4,5,5,14,Champions,0
14100,138,1,194.9,2011-07-25 11:01:00,2011-07-25 11:01:00,United Kingdom,24,194.9,138,0.2173913043478261,508.43,2,1,1,4,Lost,1
14101,74,6,5976.79,2011-01-17 13:09:00,2011-09-27 12:28:00,United Kingdom,15,996.1316666666667,326,0.5521472392638036,6600.14,2,5,5,12,Loyal Customers,0
14102,5,5,1360.28,2011-10-26 12:46:00,2011-12-04 15:38:00,United Kingdom,35,272.056,45,3.3333333333333335,10882.24,5,4,4,13,Champions,0
14104,155,2,216.20999999999998,2011-06-27 12:49:00,2011-07-08 12:50:00,United Kingdom,21,108.10499999999999,166,0.3614457831325301,468.89,2,3,1,6,At Risk,1
14105,239,1,1266.23,2011-04-14 17:58:00,2011-04-14 17:58:00,United Kingdom,74,1266.23,239,0.12552301255230125,1907.29,1,1,4,6,At Risk,1
14107,52,7,2703.23,2010-12-10 13:29:00,2011-10-19 12:12:00,United Kingdom,61,386.17571428571426,364,0.576923076923077,2673.52,3,5,5,13,Champions,0
14108,31,2,597.91,2011-08-30 11:32:00,2011-11-09 10:41:00,United Kingdom,33,298.955,102,0.5882352941176471,2110.27,4,3,3,10,Loyal Customers,0
14109,73,1,144.2,2011-09-28 10:18:00,2011-09-28 10:18:00,United Kingdom,9,144.2,73,0.4109589041095891,711.12,2,1,1,4,Lost,0
14110,4,12,5683.15,2011-03-18 09:59:00,2011-12-06 12:26:00,United Kingdom,94,473.5958333333333,267,1.348314606741573,7662.67,5,5,5,15,Champions,0
14111,14,4,692.85,2011-04-12 11:36:00,2011-11-25 13:44:00,United Kingdom,10,173.2125,242,0.49586776859504134,1030.69,4,4,3,11,Loyal Customers,0
14112,23,7,2915.15,2011-03-09 11:28:00,2011-11-17 12:30:00,United Kingdom,117,416.45,276,0.7608695652173914,3802.37,4,5,5,14,Champions,0
14113,4,4,1840.42,2010-12-20 12:14:00,2011-12-06 12:18:00,United Kingdom,26,460.105,355,0.3380281690140845,1866.34,5,4,4,13,Champions,0
14114,274,2,386.53,2011-01-13 11:05:00,2011-03-11 09:42:00,United Kingdom,15,193.265,331,0.18126888217522658,420.4,1,3,2,6,At Risk,1
14116,20,5,1382.74,2011-08-10 12:44:00,2011-11-20 10:29:00,United Kingdom,61,276.548,122,1.2295081967213115,4080.22,4,4,4,12,Loyal Customers,0
14117,144,1,90.0,2011-07-19 09:49:00,2011-07-19 09:49:00,United Kingdom,3,90.0,144,0.20833333333333334,225.0,2,1,1,4,Lost,1
14121,4,4,2780.15,2011-10-11 10:39:00,2011-12-06 12:19:00,United Kingdom,148,695.0375,60,2.0,16680.9,5,4,5,14,Champions,0
14124,84,1,419.58000000000004,2011-09-16 13:32:00,2011-09-16 13:32:00,United Kingdom,4,419.58000000000004,84,0.35714285714285715,1798.2,2,1,2,5,At Risk,0
14125,11,3,2740.43,2011-09-22 15:40:00,2011-11-29 12:47:00,United Kingdom,159,913.4766666666666,78,1.1538461538461537,12648.14,5,3,5,13,Champions,0
14126,8,3,706.1300000000001,2011-11-29 12:21:00,2011-12-02 11:45:00,United Kingdom,14,235.3766666666667,11,3.0,8473.56,5,3,3,11,Loyal Customers,0
14127,123,3,709.71,2011-02-02 12:26:00,2011-08-09 10:49:00,United Kingdom,39,236.57000000000002,311,0.28938906752411575,821.53,2,3,3,8,Potential Loyalists,1
14128,61,2,637.5,2011-03-29 10:49:00,2011-10-10 12:00:00,United Kingdom,40,318.75,256,0.234375,896.48,3,3,3,9,Potential Loyalists,0
14129,2,5,1123.8600000000001,2011-03-24 08:44:00,2011-12-08 11:02:00,United Kingdom,31,224.77200000000002,261,0.574712643678161,1550.15,5,4,4,13,Champions,0
14130,319,1,483.86,2011-01-24 16:05:00,2011-01-24 16:05:00,United Kingdom,66,483.86,319,0.09404388714733543,546.05,1,1,2,4,Lost,1
14132,2,11,3586.0299999999997,2011-06-09 12:04:00,2011-12-07 13:35:00,United Kingdom,100,326.00272727272727,184,1.7934782608695652,7016.15,5,5,5,15,Champions,0
14133,130,3,605.64,2011-01-28 11:27:00,2011-08-02 11:34:00,United Kingdom,25,201.88,316,0.2848101265822785,689.97,2,3,3,8,Potential Loyalists,1
14135,2,15,4690.31,2010-12-02 10:27:00,2011-12-08 11:38:00,United Kingdom,95,312.68733333333336,373,1.2064343163538873,4526.84,5,5,5,15,Champions,0
14138,2,2,982.3800000000001,2011-10-07 09:38:00,2011-12-08 12:44:00,United Kingdom,40,491.19000000000005,64,0.9375,5525.89,5,3,4,12,Loyal Customers,0
14139,46,1,415.82,2011-10-24 13:34:00,2011-10-24 13:34:00,United Kingdom,26,415.82,46,0.6521739130434783,3254.24,3,1,2,6,At Risk,0
14140,4,2,935.05,2011-11-08 11:20:00,2011-12-06 09:05:00,United Kingdom,60,467.525,32,1.875,10519.31,5,3,3,11,Loyal Customers,0
14141,3,4,915.13,2011-08-26 14:40:00,2011-12-07 09:53:00,United Kingdom,27,228.7825,105,1.1428571428571428,3137.59,5,4,3,12,Loyal Customers,0
14142,373,1,311.81,2010-12-01 16:33:00,2010-12-01 16:33:00,United Kingdom,22,311.81,373,0.08042895442359249,300.94,1,1,2,4,Lost,1
14143,134,1,115.8,2011-07-29 09:48:00,2011-07-29 09:48:00,United Kingdom,7,115.8,134,0.22388059701492538,311.1,2,1,1,4,Lost,1
14145,47,4,3742.2,2011-05-06 13:01:00,2011-10-24 12:10:00,United Kingdom,6,935.55,217,0.5529953917050692,6208.26,3,4,5,12,Loyal Customers,0
14146,9,5,4191.0,2010-12-17 15:52:00,2011-12-01 10:18:00,United Kingdom,183,838.2,357,0.42016806722689076,4226.22,5,4,5,14,Champions,0
14147,78,2,483.4,2011-02-27 11:42:00,2011-09-22 18:10:00,United Kingdom,4,241.7,286,0.2097902097902098,608.48,2,3,2,7,Potential Loyalists,0
14148,234,1,157.2,2011-04-20 12:02:00,2011-04-20 12:02:00,United Kingdom,3,157.2,234,0.12820512820512822,241.85,1,1,1,3,Lost,1
14149,221,1,446.62,2011-05-03 09:44:00,2011-05-03 09:44:00,United Kingdom,28,446.62,221,0.13574660633484165,727.53,1,1,2,4,Lost,1
14150,36,2,658.64,2010-12-15 10:04:00,2011-11-04 10:05:00,United Kingdom,23,329.32,360,0.16666666666666666,658.64,3,3,3,9,Potential Loyalists,0
14152,75,2,621.29,2011-04-19 15:46:00,2011-09-25 12:54:00,United Kingdom,47,310.645,234,0.25641025641025644,955.83,2,3,3,8,Potential Loyalists,0
14154,239,2,1345.62,2011-04-14 15:58:00,2011-04-14 16:26:00,United Kingdom,52,672.81,239,0.2510460251046025,2026.88,1,3,4,8,Potential Loyalists,1
14155,266,1,118.75,2011-03-18 14:13:00,2011-03-18 14:13:00,United Kingdom,6,118.75,266,0.11278195488721804,160.71,1,1,1,3,Lost,1
14156,10,55,117379.63,2010-12-03 11:48:00,2011-11-30 10:54:00,EIRE,714,2134.175090909091,372,4.435483870967742,113593.19,5,5,5,15,Champions,0
14157,20,2,432.88,2011-02-27 13:04:00,2011-11-20 11:32:00,United Kingdom,45,216.44,285,0.21052631578947367,546.8,4,3,2,9,Potential Loyalists,0
14158,40,1,507.66,2011-10-30 15:08:00,2011-10-30 15:08:00,United Kingdom,41,507.66,40,0.75,4568.94,3,1,3,7,Potential Loyalists,0
14159,20,11,4693.01,2010-12-12 11:17:00,2011-11-20 12:36:00,United Kingdom,501,426.6372727272728,363,0.9090909090909092,4654.22,4,5,5,14,Champions,0
14161,216,3,1110.52,2010-12-05 13:18:00,2011-05-08 11:41:00,United Kingdom,87,370.17333333333335,369,0.24390243902439024,1083.43,1,3,4,8,Potential Loyalists,1
14162,174,2,289.36,2011-02-20 12:32:00,2011-06-19 11:36:00,United Kingdom,25,144.68,293,0.20477815699658702,355.53,2,3,2,7,Potential Loyalists,1
14163,87,4,2445.91,2011-04-14 17:33:00,2011-09-13 15:18:00,United Kingdom,36,611.4775,239,0.502092050209205,3684.22,2,4,5,11,Loyal Customers,0
14164,71,2,1631.77,2011-09-20 12:18:00,2011-09-30 12:24:00,United Kingdom,28,815.885,81,0.7407407407407407,7252.31,3,3,4,10,Loyal Customers,0
14165,276,1,122.53999999999999,2011-03-09 12:39:00,2011-03-09 12:39:00,United Kingdom,23,122.53999999999999,276,0.10869565217391305,159.83,1,1,1,3,Lost,1
14167,39,4,574.84,2011-01-12 15:44:00,2011-10-31 14:29:00,United Kingdom,27,143.71,331,0.36253776435045315,625.2,3,4,3,10,Loyal Customers,0
14171,98,1,363.79,2011-09-02 16:43:00,2011-09-02 16:43:00,United Kingdom,57,363.79,98,0.30612244897959184,1336.37,2,1,2,5,At Risk,1
14173,11,4,450.84,2011-05-04 14:03:00,2011-11-29 11:54:00,United Kingdom,28,112.71,219,0.547945205479452,741.11,5,4,2,11,Loyal Customers,0
14174,33,1,134.46,2011-11-06 13:17:00,2011-11-06 13:17:00,United Kingdom,26,134.46,33,0.9090909090909091,1466.84,4,1,1,6,At Risk,0
14175,60,3,3222.3,2011-01-14 12:22:00,2011-10-11 11:55:00,United Kingdom,139,1074.1000000000001,330,0.2727272727272727,3515.24,3,3,5,11,Loyal Customers,0
14176,297,4,576.9000000000001,2010-12-07 11:45:00,2011-02-15 13:12:00,United Kingdom,28,144.22500000000002,368,0.32608695652173914,564.36,1,4,3,8,Potential Loyalists,1
14177,86,4,559.41,2011-06-13 11:10:00,2011-09-14 15:11:00,United Kingdom,37,139.8525,180,0.6666666666666666,1118.82,2,4,3,9,Potential Loyalists,0
14178,9,7,1620.93,2011-06-10 12:51:00,2011-12-01 12:01:00,United Kingdom,191,231.5614285714286,182,1.153846153846154,3206.24,5,5,4,14,Champions,0
14179,41,2,719.78,2011-10-18 14:00:00,2011-10-30 12:07:00,United Kingdom,135,359.89,52,1.1538461538461537,4983.09,3,3,3,9,Potential Loyalists,0
14180,11,25,4748.52,2010-12-02 13:08:00,2011-11-29 10:56:00,United Kingdom,112,189.94080000000002,372,2.0161290322580645,4595.34,5,5,5,15,Champions,0
14184,67,1,452.89,2011-10-04 12:43:00,2011-10-04 12:43:00,United Kingdom,24,452.89,67,0.44776119402985076,2433.44,3,1,2,6,At Risk,0
14185,331,1,197.65,2011-01-12 13:52:00,2011-01-12 13:52:00,United Kingdom,3,197.65,331,0.09063444108761329,214.97,1,1,1,3,Lost,1
14188,31,6,2054.36,2011-02-02 13:46:00,2011-11-09 12:45:00,United Kingdom,34,342.3933333333334,310,0.5806451612903225,2385.71,4,5,4,13,Champions,0
14189,2,15,4654.08,2010-12-06 11:42:00,2011-12-07 15:55:00,United Kingdom,176,310.272,369,1.2195121951219512,4540.57,5,5,5,15,Champions,0
14191,2,13,4684.76,2011-05-03 10:30:00,2011-12-08 09:23:00,United Kingdom,145,360.36615384615385,221,1.7647058823529413,7631.28,5,5,5,15,Champions,0
14193,68,2,853.39,2011-03-15 11:38:00,2011-10-03 09:34:00,United Kingdom,35,426.695,270,0.2222222222222222,1137.85,3,3,3,9,Potential Loyalists,0
14194,5,21,11349.52,2011-02-04 14:51:00,2011-12-05 10:38:00,United Kingdom,269,540.4533333333334,308,2.0454545454545454,13265.67,5,5,5,15,Champions,0
14195,202,2,1012.0,2011-04-01 16:50:00,2011-05-22 10:29:00,United Kingdom,7,506.0,252,0.23809523809523808,1445.71,1,3,4,8,Potential Loyalists,1
14196,107,1,335.52,2011-08-25 10:25:00,2011-08-25 10:25:00,United Kingdom,6,335.52,107,0.2803738317757009,1128.85,2,1,2,5,At Risk,1
14198,18,4,701.4,2011-04-14 14:54:00,2011-11-21 16:35:00,United Kingdom,35,175.35,239,0.502092050209205,1056.5,4,4,3,11,Loyal Customers,0
14199,218,1,185.39999999999998,2011-05-05 13:44:00,2011-05-05 13:44:00,United Kingdom,2,185.39999999999998,218,0.13761467889908258,306.17,1,1,1,3,Lost,1
14201,60,7,747.44,2010-12-15 13:25:00,2011-10-10 13:27:00,United Kingdom,32,106.77714285714286,359,0.584958217270195,749.52,3,5,3,11,Loyal Customers,0
14204,2,1,161.03,2011-12-07 13:38:00,2011-12-07 13:38:00,United Kingdom,36,161.03,2,1.0,1932.36,5,1,1,7,Potential Loyalists,0
14205,17,2,466.7,2011-03-20 15:07:00,2011-11-23 10:55:00,United Kingdom,23,233.35,264,0.22727272727272727,636.41,4,3,2,9,Potential Loyalists,0
14206,239,1,328.15999999999997,2011-04-14 16:38:00,2011-04-14 16:38:00,United Kingdom,20,328.15999999999997,239,0.12552301255230125,494.3,1,1,2,4,Lost,1
14208,95,1,151.74,2011-09-06 12:48:00,2011-09-06 12:48:00,United Kingdom,10,151.74,95,0.31578947368421056,575.01,2,1,1,4,Lost,1
14209,11,6,2073.43,2011-01-11 12:56:00,2011-11-29 10:18:00,United Kingdom,55,345.57166666666666,332,0.5421686746987951,2248.3,5,5,5,15,Champions,0
14210,106,6,1905.8400000000001,2010-12-03 12:43:00,2011-08-26 12:36:00,United Kingdom,66,317.64000000000004,372,0.48387096774193544,1844.36,2,5,4,11,Loyal Customers,1
14211,53,9,2241.1,2011-02-17 15:50:00,2011-10-17 13:23:00,United Kingdom,87,249.0111111111111,295,0.9152542372881355,2734.9,3,5,5,13,Champions,0
14212,90,1,1070.48,2011-09-11 12:45:00,2011-09-11 12:45:00,United Kingdom,9,1070.48,90,0.3333333333333333,4281.92,2,1,4,7,Potential Loyalists,0
14214,31,5,1004.38,2011-03-07 12:26:00,2011-11-09 10:31:00,United Kingdom,64,200.876,278,0.539568345323741,1300.64,4,4,4,12,Loyal Customers,0
14215,12,6,1789.72,2010-12-06 15:34:00,2011-11-28 12:19:00,United Kingdom,98,298.2866666666667,368,0.48913043478260865,1750.81,5,5,4,14,Champions,0
14216,3,4,1839.3,2011-11-02 10:51:00,2011-12-06 14:56:00,United Kingdom,47,459.825,38,3.1578947368421053,17424.95,5,4,4,13,Champions,0
14217,2,17,2004.98,2010-12-08 13:28:00,2011-12-08 11:53:00,United Kingdom,78,117.94,366,1.3934426229508197,1972.11,5,5,4,14,Champions,0
14218,43,1,169.48000000000002,2011-10-28 10:00:00,2011-10-28 10:00:00,United Kingdom,12,169.48000000000002,43,0.6976744186046512,1418.9,3,1,1,5,At Risk,0
14219,4,1,89.94,2011-12-05 16:23:00,2011-12-05 16:23:00,United Kingdom,7,89.94,4,1.0,1079.28,5,1,1,7,Potential Loyalists,0
14220,247,2,632.4,2010-12-16 18:18:00,2011-04-06 13:23:00,United Kingdom,21,316.2,358,0.16759776536312848,635.93,1,3,3,7,Potential Loyalists,1
14221,42,9,3432.8,2011-01-04 15:33:00,2011-10-28 13:42:00,United Kingdom,123,381.4222222222222,339,0.7964601769911503,3645.45,3,5,5,13,Champions,0
14222,177,1,683.17,2011-06-15 16:42:00,2011-06-15 16:42:00,United Kingdom,41,683.17,177,0.1694915254237288,1389.5,2,1,3,6,At Risk,1
14223,92,3,991.13,2011-03-20 16:02:00,2011-09-08 13:38:00,United Kingdom,50,330.37666666666667,264,0.3409090909090909,1351.54,2,3,4,9,Potential Loyalists,1
14224,110,4,1050.12,2011-01-23 13:58:00,2011-08-21 13:24:00,United Kingdom,105,262.53,320,0.375,1181.38,2,4,4,10,Loyal Customers,1
14226,29,5,2232.19,2011-03-15 15:36:00,2011-11-11 11:34:00,United Kingdom,64,446.438,269,0.5576208178438662,2987.32,4,4,5,13,Champions,0
14227,26,10,3350.96,2011-02-28 12:27:00,2011-11-13 15:48:00,United Kingdom,117,335.096,285,1.0526315789473684,4232.79,4,5,5,14,Champions,0
14229,52,3,1547.2,2011-01-10 12:03:00,2011-10-19 10:04:00,United Kingdom,29,515.7333333333333,334,0.2694610778443114,1667.64,3,3,4,10,Loyal Customers,0
14231,184,3,925.71,2011-02-24 11:55:00,2011-06-09 11:05:00,United Kingdom,47,308.57,289,0.31141868512110726,1153.13,1,3,3,7,Potential Loyalists,1
14232,43,5,2048.07,2011-03-20 12:44:00,2011-10-28 11:09:00,United Kingdom,81,409.61400000000003,265,0.5660377358490566,2782.28,3,4,4,11,Loyal Customers,0
14233,49,4,1462.72,2011-01-26 12:43:00,2011-10-21 15:54:00,United Kingdom,30,365.68,318,0.37735849056603776,1655.91,3,4,4,11,Loyal Customers,0
14234,22,4,775.46,2011-10-13 13:58:00,2011-11-17 17:53:00,United Kingdom,122,193.865,57,2.1052631578947367,4897.64,4,4,3,11,Loyal Customers,0
14235,75,5,3144.86,2011-03-24 13:23:00,2011-09-25 14:37:00,United Kingdom,65,628.972,260,0.576923076923077,4354.42,2,4,5,11,Loyal Customers,0
14236,81,2,490.86,2010-12-02 18:49:00,2011-09-20 09:13:00,United Kingdom,15,245.43,372,0.16129032258064516,475.03,2,3,3,8,Potential Loyalists,0
14237,373,1,161.0,2010-12-01 13:20:00,2010-12-01 13:20:00,United Kingdom,9,161.0,373,0.08042895442359249,155.39,1,1,1,3,Lost,1
14238,326,1,146.85,2011-01-17 14:40:00,2011-01-17 14:40:00,United Kingdom,8,146.85,326,0.09202453987730061,162.17,1,1,1,3,Lost,1
14239,43,11,2380.85,2011-01-27 14:45:00,2011-10-27 14:40:00,United Kingdom,83,216.4409090909091,316,1.0443037974683544,2712.36,3,5,5,13,Champions,0
14240,30,2,890.34,2011-04-28 11:40:00,2011-11-09 13:45:00,United Kingdom,37,445.17,226,0.26548672566371684,1418.24,4,3,3,10,Loyal Customers,0
14241,184,1,213.70000000000002,2011-06-09 11:46:00,2011-06-09 11:46:00,United Kingdom,10,213.70000000000002,184,0.16304347826086957,418.11,1,1,1,3,Lost,1
14242,235,2,280.55,2011-01-18 08:53:00,2011-04-19 11:46:00,United Kingdom,13,140.275,326,0.18404907975460122,309.81,1,3,2,6,At Risk,1
14243,9,10,2588.77,2010-12-09 08:34:00,2011-12-01 11:12:00,United Kingdom,99,258.877,366,0.819672131147541,2546.33,5,5,5,15,Champions,0
14245,220,2,1693.45,2011-03-21 10:41:00,2011-05-04 08:40:00,United Kingdom,107,846.725,264,0.22727272727272727,2309.25,1,3,4,8,Potential Loyalists,1
14246,111,3,1474.06,2011-04-08 08:25:00,2011-08-21 11:50:00,United Kingdom,57,491.3533333333333,246,0.3658536585365854,2157.16,2,3,4,9,Potential Loyalists,1
14247,278,1,136.76999999999998,2011-03-06 15:21:00,2011-03-06 15:21:00,United Kingdom,19,136.76999999999998,278,0.1079136690647482,177.11,1,1,1,3,Lost,1
14248,318,1,302.58,2011-01-25 14:45:00,2011-01-25 14:45:00,United Kingdom,8,302.58,318,0.09433962264150944,342.54,1,1,2,4,Lost,1
14250,7,3,1904.05,2011-09-11 13:44:00,2011-12-02 14:30:00,United Kingdom,94,634.6833333333333,89,1.0112359550561798,7701.78,5,3,4,12,Loyal Customers,0
14251,2,5,2879.7000000000003,2011-10-13 12:46:00,2011-12-08 08:32:00,United Kingdom,37,575.94,58,2.586206896551724,17874.0,5,4,5,14,Champions,0
14256,260,2,969.0600000000001,2010-12-10 11:44:00,2011-03-24 13:17:00,United Kingdom,51,484.53000000000003,365,0.16438356164383564,955.79,1,3,4,8,Potential Loyalists,1
14257,64,5,3099.7200000000003,2011-01-25 10:49:00,2011-10-06 16:54:00,United Kingdom,88,619.9440000000001,319,0.4702194357366771,3498.12,3,4,5,12,Loyal Customers,0
14258,9,9,12669.98,2011-01-06 12:18:00,2011-11-30 15:27:00,United Kingdom,58,1407.7755555555555,338,0.7988165680473372,13494.65,5,5,5,15,Champions,0
14259,142,1,120.0,2011-07-21 10:44:00,2011-07-21 10:44:00,United Kingdom,5,120.0,142,0.2112676056338028,304.23,2,1,1,4,Lost,1
14261,51,2,1163.45,2011-09-22 10:47:00,2011-10-20 10:04:00,United Kingdom,52,581.725,79,0.759493670886076,5301.8,3,3,4,10,Loyal Customers,0
14262,8,8,2618.23,2011-04-13 12:23:00,2011-12-01 14:17:00,United Kingdom,87,327.27875,241,0.995850622406639,3911.05,5,5,5,15,Champions,0
14264,155,2,333.97,2011-04-08 12:20:00,2011-07-08 10:20:00,United Kingdom,15,166.985,246,0.24390243902439027,488.74,2,3,2,7,Potential Loyalists,1
14265,109,2,530.18,2011-07-14 09:10:00,2011-08-22 13:32:00,Unspecified,31,265.09,149,0.40268456375838924,1280.97,2,3,3,8,Potential Loyalists,1
14267,163,3,1516.24,2011-03-24 11:38:00,2011-06-30 10:09:00,United Kingdom,25,505.41333333333336,261,0.3448275862068966,2091.37,2,3,4,9,Potential Loyalists,1
14270,332,1,492.65000000000003,2011-01-12 09:33:00,2011-01-12 09:33:00,United Kingdom,29,492.65000000000003,332,0.09036144578313253,534.2,1,1,3,5,At Risk,1
14271,226,1,112.32,2011-04-28 12:47:00,2011-04-28 12:47:00,United Kingdom,10,112.32,226,0.13274336283185842,178.92,1,1,1,3,Lost,1
14272,74,2,437.96,2011-03-30 13:57:00,2011-09-27 10:08:00,United Kingdom,33,218.98,254,0.23622047244094488,620.73,2,3,2,7,Potential Loyalists,0
14273,51,4,559.97,2011-04-11 13:24:00,2011-10-19 13:20:00,United Kingdom,22,139.9925,242,0.49586776859504134,833.01,3,4,3,10,Loyal Customers,0
14276,99,3,1119.74,2011-02-23 09:38:00,2011-09-02 09:45:00,United Kingdom,52,373.24666666666667,290,0.3103448275862069,1390.02,2,3,4,9,Potential Loyalists,1
14277,15,3,4216.2,2011-05-11 13:20:00,2011-11-24 15:01:00,France,195,1405.3999999999999,212,0.42452830188679247,7159.58,4,3,5,12,Loyal Customers,0
14280,197,1,134.04,2011-05-27 10:37:00,2011-05-27 10:37:00,United Kingdom,8,134.04,197,0.15228426395939088,244.95,1,1,1,3,Lost,1
14282,3,15,3729.34,2010-12-07 12:21:00,2011-12-06 17:04:00,United Kingdom,70,248.62266666666667,368,1.2228260869565217,3648.27,5,5,5,15,Champions,0
14284,31,2,595.25,2011-09-14 13:04:00,2011-11-09 08:11:00,United Kingdom,24,297.625,86,0.6976744186046512,2491.74,4,3,3,10,Loyal Customers,0
14285,21,4,1910.01,2011-06-16 12:36:00,2011-11-18 14:50:00,United Kingdom,18,477.5025,177,0.6779661016949152,3884.77,4,4,4,12,Loyal Customers,0
14286,24,3,4628.75,2011-04-11 08:16:00,2011-11-16 10:34:00,United Kingdom,220,1542.9166666666667,243,0.3703703703703704,6857.41,4,3,5,12,Loyal Customers,0
14287,8,3,176.63,2011-05-25 11:41:00,2011-12-01 13:25:00,United Kingdom,9,58.876666666666665,199,0.4522613065326633,319.53,5,3,1,9,Potential Loyalists,0
14288,213,1,426.6,2011-05-10 13:22:00,2011-05-10 13:22:00,United Kingdom,16,426.6,213,0.14084507042253522,721.01,1,1,2,4,Lost,1
14289,9,6,911.26,2011-02-23 12:33:00,2011-12-01 11:44:00,United Kingdom,33,151.87666666666667,290,0.6206896551724138,1131.22,5,5,3,13,Champions,0
14290,11,5,2314.65,2010-12-13 10:24:00,2011-11-28 14:02:00,United Kingdom,89,462.93,362,0.4143646408839779,2301.86,5,4,5,14,Champions,0
14291,2,11,3883.25,2011-03-09 15:20:00,2011-12-08 10:26:00,United Kingdom,145,353.02272727272725,275,1.2000000000000002,5083.53,5,5,5,15,Champions,0
14292,8,9,4871.93,2011-03-02 08:26:00,2011-12-02 11:50:00,United Kingdom,64,541.3255555555556,283,0.9540636042402827,6197.51,5,5,5,15,Champions,0
14293,3,4,1046.56,2010-12-06 10:18:00,2011-12-06 15:17:00,United Kingdom,51,261.64,369,0.3252032520325203,1021.03,5,4,4,13,Champions,0
14295,40,1,166.20000000000002,2011-10-30 15:50:00,2011-10-30 15:50:00,United Kingdom,5,166.20000000000002,40,0.75,1495.8,3,1,1,5,At Risk,0
14297,18,4,1305.33,2011-03-10 08:31:00,2011-11-22 09:06:00,United Kingdom,48,326.3325,275,0.4363636363636364,1708.8,4,4,4,12,Loyal Customers,0
14298,8,44,51527.3,2010-12-14 12:59:00,2011-12-01 13:12:00,United Kingdom,884,1171.075,360,3.6666666666666665,51527.3,5,5,5,15,Champions,0
14299,8,9,3965.62,2010-12-09 10:30:00,2011-12-01 16:05:00,United Kingdom,94,440.6244444444444,366,0.7377049180327869,3900.61,5,5,5,15,Champions,0
14300,19,1,43.2,2011-11-21 08:57:00,2011-11-21 08:57:00,United Kingdom,3,43.2,19,1.0,518.4,4,1,1,6,At Risk,0
14301,117,1,640.14,2011-08-14 15:33:00,2011-08-14 15:33:00,United Kingdom,13,640.14,117,0.25641025641025644,1969.66,2,1,3,6,At Risk,1
14304,223,1,383.45,2011-05-01 11:50:00,2011-05-01 11:50:00,United Kingdom,17,383.45,223,0.13452914798206278,619.02,1,1,2,4,Lost,1
14305,71,3,1858.96,2011-07-27 14:14:00,2011-09-29 15:29:00,United Kingdom,96,619.6533333333333,135,0.6666666666666666,4957.23,3,3,4,10,Loyal Customers,0
14306,51,2,2093.32,2011-09-15 10:31:00,2011-10-19 13:23:00,United Kingdom,33,1046.66,86,0.6976744186046512,8762.73,3,3,5,11,Loyal Customers,0
14307,89,6,2995.72,2010-12-01 11:41:00,2011-09-12 09:38:00,United Kingdom,150,499.28666666666663,374,0.48128342245989303,2883.58,2,5,5,12,Loyal Customers,0
14309,8,9,2352.53,2010-12-16 13:05:00,2011-12-01 13:33:00,United Kingdom,74,261.39222222222224,358,0.7541899441340782,2365.67,5,5,5,15,Champions,0
14311,243,1,310.26,2011-04-11 10:14:00,2011-04-11 10:14:00,United Kingdom,20,310.26,243,0.1234567901234568,459.64,1,1,2,4,Lost,1
14312,47,6,1611.59,2011-01-06 16:35:00,2011-10-24 09:46:00,United Kingdom,74,268.5983333333333,337,0.5341246290801187,1721.58,3,5,4,12,Loyal Customers,0
14314,107,1,120.0,2011-08-25 10:39:00,2011-08-25 10:39:00,United Kingdom,8,120.0,107,0.2803738317757009,403.74,2,1,1,4,Lost,1
14315,45,6,2481.13,2011-03-18 12:59:00,2011-10-26 12:06:00,United Kingdom,64,413.5216666666667,266,0.6766917293233082,3357.92,3,5,5,13,Champions,0
14317,65,1,508.58000000000004,2011-10-06 10:44:00,2011-10-06 10:44:00,United Kingdom,24,508.58000000000004,65,0.46153846153846156,2816.75,3,1,3,7,Potential Loyalists,0
14320,207,2,477.79,2011-01-11 09:12:00,2011-05-17 09:24:00,United Kingdom,29,238.895,333,0.1801801801801802,516.53,1,3,2,6,At Risk,1
14321,11,5,1530.75,2011-01-10 11:35:00,2011-11-29 09:47:00,United Kingdom,111,306.15,334,0.44910179640718567,1649.91,5,4,4,13,Champions,0
14323,115,2,605.0600000000001,2011-04-15 11:44:00,2011-08-17 11:37:00,United Kingdom,32,302.53000000000003,239,0.2510460251046025,911.39,2,3,3,8,Potential Loyalists,1
14326,242,1,183.85,2011-04-11 15:04:00,2011-04-11 15:04:00,United Kingdom,8,183.85,242,0.12396694214876033,273.5,1,1,1,3,Lost,1
14327,163,1,311.65,2011-06-29 13:58:00,2011-06-29 13:58:00,United Kingdom,12,311.65,163,0.18404907975460122,688.31,2,1,2,5,At Risk,1
14329,17,7,5014.84,2011-01-14 13:42:00,2011-11-22 15:50:00,United Kingdom,218,716.4057142857143,329,0.6382978723404256,5487.36,4,5,5,14,Champions,0
14331,124,2,462.65999999999997,2011-07-27 15:14:00,2011-08-07 13:17:00,United Kingdom,27,231.32999999999998,135,0.4444444444444444,1233.76,2,3,2,7,Potential Loyalists,1
14332,23,3,866.31,2011-07-15 10:33:00,2011-11-17 11:54:00,United Kingdom,22,288.77,148,0.6081081081081081,2107.24,4,3,3,10,Loyal Customers,0
14333,68,1,415.2,2011-10-03 10:38:00,2011-10-03 10:38:00,United Kingdom,15,415.2,68,0.4411764705882353,2198.12,3,1,2,6,At Risk,0
14334,17,8,2552.21,2010-12-16 17:37:00,2011-11-23 10:01:00,United Kingdom,98,319.02625,358,0.6703910614525139,2566.47,4,5,5,14,Champions,0
14335,16,2,468.26,2011-09-04 13:07:00,2011-11-23 13:41:00,Germany,55,234.13,96,0.625,1755.98,4,3,2,9,Potential Loyalists,0
14336,17,4,1614.91,2011-03-08 16:48:00,2011-11-23 11:40:00,United Kingdom,77,403.7275,276,0.4347826086956522,2106.4,4,4,4,12,Loyal Customers,0
14338,161,2,588.22,2011-05-27 13:30:00,2011-07-01 14:08:00,United Kingdom,30,294.11,196,0.30612244897959184,1080.4,2,3,3,8,Potential Loyalists,1
14339,243,1,309.52,2011-04-11 11:06:00,2011-04-11 11:06:00,United Kingdom,14,309.52,243,0.1234567901234568,458.55,1,1,2,4,Lost,1
14340,219,1,134.7,2011-05-05 09:44:00,2011-05-05 09:44:00,United Kingdom,6,134.7,219,0.136986301369863,221.42,1,1,1,3,Lost,1
14341,45,8,2182.28,2011-01-25 13:55:00,2011-10-25 15:48:00,United Kingdom,109,272.785,318,0.7547169811320755,2470.51,3,5,5,13,Champions,0
14342,21,4,668.5600000000001,2011-05-13 13:50:00,2011-11-18 13:21:00,United Kingdom,18,167.14000000000001,210,0.5714285714285714,1146.1,4,4,3,11,Loyal Customers,0
14344,127,8,889.9300000000001,2010-12-06 11:58:00,2011-08-04 13:51:00,United Kingdom,56,111.24125000000001,369,0.6504065040650406,868.22,2,5,3,10,Loyal Customers,1
14345,39,1,108.97999999999999,2011-11-01 09:51:00,2011-11-01 09:51:00,United Kingdom,6,108.97999999999999,39,0.7692307692307692,1005.97,3,1,1,5,At Risk,0
14346,121,2,1021.58,2011-02-15 13:52:00,2011-08-11 09:47:00,United Kingdom,55,510.79,297,0.20202020202020202,1238.28,2,3,4,9,Potential Loyalists,1
14348,260,1,409.57,2011-03-24 16:23:00,2011-03-24 16:23:00,United Kingdom,18,409.57,260,0.11538461538461539,567.1,1,1,2,4,Lost,1
14349,10,1,133.5,2011-11-29 15:39:00,2011-11-29 15:39:00,United Kingdom,31,133.5,10,1.0,1602.0,5,1,1,7,Potential Loyalists,0
14350,274,1,282.93,2011-03-10 14:14:00,2011-03-10 14:14:00,United Kingdom,18,282.93,274,0.10948905109489052,371.73,1,1,2,4,Lost,1
14351,165,1,51.0,2011-06-28 11:56:00,2011-06-28 11:56:00,United Kingdom,1,51.0,165,0.18181818181818182,111.27,2,1,1,4,Lost,1
14352,157,4,1078.96,2011-03-11 14:58:00,2011-07-05 15:41:00,United Kingdom,44,269.74,273,0.43956043956043955,1422.8,2,4,4,10,Loyal Customers,1
14353,215,1,90.6,2011-05-08 16:06:00,2011-05-08 16:06:00,United Kingdom,6,90.6,215,0.13953488372093023,151.7,1,1,1,3,Lost,1
14354,6,2,163.62,2011-11-09 15:36:00,2011-12-04 11:32:00,United Kingdom,9,81.81,30,2.0,1963.44,5,3,1,9,Potential Loyalists,0
14355,366,1,174.4,2010-12-09 12:16:00,2010-12-09 12:16:00,United Kingdom,11,174.4,366,0.0819672131147541,171.54,1,1,1,3,Lost,1
14356,80,2,701.23,2011-09-19 14:43:00,2011-09-21 09:18:00,United Kingdom,33,350.615,81,0.7407407407407407,3116.58,2,3,3,8,Potential Loyalists,0
14357,43,1,225.77,2011-10-27 16:23:00,2011-10-27 16:23:00,United Kingdom,39,225.77,43,0.6976744186046512,1890.17,3,1,1,5,At Risk,0
14359,19,3,912.18,2011-09-13 09:03:00,2011-11-20 13:17:00,United Kingdom,44,304.06,88,1.0227272727272727,3731.65,4,3,3,10,Loyal Customers,0
14360,32,4,2128.23,2011-09-06 11:58:00,2011-11-08 09:12:00,United Kingdom,104,532.0575,95,1.2631578947368423,8064.87,4,4,5,13,Champions,0
14362,22,1,161.2,2011-11-17 15:08:00,2011-11-17 15:08:00,United Kingdom,37,161.2,22,1.0,1934.4,4,1,1,6,At Risk,0
14364,109,8,3717.35,2011-05-12 12:56:00,2011-08-23 11:01:00,United Kingdom,61,464.66875,211,1.1374407582938388,6342.4,2,5,5,12,Loyal Customers,1
14367,8,16,9261.52,2011-03-08 14:12:00,2011-12-01 13:19:00,United Kingdom,270,578.845,276,1.7391304347826089,12080.24,5,5,5,15,Champions,0
14368,320,1,155.0,2011-01-24 09:52:00,2011-01-24 09:52:00,United Kingdom,8,155.0,320,0.09375,174.38,1,1,1,3,Lost,1
14371,295,1,100.5,2011-02-17 16:35:00,2011-02-17 16:35:00,United Kingdom,4,100.5,295,0.10169491525423728,122.64,1,1,1,3,Lost,1
14373,358,1,76.55,2010-12-16 15:40:00,2010-12-16 15:40:00,United Kingdom,4,76.55,358,0.08379888268156424,76.98,1,1,1,3,Lost,1
14375,185,1,257.68,2011-06-07 13:44:00,2011-06-07 13:44:00,United Kingdom,57,257.68,185,0.16216216216216214,501.43,1,1,2,4,Lost,1
14377,191,2,617.05,2011-03-22 13:38:00,2011-06-01 13:32:00,United Kingdom,11,308.525,262,0.22900763358778628,847.85,1,3,3,7,Potential Loyalists,1
14379,44,2,348.1,2011-02-17 15:03:00,2011-10-26 16:43:00,United Kingdom,39,174.05,295,0.20338983050847456,424.8,3,3,2,8,Potential Loyalists,0
14381,52,1,202.68,2011-10-18 17:10:00,2011-10-18 17:10:00,United Kingdom,56,202.68,52,0.5769230769230769,1403.17,3,1,1,5,At Risk,0
14382,26,1,626.0699999999999,2011-11-13 16:18:00,2011-11-13 16:18:00,United Kingdom,121,626.0699999999999,26,1.0,7512.84,4,1,3,8,Potential Loyalists,0
14383,38,3,1247.69,2011-06-29 10:18:00,2011-11-01 15:53:00,United Kingdom,49,415.8966666666667,164,0.5487804878048781,2738.83,3,3,4,10,Loyal Customers,0
14385,9,3,202.11,2011-11-16 11:55:00,2011-11-30 15:36:00,United Kingdom,13,67.37,24,3.0,2425.32,5,3,1,9,Potential Loyalists,0
14386,297,1,142.4,2011-02-16 09:45:00,2011-02-16 09:45:00,United Kingdom,7,142.4,297,0.10101010101010101,172.61,1,1,1,3,Lost,1
14387,33,3,1770.56,2011-08-22 14:13:00,2011-11-07 12:29:00,United Kingdom,125,590.1866666666666,109,0.8256880733944955,5847.72,4,3,4,11,Loyal Customers,0
14388,10,8,3212.84,2010-12-02 11:02:00,2011-11-29 13:32:00,United Kingdom,124,401.605,373,0.6434316353887399,3100.86,5,5,5,15,Champions,0
14389,65,2,1043.46,2011-06-02 12:04:00,2011-10-05 15:17:00,United Kingdom,33,521.73,191,0.31413612565445026,1966.73,3,3,4,10,Loyal Customers,0
14390,10,9,4652.82,2010-12-02 11:57:00,2011-11-29 13:49:00,United Kingdom,135,516.98,373,0.7238605898123325,4490.66,5,5,5,15,Champions,0
14393,218,1,67.95,2011-05-05 18:16:00,2011-05-05 18:16:00,United Kingdom,5,67.95,218,0.13761467889908258,112.21,1,1,1,3,Lost,1
14395,2,9,3507.71,2010-12-02 18:15:00,2011-12-07 14:34:00,United Kingdom,181,389.74555555555554,372,0.7258064516129032,3394.56,5,5,5,15,Champions,0
14396,65,2,487.99,2010-12-03 15:19:00,2011-10-05 16:09:00,United Kingdom,71,243.995,371,0.16172506738544473,473.52,3,3,2,8,Potential Loyalists,0
14397,3,19,2612.96,2011-05-10 12:25:00,2011-12-07 09:22:00,United Kingdom,18,137.52421052631578,214,2.663551401869159,4395.63,5,5,5,15,Champions,0
14400,149,1,574.7,2011-07-13 15:50:00,2011-07-13 15:50:00,United Kingdom,25,574.7,149,0.20134228187919462,1388.54,2,1,3,6,At Risk,1
14401,4,13,4051.48,2010-12-15 09:07:00,2011-12-05 13:30:00,United Kingdom,113,311.6523076923077,360,1.0833333333333333,4051.48,5,5,5,15,Champions,0
14403,130,4,1475.81,2011-04-06 14:23:00,2011-08-01 12:57:00,United Kingdom,17,368.9525,247,0.4858299595141701,2150.98,2,4,4,10,Loyal Customers,1
14404,34,6,1474.32,2010-12-05 16:00:00,2011-11-06 12:30:00,United Kingdom,70,245.72,369,0.4878048780487805,1438.36,3,5,4,12,Loyal Customers,0
14406,119,1,156.75,2011-08-12 16:54:00,2011-08-12 16:54:00,United Kingdom,8,156.75,119,0.25210084033613445,474.2,2,1,1,4,Lost,1
14407,107,6,2157.73,2011-03-08 11:59:00,2011-08-24 14:02:00,United Kingdom,67,359.62166666666667,277,0.6498194945848376,2804.27,2,5,5,12,Loyal Customers,1
14408,11,7,2606.53,2011-03-20 14:41:00,2011-11-29 11:41:00,United Kingdom,60,372.3614285714286,264,0.7954545454545454,3554.36,5,5,5,15,Champions,0
14409,71,6,2059.4500000000003,2010-12-06 15:03:00,2011-09-29 18:18:00,United Kingdom,40,343.24166666666673,368,0.48913043478260865,2014.68,3,5,5,13,Champions,0
14410,92,9,1105.07,2011-02-07 09:36:00,2011-09-08 15:08:00,United Kingdom,153,122.78555555555555,306,0.8823529411764707,1300.08,2,5,4,11,Loyal Customers,1
14411,311,1,1063.0,2011-02-02 10:56:00,2011-02-02 10:56:00,United Kingdom,14,1063.0,311,0.09646302250803858,1230.48,1,1,4,6,At Risk,1
14412,43,2,770.03,2011-09-28 08:48:00,2011-10-28 10:45:00,United Kingdom,43,385.015,73,0.8219178082191781,3797.41,3,3,3,9,Potential Loyalists,0
14413,362,1,122.7,2010-12-12 13:37:00,2010-12-12 13:37:00,United Kingdom,22,122.7,362,0.08287292817679558,122.02,1,1,1,3,Lost,1
14414,92,7,1496.98,2010-12-16 11:11:00,2011-09-09 12:09:00,United Kingdom,79,213.8542857142857,359,0.584958217270195,1501.15,2,5,4,11,Loyal Customers,1
14415,1,13,5900.28,2010-12-14 13:31:00,2011-12-08 14:38:00,United Kingdom,283,453.86769230769227,360,1.0833333333333333,5900.28,5,5,5,15,Champions,0
14416,22,2,490.22,2011-10-28 15:10:00,2011-11-17 15:22:00,United Kingdom,13,245.11,42,1.4285714285714286,4201.89,4,3,3,10,Loyal Customers,0
14418,4,3,1937.25,2011-08-23 17:18:00,2011-12-06 11:39:00,United Kingdom,114,645.75,108,0.8333333333333333,6457.5,5,3,4,12,Loyal Customers,0
14419,11,6,1058.06,2010-12-10 10:56:00,2011-11-29 11:22:00,United Kingdom,112,176.34333333333333,365,0.4931506849315069,1043.57,5,5,4,14,Champions,0
14420,99,1,387.52,2011-09-01 18:07:00,2011-09-01 18:07:00,United Kingdom,29,387.52,99,0.30303030303030304,1409.16,2,1,2,5,At Risk,1
14421,57,2,813.11,2011-05-12 10:49:00,2011-10-13 13:24:00,United Kingdom,25,406.555,212,0.2830188679245283,1380.75,3,3,3,9,Potential Loyalists,0
14422,1,6,4263.64,2011-03-17 17:26:00,2011-12-09 11:26:00,United Kingdom,189,710.6066666666667,267,0.6741573033707865,5748.73,5,5,5,15,Champions,0
14423,218,1,265.2,2011-05-05 15:12:00,2011-05-05 15:12:00,United Kingdom,3,265.2,218,0.13761467889908258,437.94,1,1,2,4,Lost,1
14424,18,1,322.08,2011-11-22 11:48:00,2011-11-22 11:48:00,United Kingdom,1,322.08,18,1.0,3864.96,4,1,2,7,Potential Loyalists,0
14426,24,10,4481.67,2011-01-31 09:51:00,2011-11-16 12:25:00,United Kingdom,183,448.16700000000003,313,0.9584664536741214,5154.64,4,5,5,14,Champions,0
14427,50,2,363.34000000000003,2011-10-07 09:10:00,2011-10-20 14:23:00,United Kingdom,16,181.67000000000002,64,0.9375,2043.79,3,3,2,8,Potential Loyalists,0
14428,7,5,1244.83,2011-01-18 16:39:00,2011-12-02 13:17:00,United Kingdom,108,248.96599999999998,325,0.4615384615384615,1378.89,5,4,4,13,Champions,0
14431,303,1,470.36,2011-02-10 10:40:00,2011-02-10 10:40:00,United Kingdom,17,470.36,303,0.09900990099009901,558.84,1,1,2,4,Lost,1
14432,10,6,2255.51,2011-09-11 14:09:00,2011-11-30 08:04:00,United Kingdom,256,375.91833333333335,89,2.0224719101123596,9123.41,5,5,5,15,Champions,0
14434,22,6,1372.8,2011-09-28 15:31:00,2011-11-18 08:56:00,United Kingdom,3,228.79999999999998,72,2.5,6864.0,4,5,4,13,Champions,0
14436,99,1,89.06,2011-09-02 10:13:00,2011-09-02 10:13:00,United Kingdom,9,89.06,99,0.30303030303030304,323.85,2,1,1,4,Lost,1
14437,366,1,63.0,2010-12-09 09:27:00,2010-12-09 09:27:00,United Kingdom,5,63.0,366,0.0819672131147541,61.97,1,1,1,3,Lost,1
14438,306,1,131.9,2011-02-06 14:56:00,2011-02-06 14:56:00,United Kingdom,9,131.9,306,0.09803921568627452,155.18,1,1,1,3,Lost,1
14439,320,1,2661.24,2011-01-24 11:39:00,2011-01-24 11:39:00,Greece,32,2661.24,320,0.09375,2993.89,1,1,5,7,Potential Loyalists,1
14440,8,5,2357.6800000000003,2010-12-09 12:49:00,2011-12-01 15:42:00,United Kingdom,33,471.53600000000006,366,0.4098360655737705,2319.03,5,4,5,14,Champions,0
14441,1,4,1712.89,2011-03-29 12:01:00,2011-12-09 09:07:00,United Kingdom,43,428.2225,256,0.46875,2408.75,5,4,4,13,Champions,0
14442,205,2,1589.82,2011-01-27 09:33:00,2011-05-19 11:36:00,Channel Islands,58,794.91,317,0.18927444794952683,1805.47,1,3,4,8,Potential Loyalists,1
14443,54,4,1420.2,2010-12-06 11:03:00,2011-10-17 10:10:00,United Kingdom,84,355.05,369,0.3252032520325203,1385.56,3,4,4,11,Loyal Customers,0
14446,1,4,1039.58,2011-04-07 12:10:00,2011-12-09 11:34:00,United Kingdom,233,259.895,247,0.4858299595141701,1515.18,5,4,4,13,Champions,0
14447,19,5,1163.23,2011-03-04 10:49:00,2011-11-21 08:28:00,United Kingdom,54,232.64600000000002,281,0.5338078291814946,1490.26,4,4,4,12,Loyal Customers,0
14448,9,2,375.35,2010-12-10 17:26:00,2011-11-30 13:50:00,United Kingdom,20,187.675,364,0.16483516483516483,371.23,5,3,2,10,Loyal Customers,0
14449,19,4,907.1,2010-12-02 14:09:00,2011-11-21 12:06:00,United Kingdom,201,226.775,372,0.3225806451612903,877.84,4,4,3,11,Loyal Customers,0
14450,181,3,483.25,2011-01-23 11:53:00,2011-06-12 10:46:00,United Kingdom,32,161.08333333333334,321,0.28037383177570097,541.96,1,3,2,6,At Risk,1
14451,60,2,662.59,2011-05-29 12:35:00,2011-10-10 13:38:00,United Kingdom,86,331.295,195,0.3076923076923077,1223.24,3,3,3,9,Potential Loyalists,0
14452,11,2,264.44,2011-09-07 11:32:00,2011-11-29 12:06:00,United Kingdom,55,132.22,94,0.6382978723404256,1012.75,5,3,2,10,Loyal Customers,0
14453,190,1,119.93,2011-06-02 14:15:00,2011-06-02 14:15:00,United Kingdom,22,119.93,190,0.15789473684210528,227.24,1,1,1,3,Lost,1
14456,5,9,3062.4,2011-07-20 13:06:00,2011-12-04 13:59:00,United Kingdom,580,340.26666666666665,142,1.9014084507042253,7763.83,5,5,5,15,Champions,0
14457,311,1,113.64,2011-02-02 09:39:00,2011-02-02 09:39:00,United Kingdom,4,113.64,311,0.09646302250803858,131.54,1,1,1,3,Lost,1
14459,155,1,1837.92,2011-07-07 13:35:00,2011-07-07 13:35:00,United Kingdom,37,1837.92,155,0.1935483870967742,4268.72,2,1,4,7,Potential Loyalists,1
14460,110,3,434.34,2011-02-02 11:55:00,2011-08-21 14:19:00,United Kingdom,14,144.78,311,0.28938906752411575,502.77,2,3,2,7,Potential Loyalists,1
14461,148,3,2103.06,2011-03-23 12:15:00,2011-07-14 17:11:00,United Kingdom,173,701.02,262,0.3435114503816794,2889.7,2,3,5,10,Loyal Customers,1
14462,66,11,2004.02,2011-01-04 12:45:00,2011-10-04 15:55:00,United Kingdom,150,182.18363636363637,340,0.9705882352941176,2121.9,3,5,4,12,Loyal Customers,0
14463,98,3,529.62,2011-05-18 14:42:00,2011-09-02 15:20:00,United Kingdom,6,176.54,205,0.43902439024390244,930.06,2,3,3,8,Potential Loyalists,1
14465,247,3,1058.6200000000001,2011-02-10 12:13:00,2011-04-07 12:38:00,United Kingdom,107,352.8733333333334,303,0.297029702970297,1257.77,1,3,4,8,Potential Loyalists,1
14466,29,7,2272.4,2010-12-02 13:36:00,2011-11-10 14:07:00,United Kingdom,35,324.62857142857143,372,0.564516129032258,2199.1,4,5,5,14,Champions,0
14467,18,4,598.76,2011-01-31 12:35:00,2011-11-22 12:48:00,United Kingdom,67,149.69,313,0.38338658146964855,688.67,4,4,3,11,Loyal Customers,0
14470,12,2,461.19,2011-02-25 11:56:00,2011-11-28 10:31:00,United Kingdom,43,230.595,288,0.20833333333333334,576.49,5,3,2,10,Loyal Customers,0
14472,104,8,1936.84,2010-12-19 14:03:00,2011-08-28 11:01:00,United Kingdom,153,242.105,355,0.676056338028169,1964.12,2,5,4,11,Loyal Customers,1
14473,74,2,234.34000000000003,2011-03-02 13:56:00,2011-09-26 15:10:00,United Kingdom,7,117.17000000000002,282,0.2127659574468085,299.16,2,3,1,6,At Risk,0
14474,46,1,547.66,2011-10-24 13:26:00,2011-10-24 13:26:00,United Kingdom,29,547.66,46,0.6521739130434783,4286.03,3,1,3,7,Potential Loyalists,0
14475,72,3,925.85,2011-02-08 10:12:00,2011-09-29 10:46:00,United Kingdom,35,308.6166666666667,305,0.29508196721311475,1092.81,3,3,3,9,Potential Loyalists,0
14476,257,1,215.7,2011-03-27 15:39:00,2011-03-27 15:39:00,United Kingdom,17,215.7,257,0.11673151750972763,302.15,1,1,1,3,Lost,1
14477,20,4,1309.6,2011-02-15 15:44:00,2011-11-20 11:11:00,United Kingdom,7,327.4,297,0.40404040404040403,1587.39,4,4,4,12,Loyal Customers,0
14479,254,2,316.25,2010-12-09 12:59:00,2011-03-31 09:07:00,United Kingdom,18,158.125,365,0.16438356164383564,311.92,1,3,2,6,At Risk,1
14480,11,1,279.05,2011-11-28 16:35:00,2011-11-28 16:35:00,United Kingdom,13,279.05,11,1.0,3348.6,5,1,2,8,Potential Loyalists,0
14481,165,2,636.51,2011-02-25 13:53:00,2011-06-28 10:38:00,United Kingdom,25,318.255,287,0.20905923344947736,798.41,2,3,3,8,Potential Loyalists,1
14482,18,6,2068.15,2011-04-14 16:41:00,2011-11-21 13:14:00,United Kingdom,110,344.69166666666666,239,0.7531380753138075,3115.21,4,5,5,14,Champions,0
14483,282,1,137.1,2011-03-03 10:26:00,2011-03-03 10:26:00,United Kingdom,9,137.1,282,0.10638297872340426,175.02,1,1,1,3,Lost,1
14484,50,1,321.92,2011-10-20 14:11:00,2011-10-20 14:11:00,United Kingdom,14,321.92,50,0.6,2317.82,3,1,2,6,At Risk,0
14485,39,1,165.75,2011-11-01 12:25:00,2011-11-01 12:25:00,United Kingdom,44,165.75,39,0.7692307692307692,1530.0,3,1,1,5,At Risk,0
14487,27,6,1196.33,2010-12-06 13:22:00,2011-11-13 12:17:00,United Kingdom,112,199.38833333333332,368,0.48913043478260865,1170.32,4,5,4,13,Champions,0
14488,68,1,1064.28,2011-10-03 09:30:00,2011-10-03 09:30:00,United Kingdom,46,1064.28,68,0.4411764705882353,5634.42,3,1,4,8,Potential Loyalists,0
14489,207,1,463.38,2011-05-16 14:51:00,2011-05-16 14:51:00,United Kingdom,30,463.38,207,0.14492753623188406,805.88,1,1,2,4,Lost,1
14491,175,2,340.93,2010-12-02 12:10:00,2011-06-17 15:22:00,United Kingdom,17,170.465,373,0.16085790884718498,329.05,2,3,2,7,Potential Loyalists,1
14493,7,5,2383.2400000000002,2011-07-07 16:59:00,2011-12-02 16:14:00,United Kingdom,95,476.648,155,0.9677419354838709,5535.27,5,4,5,14,Champions,0
14494,26,1,139.56,2011-11-14 09:21:00,2011-11-14 09:21:00,United Kingdom,7,139.56,26,1.0,1674.72,4,1,1,6,At Risk,0
14495,51,2,123.8,2011-08-10 14:13:00,2011-10-20 12:28:00,United Kingdom,6,61.9,121,0.49586776859504134,368.33,3,3,1,7,Potential Loyalists,0
14496,312,2,538.8100000000001,2010-12-01 15:35:00,2011-02-01 09:01:00,United Kingdom,16,269.40500000000003,373,0.16085790884718498,520.03,1,3,3,7,Potential Loyalists,1
14497,309,1,475.37,2011-02-03 17:01:00,2011-02-03 17:01:00,United Kingdom,29,475.37,309,0.0970873786407767,553.83,1,1,2,4,Lost,1
14498,43,5,1957.32,2010-12-13 11:29:00,2011-10-28 12:09:00,United Kingdom,162,391.464,362,0.4143646408839779,1946.51,3,4,4,11,Loyal Customers,0
14499,26,3,815.32,2011-03-06 11:55:00,2011-11-13 13:01:00,United Kingdom,146,271.77333333333337,279,0.3225806451612903,1052.03,4,3,3,10,Loyal Customers,0
14500,88,3,356.85,2011-06-03 10:08:00,2011-09-12 16:45:00,United Kingdom,6,118.95,190,0.4736842105263158,676.14,2,3,2,7,Potential Loyalists,0
14501,184,2,251.21,2011-01-24 10:43:00,2011-06-09 12:02:00,United Kingdom,9,125.605,320,0.1875,282.61,1,3,2,6,At Risk,1
14502,20,11,2470.67,2011-01-30 15:52:00,2011-11-20 11:50:00,United Kingdom,368,224.60636363636365,313,1.0543130990415335,2841.67,4,5,5,14,Champions,0
14503,3,6,3543.26,2011-06-14 10:00:00,2011-12-06 13:30:00,United Kingdom,113,590.5433333333334,179,1.005586592178771,7126.11,5,5,5,15,Champions,0
14504,47,4,673.26,2011-03-06 14:38:00,2011-10-23 16:00:00,United Kingdom,85,168.315,278,0.4316546762589928,871.85,3,4,3,10,Loyal Customers,0
14505,17,8,5905.64,2010-12-12 16:14:00,2011-11-22 15:45:00,United Kingdom,540,738.205,362,0.6629834254143646,5873.01,4,5,5,14,Champions,0
14506,17,5,2012.17,2010-12-05 14:25:00,2011-11-22 13:02:00,United Kingdom,204,402.434,369,0.4065040650406504,1963.09,4,4,4,12,Loyal Customers,0
14507,24,6,1383.18,2011-03-08 17:23:00,2011-11-16 12:21:00,United Kingdom,79,230.53,276,0.6521739130434783,1804.15,4,5,4,13,Champions,0
14508,22,2,276.42,2011-09-11 11:29:00,2011-11-17 19:48:00,United Kingdom,52,138.21,90,0.6666666666666666,1105.68,4,3,2,9,Potential Loyalists,0
14511,11,5,1314.81,2011-07-29 12:13:00,2011-11-28 17:05:00,United Kingdom,53,262.962,134,1.1194029850746268,3532.33,5,4,4,13,Champions,0
14512,188,2,275.28,2011-04-21 19:05:00,2011-06-05 12:39:00,United Kingdom,19,137.64,232,0.25862068965517243,427.16,1,3,2,6,At Risk,1
14513,101,3,455.59000000000003,2011-02-24 09:36:00,2011-08-31 11:25:00,United Kingdom,11,151.86333333333334,289,0.31141868512110726,567.52,2,3,2,7,Potential Loyalists,1
14514,61,3,1055.35,2011-01-12 15:22:00,2011-10-09 16:05:00,United Kingdom,65,351.7833333333333,331,0.2719033232628399,1147.81,3,3,4,10,Loyal Customers,0
14515,18,6,2102.09,2011-05-05 12:13:00,2011-11-22 11:37:00,United Kingdom,68,350.34833333333336,219,0.8219178082191781,3455.49,4,5,5,14,Champions,0
14517,33,2,330.45,2011-07-21 11:42:00,2011-11-06 14:20:00,United Kingdom,17,165.225,142,0.4225352112676056,837.76,4,3,2,9,Potential Loyalists,0
14518,64,1,174.37,2011-10-06 14:43:00,2011-10-06 14:43:00,United Kingdom,16,174.37,64,0.46875,980.83,3,1,1,5,At Risk,0
14520,2,2,270.6,2011-02-22 09:15:00,2011-12-08 09:46:00,United Kingdom,3,135.3,291,0.2061855670103093,334.76,5,3,2,10,Loyal Customers,0
14522,24,4,974.54,2011-05-25 16:01:00,2011-11-15 13:24:00,United Kingdom,15,243.635,198,0.6060606060606061,1771.89,4,4,4,12,Loyal Customers,0
14523,108,1,241.09,2011-08-23 13:13:00,2011-08-23 13:13:00,United Kingdom,12,241.09,108,0.2777777777777778,803.63,2,1,1,4,Lost,1
14524,32,9,1867.68,2010-12-14 11:01:00,2011-11-08 12:29:00,United Kingdom,161,207.52,361,0.7479224376731302,1862.51,4,5,4,13,Champions,0
14525,20,9,4332.2,2010-12-13 17:40:00,2011-11-20 11:37:00,United Kingdom,217,481.35555555555555,361,0.7479224376731302,4320.2,4,5,5,14,Champions,0
14527,3,55,8508.82,2010-12-05 13:17:00,2011-12-07 12:19:00,United Kingdom,330,154.7058181818182,369,4.471544715447155,8301.29,5,5,5,15,Champions,0
14528,37,1,364.21999999999997,2011-11-02 17:09:00,2011-11-02 17:09:00,United Kingdom,18,364.21999999999997,37,0.8108108108108107,3543.76,3,1,2,6,At Risk,0
14529,60,3,620.04,2011-08-21 14:10:00,2011-10-10 15:27:00,United Kingdom,177,206.67999999999998,110,0.8181818181818182,2029.22,3,3,3,9,Potential Loyalists,0
14530,26,6,2925.91,2011-02-16 10:47:00,2011-11-14 10:38:00,United Kingdom,140,487.65166666666664,297,0.6060606060606061,3546.56,4,5,5,14,Champions,0
14532,236,4,932.85,2010-12-22 13:48:00,2011-04-17 13:05:00,United Kingdom,45,233.2125,352,0.34090909090909094,954.05,1,4,3,8,Potential Loyalists,1
14533,25,7,1949.72,2010-12-22 11:07:00,2011-11-15 12:05:00,United Kingdom,53,278.5314285714286,353,0.5949008498583569,1988.38,4,5,4,13,Champions,0
14534,3,18,4447.05,2011-01-25 12:33:00,2011-12-07 12:19:00,United Kingdom,331,247.05833333333334,319,1.6927899686520378,5018.61,5,5,5,15,Champions,0
14535,60,3,2864.19,2011-04-05 12:50:00,2011-10-10 15:39:00,United Kingdom,280,954.73,249,0.36144578313253006,4141.0,3,3,5,11,Loyal Customers,0
14536,260,1,171.8,2011-03-25 12:21:00,2011-03-25 12:21:00,United Kingdom,18,171.8,260,0.11538461538461539,237.88,1,1,1,3,Lost,1
14537,58,1,355.56,2011-10-13 10:54:00,2011-10-13 10:54:00,United Kingdom,10,355.56,58,0.5172413793103449,2206.92,3,1,2,6,At Risk,0
14538,65,2,388.25,2011-03-28 14:57:00,2011-10-06 10:31:00,United Kingdom,19,194.125,256,0.234375,545.98,3,3,2,8,Potential Loyalists,0
14539,16,2,537.48,2011-10-26 12:03:00,2011-11-24 09:50:00,United Kingdom,31,268.74,45,1.3333333333333333,4299.84,4,3,3,10,Loyal Customers,0
14540,10,3,996.26,2011-02-03 15:02:00,2011-11-30 10:15:00,United Kingdom,64,332.08666666666664,309,0.2912621359223301,1160.69,5,3,4,12,Loyal Customers,0
14541,59,8,1461.65,2011-01-24 14:16:00,2011-10-12 10:08:00,United Kingdom,71,182.70625,319,0.7523510971786834,1649.51,3,5,4,12,Loyal Customers,0
14542,186,1,103.25,2011-06-07 08:19:00,2011-06-07 08:19:00,United Kingdom,5,103.25,186,0.16129032258064516,199.84,1,1,1,3,Lost,1
14543,29,16,3630.33,2010-12-10 11:51:00,2011-11-11 12:45:00,United Kingdom,43,226.895625,365,1.315068493150685,3580.6,4,5,5,14,Champions,0
14544,24,2,2024.45,2010-12-13 12:50:00,2011-11-15 15:06:00,United Kingdom,97,1012.225,362,0.16574585635359115,2013.27,4,3,4,11,Loyal Customers,0
14546,5,5,2578.09,2011-04-05 12:37:00,2011-12-04 13:00:00,United Kingdom,250,515.618,249,0.6024096385542168,3727.36,5,4,5,14,Champions,0
14547,4,8,4007.54,2011-10-16 14:35:00,2011-12-06 11:06:00,United Kingdom,198,500.9425,54,4.444444444444445,26716.93,5,5,5,15,Champions,0
14548,151,2,652.8,2011-01-26 08:38:00,2011-07-12 12:19:00,United Kingdom,2,326.4,318,0.18867924528301888,739.02,2,3,3,8,Potential Loyalists,1
14549,311,1,289.24,2011-02-01 13:47:00,2011-02-01 13:47:00,United Kingdom,56,289.24,311,0.09646302250803858,334.81,1,1,2,4,Lost,1
14550,11,2,765.62,2011-10-26 12:14:00,2011-11-29 12:12:00,United Kingdom,38,382.81,45,1.3333333333333333,6124.96,5,3,3,11,Loyal Customers,0
14551,18,2,186.23,2011-05-19 18:21:00,2011-11-21 13:36:00,United Kingdom,9,93.115,204,0.29411764705882354,328.64,4,3,1,8,Potential Loyalists,0
14552,152,1,165.07,2011-07-11 12:49:00,2011-07-11 12:49:00,United Kingdom,57,165.07,152,0.19736842105263158,390.96,2,1,1,4,Lost,1
14553,19,5,859.27,2011-01-04 15:40:00,2011-11-20 13:20:00,United Kingdom,103,171.85399999999998,339,0.44247787610619466,912.5,4,4,3,11,Loyal Customers,0
14554,10,4,2381.04,2011-10-18 13:04:00,2011-11-29 16:44:00,United Kingdom,147,595.26,52,2.3076923076923075,16484.12,5,4,5,14,Champions,0
14555,57,2,324.14,2011-02-10 17:19:00,2011-10-13 16:24:00,United Kingdom,18,162.07,302,0.19867549668874174,386.39,3,3,2,8,Potential Loyalists,0
14557,85,1,788.38,2011-09-15 15:48:00,2011-09-15 15:48:00,United Kingdom,16,788.38,85,0.3529411764705882,3339.02,2,1,3,6,At Risk,0
14560,7,22,2237.77,2010-12-17 09:22:00,2011-12-02 15:22:00,United Kingdom,39,101.71681818181818,358,1.8435754189944134,2250.27,5,5,5,15,Champions,0
14561,76,3,1080.76,2011-06-08 13:26:00,2011-09-25 12:39:00,United Kingdom,67,360.25333333333333,184,0.48913043478260865,2114.53,2,3,4,9,Potential Loyalists,0
14562,4,18,5074.77,2011-02-08 14:45:00,2011-12-06 11:05:00,United Kingdom,187,281.9316666666667,304,1.7763157894736843,6009.6,5,5,5,15,Champions,0
14565,96,4,3099.12,2010-12-13 13:25:00,2011-09-05 09:07:00,United Kingdom,111,774.78,361,0.33240997229916897,3090.54,2,4,5,11,Loyal Customers,1
14566,111,1,1432.0,2011-08-21 11:05:00,2011-08-21 11:05:00,Channel Islands,4,1432.0,111,0.27027027027027023,4644.32,2,1,4,7,Potential Loyalists,1
14567,57,2,1530.3600000000001,2011-08-01 13:48:00,2011-10-14 10:21:00,United Kingdom,33,765.1800000000001,130,0.46153846153846156,4237.92,3,3,4,10,Loyal Customers,0
14569,1,1,227.39,2011-12-08 14:58:00,2011-12-08 14:58:00,United Kingdom,10,227.39,1,1.0,2728.68,5,1,1,7,Potential Loyalists,0
14570,281,2,218.06,2011-03-04 10:39:00,2011-03-04 10:58:00,United Kingdom,29,109.03,281,0.21352313167259784,279.37,1,3,1,5,At Risk,1
14572,3,7,2832.84,2011-01-19 17:23:00,2011-12-06 14:40:00,United Kingdom,190,404.6914285714286,324,0.6481481481481481,3147.6,5,5,5,15,Champions,0
14573,180,9,1653.42,2010-12-02 19:59:00,2011-06-13 11:15:00,United Kingdom,127,183.71333333333334,372,0.7258064516129032,1600.08,1,5,4,10,Loyal Customers,1
14576,372,1,35.400000000000006,2010-12-02 17:51:00,2010-12-02 17:51:00,United Kingdom,1,35.400000000000006,372,0.08064516129032258,34.26,1,1,1,3,Lost,1
14577,13,4,859.71,2010-12-12 11:26:00,2011-11-27 12:47:00,United Kingdom,86,214.9275,363,0.3305785123966942,852.6,5,4,3,12,Loyal Customers,0
14578,3,1,168.63,2011-12-06 17:18:00,2011-12-06 17:18:00,United Kingdom,24,168.63,3,1.0,2023.56,5,1,1,7,Potential Loyalists,0
14581,17,1,138.6,2011-11-23 12:39:00,2011-11-23 12:39:00,United Kingdom,16,138.6,17,1.0,1663.2,4,1,1,6,At Risk,0
14582,41,1,114.11,2011-10-30 11:56:00,2011-10-30 11:56:00,United Kingdom,6,114.11,41,0.7317073170731707,1001.94,3,1,1,5,At Risk,0
14583,6,5,1052.55,2011-05-18 11:28:00,2011-12-04 12:32:00,United Kingdom,243,210.51,206,0.7281553398058253,1839.41,5,4,4,13,Champions,0
14584,169,4,1042.26,2011-05-25 17:31:00,2011-06-23 18:33:00,United Kingdom,68,260.565,198,0.6060606060606061,1895.02,2,4,4,10,Loyal Customers,1
14585,50,1,157.05,2011-10-20 14:33:00,2011-10-20 14:33:00,United Kingdom,29,157.05,50,0.6,1130.76,3,1,1,5,At Risk,0
14586,277,1,237.36,2011-03-08 10:04:00,2011-03-08 10:04:00,United Kingdom,19,237.36,277,0.10830324909747294,308.48,1,1,1,3,Lost,1
14587,19,9,1601.14,2011-01-12 13:16:00,2011-11-21 11:34:00,United Kingdom,170,177.90444444444447,331,0.8157099697885196,1741.42,4,5,4,13,Champions,0
14589,372,1,39.75,2010-12-03 11:42:00,2010-12-03 11:42:00,United Kingdom,3,39.75,372,0.08064516129032258,38.47,1,1,1,3,Lost,1
14591,15,4,1447.14,2011-05-10 14:09:00,2011-11-24 13:57:00,United Kingdom,138,361.785,213,0.5633802816901409,2445.87,4,4,4,12,Loyal Customers,0
14592,35,3,570.46,2011-10-06 18:08:00,2011-11-04 16:35:00,United Kingdom,132,190.15333333333334,64,1.40625,3208.84,3,3,3,9,Potential Loyalists,0
14593,22,3,617.99,2011-05-25 11:14:00,2011-11-18 12:48:00,United Kingdom,127,205.99666666666667,199,0.4522613065326633,1117.97,4,3,3,10,Loyal Customers,0
14594,7,2,379.83,2010-12-01 13:54:00,2011-12-02 13:28:00,United Kingdom,48,189.915,373,0.16085790884718498,366.59,5,3,2,10,Loyal Customers,0
14595,20,6,1740.6,2011-01-30 13:36:00,2011-11-20 12:12:00,United Kingdom,94,290.09999999999997,313,0.5750798722044729,2001.97,4,5,4,13,Champions,0
14597,11,2,883.15,2011-06-01 12:33:00,2011-11-28 13:13:00,United Kingdom,45,441.575,192,0.3125,1655.91,5,3,3,11,Loyal Customers,0
14598,44,1,221.97,2011-10-26 13:19:00,2011-10-26 13:19:00,United Kingdom,49,221.97,44,0.6818181818181819,1816.12,3,1,1,5,At Risk,0
14600,306,1,393.33000000000004,2011-02-07 09:48:00,2011-02-07 09:48:00,United Kingdom,25,393.33000000000004,306,0.09803921568627452,462.74,1,1,2,4,Lost,1
14601,11,1,213.96,2011-11-29 09:48:00,2011-11-29 09:48:00,United Kingdom,7,213.96,11,1.0,2567.52,5,1,1,7,Potential Loyalists,0
14603,275,1,660.0,2011-03-10 10:27:00,2011-03-10 10:27:00,United Kingdom,2,660.0,275,0.1090909090909091,864.0,1,1,3,5,At Risk,1
14606,1,93,12156.65,2010-12-01 16:57:00,2011-12-08 19:28:00,United Kingdom,819,130.71666666666667,373,7.479892761394102,11732.96,5,5,5,15,Champions,0
14607,16,14,16569.5,2011-03-23 15:22:00,2011-11-24 10:35:00,United Kingdom,38,1183.5357142857142,261,1.6091954022988506,22854.48,4,5,5,14,Champions,0
14608,4,4,1785.15,2010-12-12 14:49:00,2011-12-05 16:52:00,United Kingdom,8,446.2875,362,0.3314917127071823,1775.29,5,4,4,13,Champions,0
14609,72,4,601.56,2011-02-16 12:10:00,2011-09-28 12:54:00,United Kingdom,2,150.39,297,0.40404040404040403,729.16,3,4,3,10,Loyal Customers,0
14616,243,3,406.08000000000004,2011-01-26 12:42:00,2011-04-11 09:54:00,United Kingdom,2,135.36,318,0.2830188679245283,459.71,1,3,2,6,At Risk,1
14618,9,3,553.44,2011-01-06 11:59:00,2011-11-30 13:45:00,United Kingdom,10,184.48000000000002,338,0.2662721893491124,589.46,5,3,3,11,Loyal Customers,0
14619,246,1,394.44,2011-04-08 07:37:00,2011-04-08 07:37:00,United Kingdom,20,394.44,246,0.12195121951219513,577.23,1,1,2,4,Lost,1
14620,206,2,412.78000000000003,2011-03-01 08:30:00,2011-05-18 11:58:00,United Kingdom,26,206.39000000000001,284,0.2112676056338028,523.24,1,3,2,6,At Risk,1
14621,1,5,1788.3600000000001,2010-12-16 13:00:00,2011-12-08 16:22:00,United Kingdom,80,357.672,358,0.41899441340782123,1798.35,5,4,4,13,Champions,0
14622,185,1,320.58000000000004,2011-06-08 12:42:00,2011-06-08 12:42:00,United Kingdom,21,320.58000000000004,185,0.16216216216216214,623.83,1,1,2,4,Lost,1
14623,32,5,889.25,2011-04-18 13:54:00,2011-11-07 13:56:00,United Kingdom,108,177.85,235,0.6382978723404256,1362.26,4,4,3,11,Loyal Customers,0
14624,57,2,225.85,2011-10-11 14:39:00,2011-10-13 13:44:00,United Kingdom,13,112.925,59,1.0169491525423728,1378.07,3,3,1,7,Potential Loyalists,0
14625,196,2,899.63,2010-12-13 15:36:00,2011-05-27 15:32:00,United Kingdom,51,449.815,361,0.16620498614958448,897.14,1,3,3,7,Potential Loyalists,1
14626,24,4,2791.27,2011-04-20 13:18:00,2011-11-16 10:37:00,United Kingdom,108,697.8175,233,0.5150214592274678,4312.69,4,4,5,13,Champions,0
14628,91,2,671.96,2011-04-11 14:43:00,2011-09-09 14:58:00,United Kingdom,22,335.98,242,0.24793388429752067,999.61,2,3,3,8,Potential Loyalists,1
14629,4,2,959.01,2011-10-23 16:13:00,2011-12-05 16:55:00,United Kingdom,133,479.505,47,1.2765957446808511,7345.61,5,3,4,12,Loyal Customers,0
14631,51,3,1006.98,2011-02-14 09:31:00,2011-10-20 11:17:00,United Kingdom,38,335.66,299,0.3010033444816054,1212.42,3,3,4,10,Loyal Customers,0
14632,263,1,114.56,2011-03-22 08:49:00,2011-03-22 08:49:00,United Kingdom,8,114.56,263,0.11406844106463877,156.81,1,1,1,3,Lost,1
14633,266,1,344.90000000000003,2011-03-18 17:07:00,2011-03-18 17:07:00,United Kingdom,20,344.90000000000003,266,0.11278195488721804,466.78,1,1,2,4,Lost,1
14636,36,2,609.85,2011-03-16 09:52:00,2011-11-03 16:12:00,United Kingdom,27,304.925,269,0.22304832713754646,816.16,3,3,3,9,Potential Loyalists,0
14638,51,1,443.6,2011-10-20 10:10:00,2011-10-20 10:10:00,United Kingdom,16,443.6,51,0.5882352941176471,3131.29,3,1,2,6,At Risk,0
14639,52,6,2984.49,2010-12-13 13:50:00,2011-10-18 15:06:00,United Kingdom,138,497.41499999999996,361,0.4986149584487535,2976.22,3,5,5,13,Champions,0
14640,24,6,2125.08,2011-04-26 12:31:00,2011-11-15 13:07:00,United Kingdom,87,354.18,228,0.7894736842105263,3355.39,4,5,5,14,Champions,0
14641,22,1,110.46,2011-11-18 10:42:00,2011-11-18 10:42:00,United Kingdom,7,110.46,22,1.0,1325.52,4,1,1,6,At Risk,0
14642,59,1,96.12,2011-10-12 11:08:00,2011-10-12 11:08:00,United Kingdom,2,96.12,59,0.5084745762711864,586.49,3,1,1,5,At Risk,0
14643,170,2,693.8100000000001,2010-12-16 17:53:00,2011-06-22 14:41:00,United Kingdom,30,346.90500000000003,358,0.16759776536312848,697.69,2,3,3,8,Potential Loyalists,1
14644,68,2,830.76,2011-02-14 14:14:00,2011-10-03 08:30:00,United Kingdom,26,415.38,298,0.20134228187919462,1003.6,3,3,3,9,Potential Loyalists,0
14645,157,2,597.09,2011-03-09 09:52:00,2011-07-06 09:15:00,United Kingdom,28,298.545,276,0.2173913043478261,778.81,2,3,3,8,Potential Loyalists,1
14646,2,73,280206.02,2010-12-20 10:09:00,2011-12-08 12:12:00,Netherlands,700,3838.4386301369864,355,6.169014084507042,284152.58,5,5,5,15,Champions,0
14647,201,1,243.22,2011-05-22 13:40:00,2011-05-22 13:40:00,United Kingdom,24,243.22,201,0.14925373134328357,435.62,1,1,1,3,Lost,1
14649,5,4,1417.29,2011-05-11 14:37:00,2011-12-05 12:30:00,United Kingdom,148,354.3225,212,0.5660377358490566,2406.72,5,4,4,13,Champions,0
14651,67,2,654.6,2011-05-12 16:29:00,2011-10-03 15:52:00,United Kingdom,95,327.3,211,0.2843601895734597,1116.85,3,3,3,9,Potential Loyalists,0
14652,77,1,114.18,2011-09-23 14:21:00,2011-09-23 14:21:00,United Kingdom,29,114.18,77,0.3896103896103896,533.83,2,1,1,4,Lost,0
14653,1,7,1947.55,2011-01-05 13:40:00,2011-12-08 13:45:00,United Kingdom,154,278.2214285714286,338,0.621301775147929,2074.31,5,5,4,14,Champions,0
14655,8,4,1932.23,2011-05-01 14:59:00,2011-12-01 16:28:00,United Kingdom,35,483.0575,222,0.5405405405405405,3133.35,5,4,4,13,Champions,0
14656,169,2,291.05,2011-03-01 13:19:00,2011-06-23 13:51:00,United Kingdom,73,145.525,283,0.21201413427561838,370.24,2,3,2,7,Potential Loyalists,1
14657,18,4,848.22,2011-01-17 15:19:00,2011-11-22 12:47:00,United Kingdom,103,212.055,326,0.36809815950920244,936.68,4,4,3,11,Loyal Customers,0
14658,5,2,247.15,2011-08-14 15:42:00,2011-12-04 15:35:00,United Kingdom,27,123.575,117,0.5128205128205129,760.46,5,3,1,9,Potential Loyalists,0
14659,9,9,2529.93,2011-01-28 12:43:00,2011-12-01 12:17:00,United Kingdom,147,281.1033333333333,316,0.8544303797468354,2882.2,5,5,5,15,Champions,0
14660,87,2,285.74,2011-08-31 10:40:00,2011-09-14 11:34:00,United Kingdom,24,142.87,101,0.594059405940594,1018.48,2,3,2,7,Potential Loyalists,0
14661,27,1,107.95,2011-11-13 11:51:00,2011-11-13 11:51:00,United Kingdom,4,107.95,27,1.0,1295.4,4,1,1,6,At Risk,0
14662,29,4,771.17,2011-01-27 17:41:00,2011-11-11 12:13:00,United Kingdom,143,192.7925,316,0.379746835443038,878.55,4,4,3,11,Loyal Customers,0
14664,20,2,637.89,2011-11-06 14:56:00,2011-11-20 10:59:00,United Kingdom,78,318.945,33,1.8181818181818181,6958.8,4,3,3,10,Loyal Customers,0
14665,61,5,1835.7,2011-02-02 09:08:00,2011-10-10 09:14:00,United Kingdom,63,367.14,311,0.4823151125401929,2124.93,3,4,4,11,Loyal Customers,0
14666,24,1,195.25,2011-11-15 12:57:00,2011-11-15 12:57:00,United Kingdom,14,195.25,24,1.0,2343.0,4,1,1,6,At Risk,0
14667,11,25,9241.2,2010-12-06 13:13:00,2011-11-29 11:30:00,United Kingdom,354,369.648,368,2.0380434782608696,9040.3,5,5,5,15,Champions,0
14669,242,3,1269.99,2011-01-11 12:30:00,2011-04-12 11:43:00,United Kingdom,158,423.33,333,0.2702702702702703,1372.96,1,3,4,8,Potential Loyalists,1
14670,280,2,411.53,2011-03-04 13:58:00,2011-03-04 14:13:00,United Kingdom,107,205.765,280,0.21428571428571427,529.11,1,3,2,6,At Risk,1
14672,235,2,765.55,2011-01-07 15:48:00,2011-04-19 10:19:00,United Kingdom,58,382.775,336,0.17857142857142858,820.23,1,3,3,7,Potential Loyalists,1
14673,3,5,1736.4,2010-12-07 12:49:00,2011-12-06 14:31:00,United Kingdom,39,347.28000000000003,368,0.4076086956521739,1698.65,5,4,4,13,Champions,0
14675,16,1,604.75,2011-11-23 12:58:00,2011-11-23 12:58:00,United Kingdom,93,604.75,16,1.0,7257.0,4,1,3,8,Potential Loyalists,0
14676,31,6,2548.2400000000002,2011-03-01 14:26:00,2011-11-08 13:29:00,United Kingdom,29,424.7066666666667,283,0.6360424028268551,3241.58,4,5,5,14,Champions,0
14680,25,16,28754.11,2010-12-03 12:05:00,2011-11-14 16:59:00,United Kingdom,73,1797.131875,372,1.2903225806451613,27826.56,4,5,5,14,Champions,0
14681,71,3,498.95,2011-05-12 10:45:00,2011-09-29 15:52:00,United Kingdom,6,166.31666666666666,212,0.42452830188679247,847.27,3,3,3,9,Potential Loyalists,0
14682,188,2,52.0,2011-05-22 12:51:00,2011-06-05 12:12:00,United Kingdom,1,26.0,201,0.29850746268656714,93.13,1,3,1,5,At Risk,1
14684,26,5,1236.28,2010-12-12 12:44:00,2011-11-14 11:33:00,United Kingdom,231,247.256,363,0.4132231404958678,1226.06,4,4,4,12,Loyal Customers,0
14687,107,1,628.38,2011-08-25 11:59:00,2011-08-25 11:59:00,United Kingdom,15,628.38,107,0.2803738317757009,2114.18,2,1,3,6,At Risk,1
14688,8,21,5630.87,2010-12-01 09:37:00,2011-12-02 12:26:00,United Kingdom,148,268.13666666666666,374,1.6844919786096257,5420.09,5,5,5,15,Champions,0
14689,209,1,112.8,2011-05-15 11:22:00,2011-05-15 11:22:00,United Kingdom,13,112.8,209,0.14354066985645933,194.3,1,1,1,3,Lost,1
14690,44,2,371.7,2011-07-11 11:58:00,2011-10-26 15:39:00,United Kingdom,40,185.85,152,0.39473684210526316,880.34,3,3,2,8,Potential Loyalists,0
14691,31,5,2114.33,2011-05-11 09:55:00,2011-11-09 12:30:00,United Kingdom,50,422.866,213,0.7042253521126761,3573.52,4,4,5,13,Champions,0
14692,137,4,591.55,2011-01-21 13:47:00,2011-07-25 15:08:00,United Kingdom,53,147.8875,322,0.3726708074534162,661.36,2,4,3,9,Potential Loyalists,1
14693,265,1,172.9,2011-03-20 12:50:00,2011-03-20 12:50:00,United Kingdom,8,172.9,265,0.11320754716981131,234.88,1,1,1,3,Lost,1
14696,4,7,2078.95,2010-12-01 15:37:00,2011-12-05 13:43:00,United Kingdom,117,296.99285714285713,373,0.5630026809651475,2006.49,5,5,5,15,Champions,0
14697,218,2,188.60999999999999,2011-05-05 15:29:00,2011-05-05 15:39:00,United Kingdom,22,94.30499999999999,218,0.27522935779816515,311.47,1,3,1,5,At Risk,1
14698,2,5,1250.76,2011-10-19 12:54:00,2011-12-08 12:26:00,United Kingdom,148,250.152,51,2.9411764705882355,8828.89,5,4,4,13,Champions,0
14699,214,1,109.13000000000001,2011-05-09 14:54:00,2011-05-09 14:54:00,United Kingdom,8,109.13000000000001,214,0.14018691588785046,183.58,1,1,1,3,Lost,1
14700,32,3,2235.3,2011-04-15 13:16:00,2011-11-07 14:40:00,United Kingdom,80,745.1,238,0.37815126050420167,3381.13,4,3,5,12,Loyal Customers,0
14701,11,9,2549.37,2011-01-27 12:40:00,2011-11-29 12:38:00,United Kingdom,268,283.2633333333333,317,0.8517350157728707,2895.18,5,5,5,15,Champions,0
14702,1,17,3292.14,2010-12-09 19:23:00,2011-12-08 19:29:00,United Kingdom,196,193.65529411764706,365,1.3972602739726028,3247.04,5,5,5,15,Champions,0
14703,15,1,318.17,2011-11-25 09:23:00,2011-11-25 09:23:00,United Kingdom,22,318.17,15,1.0,3818.04,4,1,2,7,Potential Loyalists,0
14704,11,9,1546.91,2011-06-12 13:59:00,2011-11-28 12:51:00,United Kingdom,288,171.8788888888889,180,1.5,3093.82,5,5,4,14,Champions,0
14705,199,1,179.0,2011-05-25 12:39:00,2011-05-25 12:39:00,United Kingdom,1,179.0,199,0.1507537688442211,323.82,1,1,1,3,Lost,1
14708,3,3,1126.37,2010-12-06 12:23:00,2011-12-07 08:21:00,United Kingdom,25,375.45666666666665,369,0.24390243902439024,1098.9,5,3,4,12,Loyal Customers,0
14709,15,13,4921.04,2010-12-16 13:43:00,2011-11-24 15:41:00,United Kingdom,71,378.54153846153844,358,1.089385474860335,4948.53,4,5,5,14,Champions,0
14710,14,4,606.13,2011-10-11 13:49:00,2011-11-25 14:53:00,United Kingdom,124,151.5325,59,2.0338983050847457,3698.42,4,4,3,11,Loyal Customers,0
14711,10,11,2868.8,2011-03-22 13:32:00,2011-11-29 14:58:00,United Kingdom,221,260.8,262,1.2595419847328246,3941.86,5,5,5,15,Champions,0
14712,29,3,917.07,2011-08-19 13:33:00,2011-11-10 12:59:00,United Kingdom,21,305.69,112,0.8035714285714286,2947.73,4,3,3,10,Loyal Customers,0
14713,9,11,2666.36,2010-12-09 18:58:00,2011-11-30 16:26:00,United Kingdom,146,242.39636363636365,365,0.904109589041096,2629.83,5,5,5,15,Champions,0
14714,24,1,160.19,2011-11-15 13:07:00,2011-11-15 13:07:00,United Kingdom,10,160.19,24,1.0,1922.28,4,1,1,6,At Risk,0
14715,25,4,867.38,2011-01-12 13:27:00,2011-11-15 12:10:00,United Kingdom,60,216.845,331,0.36253776435045315,943.37,4,4,3,11,Loyal Customers,0
14716,43,2,329.68,2011-07-14 12:42:00,2011-10-27 17:29:00,United Kingdom,46,164.84,149,0.40268456375838924,796.54,3,3,2,8,Potential Loyalists,0
14719,2,5,1602.13,2011-04-04 14:17:00,2011-12-08 12:43:00,United Kingdom,177,320.42600000000004,249,0.6024096385542168,2316.33,5,4,4,13,Champions,0
14720,6,3,663.81,2011-08-05 12:06:00,2011-12-04 12:02:00,United Kingdom,34,221.26999999999998,127,0.7086614173228346,1881.67,5,3,3,11,Loyal Customers,0
14722,147,1,187.92000000000002,2011-07-15 14:58:00,2011-07-15 14:58:00,United Kingdom,28,187.92000000000002,147,0.2040816326530612,460.21,2,1,1,4,Lost,1
14723,10,6,1158.3,2010-12-03 14:18:00,2011-11-29 15:23:00,United Kingdom,193,193.04999999999998,371,0.4851752021563342,1123.96,5,5,4,14,Champions,0
14725,25,1,718.08,2011-11-15 12:42:00,2011-11-15 12:42:00,United Kingdom,45,718.08,25,1.0,8616.96,4,1,3,8,Potential Loyalists,0
14727,274,1,268.58,2011-03-10 14:45:00,2011-03-10 14:45:00,United Kingdom,10,268.58,274,0.10948905109489052,352.88,1,1,2,4,Lost,1
14729,374,1,313.49,2010-12-01 12:43:00,2010-12-01 12:43:00,United Kingdom,69,313.49,374,0.08021390374331551,301.76,1,1,2,4,Lost,1
14730,1,8,2005.06,2011-03-08 12:49:00,2011-12-08 14:39:00,United Kingdom,317,250.6325,277,0.8664259927797835,2605.85,5,5,4,14,Champions,0
14731,47,3,380.02,2011-05-11 13:06:00,2011-10-23 15:54:00,United Kingdom,38,126.67333333333333,212,0.42452830188679247,645.32,3,3,2,8,Potential Loyalists,0
14732,8,8,2702.4900000000002,2011-01-04 14:40:00,2011-12-01 14:34:00,United Kingdom,105,337.81125000000003,339,0.7079646017699115,2869.9,5,5,5,15,Champions,0
14733,16,12,9585.91,2010-12-07 11:30:00,2011-11-23 15:39:00,United Kingdom,102,798.8258333333333,368,0.9782608695652173,9377.52,4,5,5,14,Champions,0
14735,4,32,6065.69,2010-12-16 16:05:00,2011-12-06 12:09:00,United Kingdom,99,189.5528125,358,2.6815642458100557,6099.58,5,5,5,15,Champions,0
14737,4,3,1164.55,2010-12-21 13:49:00,2011-12-06 10:16:00,United Kingdom,15,388.18333333333334,353,0.254957507082153,1187.64,5,3,4,12,Loyal Customers,0
14738,43,7,1314.45,2011-01-27 14:10:00,2011-10-28 08:56:00,United Kingdom,39,187.77857142857144,316,0.6645569620253164,1497.47,3,5,4,12,Loyal Customers,0
14739,4,7,3902.28,2010-12-07 14:58:00,2011-12-05 16:54:00,United Kingdom,47,557.4685714285714,367,0.5722070844686649,3827.85,5,5,5,15,Champions,0
14740,197,3,1448.21,2011-03-01 08:35:00,2011-05-26 18:17:00,United Kingdom,85,482.7366666666667,284,0.31690140845070425,1835.76,1,3,4,8,Potential Loyalists,1
14741,12,6,1400.34,2010-12-02 08:43:00,2011-11-28 08:48:00,United Kingdom,35,233.39,373,0.48257372654155495,1351.53,5,5,4,14,Champions,0
14744,16,7,1099.98,2010-12-08 10:21:00,2011-11-23 12:51:00,United Kingdom,21,157.14000000000001,367,0.5722070844686649,1079.0,4,5,4,13,Champions,0
14745,113,5,1220.26,2011-02-27 15:25:00,2011-08-19 10:05:00,United Kingdom,46,244.052,285,0.5263157894736842,1541.38,2,4,4,10,Loyal Customers,1
14747,249,1,328.2,2011-04-04 14:09:00,2011-04-04 14:09:00,United Kingdom,18,328.2,249,0.12048192771084336,474.51,1,1,2,4,Lost,1
14748,29,5,1415.75,2010-12-06 10:19:00,2011-11-10 18:33:00,United Kingdom,87,283.15,369,0.4065040650406504,1381.22,4,4,4,12,Loyal Customers,0
14752,44,1,389.64,2011-10-27 11:55:00,2011-10-27 11:55:00,United Kingdom,5,389.64,44,0.6818181818181819,3187.96,3,1,2,6,At Risk,0
14753,87,1,563.15,2011-09-13 14:50:00,2011-09-13 14:50:00,United Kingdom,30,563.15,87,0.3448275862068966,2330.28,2,1,3,6,At Risk,0
14754,45,2,638.05,2011-02-17 12:21:00,2011-10-26 12:01:00,United Kingdom,38,319.025,296,0.2027027027027027,776.01,3,3,3,9,Potential Loyalists,0
14755,10,11,5010.28,2011-01-09 14:02:00,2011-11-30 11:24:00,United Kingdom,128,455.47999999999996,334,0.9880239520958084,5400.3,5,5,5,15,Champions,0
14756,15,1,738.96,2011-11-24 18:13:00,2011-11-24 18:13:00,United Kingdom,38,738.96,15,1.0,8867.52,4,1,3,8,Potential Loyalists,0
14757,75,1,420.5,2011-09-25 14:36:00,2011-09-25 14:36:00,United Kingdom,19,420.5,75,0.4,2018.4,2,1,2,5,At Risk,0
14758,145,4,1484.06,2011-03-25 12:10:00,2011-07-18 08:21:00,United Kingdom,54,371.015,260,0.46153846153846156,2054.85,2,4,4,10,Loyal Customers,1
14759,5,3,1625.97,2011-04-21 10:55:00,2011-12-05 12:03:00,United Kingdom,92,541.99,233,0.38626609442060084,2512.23,5,3,4,12,Loyal Customers,0
14760,297,1,89.2,2011-02-15 16:27:00,2011-02-15 16:27:00,United Kingdom,5,89.2,297,0.10101010101010101,108.12,1,1,1,3,Lost,1
14761,59,2,255.9,2011-01-09 12:03:00,2011-10-12 12:10:00,United Kingdom,11,127.95,335,0.17910447761194032,275.0,3,3,2,8,Potential Loyalists,0
14762,264,1,300.52,2011-03-21 08:20:00,2011-03-21 08:20:00,United Kingdom,21,300.52,264,0.11363636363636363,409.8,1,1,2,4,Lost,1
14764,47,1,278.3,2011-10-24 11:54:00,2011-10-24 11:54:00,United Kingdom,6,278.3,47,0.6382978723404256,2131.66,3,1,2,6,At Risk,0
14765,29,3,254.11,2011-06-16 19:49:00,2011-11-10 19:53:00,United Kingdom,38,84.70333333333333,176,0.5113636363636364,519.77,4,3,2,9,Potential Loyalists,0
14766,8,6,2473.37,2010-12-08 15:33:00,2011-12-01 16:05:00,United Kingdom,111,412.2283333333333,366,0.49180327868852464,2432.82,5,5,5,15,Champions,0
14768,17,2,192.60000000000002,2011-08-04 13:25:00,2011-11-22 12:54:00,United Kingdom,4,96.30000000000001,127,0.47244094488188976,545.95,4,3,1,8,Potential Loyalists,0
14769,3,8,10674.75,2010-12-17 11:40:00,2011-12-07 10:24:00,United Kingdom,718,1334.34375,358,0.6703910614525139,10734.39,5,5,5,15,Champions,0
14770,232,2,876.42,2011-01-20 15:00:00,2011-04-21 14:21:00,United Kingdom,49,438.21,323,0.18575851393188852,976.81,1,3,3,7,Potential Loyalists,1
14772,112,1,139.26,2011-08-19 15:04:00,2011-08-19 15:04:00,United Kingdom,9,139.26,112,0.26785714285714285,447.62,2,1,1,4,Lost,1
14775,58,3,1011.9,2010-12-02 16:38:00,2011-10-12 15:27:00,United Kingdom,57,337.3,372,0.24193548387096772,979.26,3,3,4,10,Loyal Customers,0
14776,51,11,2538.3,2011-01-31 13:17:00,2011-10-19 15:34:00,United Kingdom,44,230.75454545454548,312,1.0576923076923077,2928.81,3,5,5,13,Champions,0
14778,127,2,730.86,2011-02-04 11:43:00,2011-08-04 15:23:00,United Kingdom,34,365.43,309,0.1941747572815534,851.49,2,3,3,8,Potential Loyalists,1
14779,281,3,386.15,2011-01-20 12:04:00,2011-03-04 12:42:00,United Kingdom,40,128.71666666666667,324,0.27777777777777773,429.06,1,3,2,6,At Risk,1
14780,55,2,447.68,2011-09-21 15:15:00,2011-10-16 12:46:00,United Kingdom,26,223.84,79,0.759493670886076,2040.06,3,3,2,8,Potential Loyalists,0
14782,320,1,200.10000000000002,2011-01-24 11:12:00,2011-01-24 11:12:00,United Kingdom,6,200.10000000000002,320,0.09375,225.11,1,1,1,3,Lost,1
14784,26,2,289.99,2011-01-20 09:25:00,2011-11-13 13:30:00,United Kingdom,15,144.995,324,0.18518518518518517,322.21,4,3,2,9,Potential Loyalists,0
14785,10,2,77.4,2011-11-24 13:40:00,2011-11-29 13:21:00,United Kingdom,2,38.7,15,2.0,928.8,5,3,1,9,Potential Loyalists,0
14788,7,2,679.4399999999999,2011-11-13 15:52:00,2011-12-02 17:06:00,United Kingdom,26,339.71999999999997,26,2.0,8153.28,5,3,3,11,Loyal Customers,0
14789,29,1,197.64,2011-11-11 08:59:00,2011-11-11 08:59:00,United Kingdom,6,197.64,29,1.0,2371.68,4,1,1,6,At Risk,0
14790,17,4,745.06,2011-03-31 11:49:00,2011-11-23 09:28:00,United Kingdom,30,186.265,254,0.47244094488188976,1055.99,4,4,3,11,Loyal Customers,0
14792,64,1,6.2,2011-10-07 09:19:00,2011-10-07 09:19:00,United Kingdom,2,6.2,64,0.46875,34.88,3,1,1,5,At Risk,0
14793,21,1,228.99,2011-11-18 14:50:00,2011-11-18 14:50:00,United Kingdom,14,228.99,21,1.0,2747.88,4,1,1,6,At Risk,0
14794,3,7,1319.91,2011-01-09 16:11:00,2011-12-07 10:11:00,United Kingdom,68,188.55857142857144,334,0.62874251497006,1422.66,5,5,4,14,Champions,0
14795,166,1,131.45000000000002,2011-06-26 13:04:00,2011-06-26 13:04:00,United Kingdom,6,131.45000000000002,166,0.18072289156626506,285.07,2,1,1,4,Lost,1
14796,1,17,8022.49,2010-12-08 10:40:00,2011-12-08 15:31:00,United Kingdom,403,471.9111764705882,367,1.3896457765667576,7869.47,5,5,5,15,Champions,0
14798,53,3,173.74,2011-02-02 15:26:00,2011-10-18 10:58:00,United Kingdom,11,57.913333333333334,310,0.29032258064516125,201.76,3,3,1,7,Potential Loyalists,0
14799,51,1,157.7,2011-10-19 16:16:00,2011-10-19 16:16:00,United Kingdom,13,157.7,51,0.5882352941176471,1113.18,3,1,1,5,At Risk,0
14800,48,12,4339.74,2010-12-05 11:10:00,2011-10-23 12:46:00,United Kingdom,246,361.645,370,0.9729729729729729,4222.45,3,5,5,13,Champions,0
14801,61,1,193.14,2011-10-09 15:24:00,2011-10-09 15:24:00,United Kingdom,56,193.14,61,0.49180327868852464,1139.84,3,1,1,5,At Risk,0
14803,162,3,845.55,2011-02-20 13:21:00,2011-06-30 13:58:00,United Kingdom,35,281.84999999999997,292,0.3082191780821918,1042.46,2,3,3,8,Potential Loyalists,1
14804,9,1,353.27,2011-12-01 11:20:00,2011-12-01 11:20:00,United Kingdom,12,353.27,9,1.0,4239.24,5,1,2,8,Potential Loyalists,0
14805,15,4,554.65,2011-01-30 10:43:00,2011-11-24 16:20:00,United Kingdom,30,138.6625,314,0.38216560509554137,635.9,4,4,3,11,Loyal Customers,0
14806,75,1,193.39000000000001,2011-09-25 15:32:00,2011-09-25 15:32:00,United Kingdom,11,193.39000000000001,75,0.4,928.27,2,1,1,4,Lost,0
14808,40,8,2741.17,2011-06-20 12:53:00,2011-10-31 12:21:00,United Kingdom,176,342.64625,172,1.3953488372093024,5737.33,3,5,5,13,Champions,0
14810,41,11,2087.88,2010-12-05 12:08:00,2011-10-30 11:19:00,United Kingdom,106,189.80727272727273,370,0.8918918918918919,2031.45,3,5,5,13,Champions,0
14813,370,2,155.43,2010-12-05 11:54:00,2010-12-05 11:57:00,United Kingdom,25,77.715,370,0.16216216216216214,151.23,1,3,1,5,At Risk,1
14815,37,2,778.5,2011-10-03 11:36:00,2011-11-03 11:36:00,United Kingdom,53,389.25,68,0.8823529411764706,4121.47,3,3,3,9,Potential Loyalists,0
14816,197,1,271.85,2011-05-26 13:16:00,2011-05-26 13:16:00,United Kingdom,4,271.85,197,0.15228426395939088,496.78,1,1,2,4,Lost,1
14817,200,2,1110.34,2011-03-07 13:51:00,2011-05-23 13:35:00,United Kingdom,52,555.17,277,0.21660649819494587,1443.04,1,3,4,8,Potential Loyalists,1
14818,74,3,657.8,2011-03-31 12:28:00,2011-09-27 11:01:00,United Kingdom,41,219.26666666666665,254,0.3543307086614173,932.31,2,3,3,8,Potential Loyalists,0
14819,64,2,272.07,2011-05-31 13:50:00,2011-10-06 13:41:00,United Kingdom,13,136.035,192,0.3125,510.13,3,3,2,8,Potential Loyalists,0
14820,21,4,507.29,2011-06-19 14:56:00,2011-11-18 15:41:00,United Kingdom,24,126.8225,173,0.6936416184971098,1055.63,4,4,3,11,Loyal Customers,0
14821,367,1,48.800000000000004,2010-12-08 08:43:00,2010-12-08 08:43:00,United Kingdom,2,48.800000000000004,367,0.08174386920980926,47.87,1,1,1,3,Lost,1
14823,180,3,321.43,2011-05-29 12:48:00,2011-06-12 13:12:00,United Kingdom,56,107.14333333333333,195,0.46153846153846156,593.41,1,3,2,6,At Risk,1
14824,10,4,1127.71,2011-09-09 14:12:00,2011-11-29 14:20:00,United Kingdom,19,281.9275,91,1.3186813186813187,4461.27,5,4,4,13,Champions,0
14825,4,12,2226.91,2010-12-06 12:30:00,2011-12-06 11:38:00,United Kingdom,82,185.57583333333332,369,0.975609756097561,2172.6,5,5,5,15,Champions,0
14828,197,3,2139.76,2011-01-07 09:50:00,2011-05-27 10:16:00,United Kingdom,17,713.2533333333334,337,0.26706231454005935,2285.8,1,3,5,9,Potential Loyalists,1
14829,29,4,697.55,2010-12-02 16:12:00,2011-11-10 16:16:00,United Kingdom,39,174.3875,372,0.3225806451612903,675.05,4,4,3,11,Loyal Customers,0
14830,53,1,197.13,2011-10-17 14:29:00,2011-10-17 14:29:00,United Kingdom,39,197.13,53,0.5660377358490566,1339.0,3,1,1,5,At Risk,0
14834,18,6,1720.3,2011-04-13 15:00:00,2011-11-22 10:30:00,United Kingdom,43,286.71666666666664,240,0.75,2580.45,4,5,4,13,Champions,0
14836,10,3,102.44999999999999,2011-11-09 13:26:00,2011-11-29 16:45:00,United Kingdom,5,34.15,30,3.0,1229.4,5,3,1,9,Potential Loyalists,0
14837,90,4,1649.5,2011-05-22 12:49:00,2011-09-11 10:58:00,United Kingdom,96,412.375,202,0.594059405940594,2939.7,2,4,4,10,Loyal Customers,0
14840,268,1,62.85,2011-03-17 12:00:00,2011-03-17 12:00:00,United Kingdom,4,62.85,268,0.11194029850746269,84.43,1,1,1,3,Lost,1
14841,53,6,3295.76,2010-12-16 10:28:00,2011-10-17 15:03:00,United Kingdom,103,549.2933333333334,359,0.5013927576601671,3304.94,3,5,5,13,Champions,0
14842,44,4,2824.69,2011-02-04 15:32:00,2011-10-27 12:37:00,United Kingdom,128,706.1725,308,0.3896103896103896,3301.59,3,4,5,12,Loyal Customers,0
14844,64,4,3189.81,2011-04-12 13:10:00,2011-10-07 10:41:00,United Kingdom,87,797.4525,241,0.4979253112033195,4764.86,3,4,5,12,Loyal Customers,0
14847,149,1,309.4,2011-07-14 10:52:00,2011-07-14 10:52:00,United Kingdom,13,309.4,149,0.20134228187919462,747.54,2,1,2,5,At Risk,1
14849,22,25,7930.54,2010-12-01 12:22:00,2011-11-18 10:58:00,United Kingdom,159,317.2216,374,2.0053475935828877,7633.67,4,5,5,14,Champions,0
14850,312,1,325.75,2011-02-01 11:21:00,2011-02-01 11:21:00,United Kingdom,21,325.75,312,0.09615384615384615,375.87,1,1,2,4,Lost,1
14851,23,2,511.35,2011-03-28 14:59:00,2011-11-16 14:20:00,United Kingdom,28,255.675,256,0.234375,719.09,4,3,3,10,Loyal Customers,0
14852,58,6,2836.69,2011-04-01 13:22:00,2011-10-12 13:20:00,United Kingdom,96,472.7816666666667,252,0.7142857142857143,4052.41,3,5,5,13,Champions,0
14853,24,2,475.8,2011-05-12 15:17:00,2011-11-15 16:56:00,United Kingdom,8,237.9,211,0.2843601895734597,811.79,4,3,2,9,Potential Loyalists,0
14854,78,7,2759.83,2011-03-10 12:22:00,2011-09-22 17:00:00,United Kingdom,110,394.26142857142855,275,0.7636363636363637,3612.87,2,5,5,12,Loyal Customers,0
14855,119,2,645.65,2011-07-28 12:06:00,2011-08-12 14:02:00,United Kingdom,13,322.825,135,0.4444444444444444,1721.73,2,3,3,8,Potential Loyalists,1
14856,36,3,1311.3799999999999,2011-10-14 09:35:00,2011-11-03 14:53:00,United Kingdom,65,437.1266666666666,57,1.5789473684210527,8282.4,3,3,4,10,Loyal Customers,0
14857,60,2,1173.12,2011-07-14 15:03:00,2011-10-11 09:23:00,United Kingdom,58,586.56,148,0.4054054054054054,2853.54,3,3,4,10,Loyal Customers,0
14859,13,4,1353.74,2011-05-19 14:42:00,2011-11-27 11:18:00,United Kingdom,47,338.435,204,0.5882352941176471,2388.95,5,4,4,13,Champions,0
14860,19,1,170.32,2011-11-20 14:17:00,2011-11-20 14:17:00,United Kingdom,11,170.32,19,1.0,2043.84,4,1,1,6,At Risk,0
14861,52,1,125.79,2011-10-18 12:54:00,2011-10-18 12:54:00,United Kingdom,6,125.79,52,0.5769230769230769,870.85,3,1,1,5,At Risk,0
14862,26,2,841.1999999999999,2011-07-14 11:20:00,2011-11-14 10:01:00,United Kingdom,47,420.59999999999997,149,0.40268456375838924,2032.43,4,3,3,10,Loyal Customers,0
14863,29,1,266.76,2011-11-10 15:04:00,2011-11-10 15:04:00,United Kingdom,11,266.76,29,1.0,3201.12,4,1,2,7,Potential Loyalists,0
14865,7,2,52.2,2010-12-02 18:23:00,2011-12-02 16:25:00,United Kingdom,4,26.1,372,0.16129032258064516,50.52,5,3,1,9,Potential Loyalists,0
14866,11,12,14389.9,2010-12-08 14:58:00,2011-11-29 11:45:00,United Kingdom,30,1199.1583333333333,366,0.9836065573770493,14154.0,5,5,5,15,Champions,0
14867,186,3,710.28,2011-01-07 16:34:00,2011-06-07 11:39:00,United Kingdom,31,236.76,336,0.26785714285714285,761.01,1,3,3,7,Potential Loyalists,1
14868,3,8,2953.59,2011-04-20 13:36:00,2011-12-06 14:49:00,United Kingdom,96,369.19875,233,1.0300429184549356,4563.49,5,5,5,15,Champions,0
14869,9,2,725.7,2011-08-28 16:09:00,2011-12-01 12:36:00,United Kingdom,66,362.85,103,0.5825242718446603,2536.43,5,3,3,11,Loyal Customers,0
14870,262,1,327.25,2011-03-23 10:51:00,2011-03-23 10:51:00,United Kingdom,13,327.25,262,0.11450381679389314,449.66,1,1,2,4,Lost,1
14871,3,4,522.38,2010-12-14 12:18:00,2011-12-06 13:42:00,United Kingdom,68,130.595,361,0.33240997229916897,520.93,5,4,3,12,Loyal Customers,0
14873,210,1,519.68,2011-05-13 13:52:00,2011-05-13 13:52:00,United Kingdom,28,519.68,210,0.14285714285714285,890.88,1,1,3,5,At Risk,1
14875,108,2,1465.3200000000002,2011-03-22 11:53:00,2011-08-24 12:20:00,United Kingdom,46,732.6600000000001,263,0.22813688212927755,2005.76,2,3,4,9,Potential Loyalists,1
14878,13,9,1485.54,2010-12-16 12:11:00,2011-11-27 11:15:00,United Kingdom,62,165.06,359,0.7520891364902507,1489.68,5,5,4,14,Champions,0
14880,77,3,706.19,2011-02-24 12:27:00,2011-09-23 13:42:00,United Kingdom,45,235.39666666666668,289,0.31141868512110726,879.68,2,3,3,8,Potential Loyalists,0
14881,20,1,255.4,2011-11-20 11:06:00,2011-11-20 11:06:00,United Kingdom,17,255.4,20,1.0,3064.8,4,1,2,7,Potential Loyalists,0
14882,27,2,589.7,2011-11-06 10:15:00,2011-11-13 12:47:00,United Kingdom,6,294.85,34,1.7647058823529411,6243.88,4,3,3,10,Loyal Customers,0
14883,19,6,761.59,2011-05-12 09:49:00,2011-11-21 10:23:00,United Kingdom,39,126.93166666666667,212,0.8490566037735849,1293.27,4,5,3,12,Loyal Customers,0
14885,132,1,765.3199999999999,2011-07-31 12:05:00,2011-07-31 12:05:00,United Kingdom,15,765.3199999999999,132,0.22727272727272727,2087.24,2,1,3,6,At Risk,1
14886,253,1,364.8,2011-04-01 08:56:00,2011-04-01 08:56:00,United Kingdom,18,364.8,253,0.11857707509881422,519.08,1,1,2,4,Lost,1
14887,79,1,1862.0,2011-09-21 15:32:00,2011-09-21 15:32:00,United Kingdom,6,1862.0,79,0.379746835443038,8485.06,2,1,4,7,Potential Loyalists,0
14888,207,1,369.2,2011-05-16 14:58:00,2011-05-16 14:58:00,United Kingdom,20,369.2,207,0.14492753623188406,642.09,1,1,2,4,Lost,1
14889,336,1,135.9,2011-01-07 15:19:00,2011-01-07 15:19:00,United Kingdom,10,135.9,336,0.08928571428571429,145.61,1,1,1,3,Lost,1
14890,254,1,125.65,2011-03-31 11:57:00,2011-03-31 11:57:00,United Kingdom,7,125.65,254,0.11811023622047244,178.09,1,1,1,3,Lost,1
14891,148,2,554.38,2011-06-05 10:58:00,2011-07-14 18:08:00,United Kingdom,30,277.19,188,0.3191489361702128,1061.58,2,3,3,8,Potential Loyalists,1
14893,10,2,1237.8500000000001,2011-11-28 10:49:00,2011-11-30 12:31:00,United Kingdom,72,618.9250000000001,12,2.0,14854.2,5,3,4,12,Loyal Customers,0
14894,85,1,655.75,2011-09-15 13:51:00,2011-09-15 13:51:00,United Kingdom,23,655.75,85,0.3529411764705882,2777.29,2,1,3,6,At Risk,0
14895,8,20,11138.710000000001,2011-02-22 13:08:00,2011-12-02 09:23:00,United Kingdom,273,556.9355,290,2.0689655172413794,13827.36,5,5,5,15,Champions,0
14896,205,2,468.77000000000004,2010-12-09 12:24:00,2011-05-19 10:20:00,United Kingdom,43,234.38500000000002,366,0.1639344262295082,461.09,1,3,2,6,At Risk,1
14897,8,4,1366.38,2011-02-16 08:37:00,2011-12-02 10:32:00,United Kingdom,43,341.595,297,0.40404040404040403,1656.22,5,4,4,13,Champions,0
14898,23,6,1303.52,2010-12-03 15:25:00,2011-11-16 14:54:00,United Kingdom,86,217.25333333333333,371,0.4851752021563342,1264.87,4,5,4,13,Champions,0
14901,11,9,1421.29,2010-12-02 11:20:00,2011-11-28 17:09:00,United Kingdom,73,157.92111111111112,373,0.7238605898123325,1371.75,5,5,4,14,Champions,0
14902,26,1,332.66,2011-11-14 10:34:00,2011-11-14 10:34:00,United Kingdom,20,332.66,26,1.0,3991.92,4,1,2,7,Potential Loyalists,0
14903,21,5,2810.63,2011-03-06 11:50:00,2011-11-18 16:07:00,United Kingdom,227,562.126,279,0.5376344086021505,3626.62,4,4,5,13,Champions,0
14904,2,2,1025.44,2011-11-14 09:13:00,2011-12-07 12:55:00,United Kingdom,66,512.72,26,2.0,12305.28,5,3,4,12,Loyal Customers,0
14905,158,2,616.15,2011-04-20 10:48:00,2011-07-05 12:41:00,United Kingdom,14,308.075,234,0.25641025641025644,947.92,2,3,3,8,Potential Loyalists,1
14907,3,7,3501.1,2010-12-07 10:14:00,2011-12-06 14:14:00,United Kingdom,125,500.15714285714284,368,0.5706521739130435,3424.99,5,5,5,15,Champions,0
14908,74,1,277.8,2011-09-26 12:56:00,2011-09-26 12:56:00,United Kingdom,9,277.8,74,0.4054054054054054,1351.46,2,1,2,5,At Risk,0
14910,3,4,434.35,2011-10-16 11:06:00,2011-12-07 10:06:00,United Kingdom,25,108.5875,55,2.181818181818182,2843.02,5,4,2,11,Loyal Customers,0
14911,1,201,143825.06,2010-12-01 14:05:00,2011-12-08 15:54:00,EIRE,1787,715.5475621890547,373,16.16621983914209,138812.39,5,5,5,15,Champions,0
14912,17,2,867.85,2011-04-07 11:06:00,2011-11-23 09:20:00,Italy,21,433.925,247,0.24291497975708504,1264.88,4,3,3,10,Loyal Customers,0
14913,36,4,1227.43,2010-12-15 14:35:00,2011-11-04 08:29:00,United Kingdom,76,306.8575,359,0.3342618384401114,1230.85,3,4,4,11,Loyal Customers,0
14915,91,2,307.48,2011-03-07 09:39:00,2011-09-09 13:34:00,United Kingdom,12,153.74,278,0.2158273381294964,398.18,2,3,2,7,Potential Loyalists,1
14916,71,4,1268.98,2011-01-19 15:30:00,2011-09-30 09:20:00,United Kingdom,72,317.245,324,0.37037037037037035,1409.98,3,4,4,11,Loyal Customers,0
14918,116,2,1610.15,2011-07-08 12:50:00,2011-08-16 11:50:00,United Kingdom,39,805.075,155,0.3870967741935484,3739.7,2,3,4,9,Potential Loyalists,1
14920,213,2,977.77,2011-05-11 10:31:00,2011-05-11 10:32:00,United Kingdom,57,488.885,213,0.28169014084507044,1652.57,1,3,4,8,Potential Loyalists,1
14921,30,2,1316.07,2011-05-22 12:51:00,2011-11-09 13:17:00,United Kingdom,78,658.035,201,0.29850746268656714,2357.14,4,3,4,11,Loyal Customers,0
14923,51,1,749.1,2011-10-20 11:51:00,2011-10-20 11:51:00,United Kingdom,44,749.1,51,0.5882352941176471,5287.76,3,1,3,7,Potential Loyalists,0
14924,246,1,310.05,2011-04-08 09:25:00,2011-04-08 09:25:00,United Kingdom,10,310.05,246,0.12195121951219513,453.73,1,1,2,4,Lost,1
14929,32,1,223.88,2011-11-07 17:21:00,2011-11-07 17:21:00,United Kingdom,11,223.88,32,0.9375,2518.65,4,1,1,6,At Risk,0
14930,109,3,2372.86,2011-03-10 14:42:00,2011-08-23 10:31:00,Channel Islands,116,790.9533333333334,274,0.3284671532846716,3117.63,2,3,5,10,Loyal Customers,1
14931,5,5,1257.68,2011-04-13 09:32:00,2011-12-05 10:19:00,Channel Islands,30,251.536,241,0.6224066390041494,1878.69,5,4,4,13,Champions,0
14932,366,1,363.53,2010-12-09 11:48:00,2010-12-09 11:48:00,Channel Islands,17,363.53,366,0.0819672131147541,357.57,1,1,2,4,Lost,1
14934,82,2,1890.94,2011-03-02 11:48:00,2011-09-19 10:10:00,Channel Islands,68,945.47,283,0.21201413427561838,2405.44,2,3,4,9,Potential Loyalists,0
14935,297,1,1784.71,2011-02-15 14:44:00,2011-02-15 14:44:00,Channel Islands,10,1784.71,297,0.10101010101010101,2163.28,1,1,4,6,At Risk,1
14936,34,8,8137.02,2011-03-09 11:53:00,2011-11-06 10:30:00,Channel Islands,210,1017.1275,276,0.8695652173913044,10613.5,3,5,5,13,Champions,0
14937,57,3,1621.88,2011-08-01 14:16:00,2011-10-14 12:29:00,Channel Islands,33,540.6266666666667,130,0.6923076923076924,4491.36,3,3,4,10,Loyal Customers,0
14944,30,12,5900.25,2011-02-16 12:47:00,2011-11-10 09:10:00,United Kingdom,101,491.6875,297,1.2121212121212122,7151.82,4,5,5,14,Champions,0
14946,14,1,100.9,2011-11-25 13:33:00,2011-11-25 13:33:00,United Kingdom,3,100.9,14,1.0,1210.8,4,1,1,6,At Risk,0
14947,72,2,290.82,2011-08-01 09:31:00,2011-09-28 15:48:00,United Kingdom,14,145.41,131,0.45801526717557256,799.2,3,3,2,8,Potential Loyalists,0
14948,23,6,1101.97,2011-05-04 14:52:00,2011-11-16 17:16:00,United Kingdom,56,183.66166666666666,219,0.8219178082191781,1811.46,4,5,4,13,Champions,0
14950,19,1,371.2,2011-11-20 13:48:00,2011-11-20 13:48:00,United Kingdom,19,371.2,19,1.0,4454.4,4,1,2,7,Potential Loyalists,0
14951,79,1,311.69,2011-09-21 15:15:00,2011-09-21 15:15:00,United Kingdom,20,311.69,79,0.379746835443038,1420.36,2,1,2,5,At Risk,0
14952,60,11,8099.49,2010-12-10 12:48:00,2011-10-11 10:33:00,United Kingdom,117,736.3172727272727,365,0.904109589041096,7988.54,3,5,5,13,Champions,0
14953,25,1,289.82,2011-11-14 14:59:00,2011-11-14 14:59:00,United Kingdom,54,289.82,25,1.0,3477.84,4,1,2,7,Potential Loyalists,0
14954,12,1,336.17,2011-11-27 14:30:00,2011-11-27 14:30:00,United Kingdom,75,336.17,12,1.0,4034.04,5,1,2,8,Potential Loyalists,0
14957,253,1,58.49,2011-03-31 17:59:00,2011-03-31 17:59:00,United Kingdom,12,58.49,253,0.11857707509881422,83.23,1,1,1,3,Lost,1
14958,147,3,499.68,2011-04-08 11:28:00,2011-07-15 14:20:00,United Kingdom,33,166.56,246,0.3658536585365854,731.24,2,3,3,8,Potential Loyalists,1
14959,64,4,695.42,2011-02-16 13:00:00,2011-10-06 18:23:00,United Kingdom,37,173.855,296,0.4054054054054054,845.78,3,4,3,10,Loyal Customers,0
14960,8,2,221.27,2011-06-21 13:38:00,2011-12-01 12:54:00,United Kingdom,23,110.635,171,0.3508771929824561,465.83,5,3,1,9,Potential Loyalists,0
14961,11,9,7044.68,2010-12-14 11:38:00,2011-11-29 09:42:00,United Kingdom,193,782.7422222222223,361,0.7479224376731302,7025.17,5,5,5,15,Champions,0
14962,271,1,126.7,2011-03-14 09:42:00,2011-03-14 09:42:00,United Kingdom,5,126.7,271,0.11070110701107011,168.31,1,1,1,3,Lost,1
14963,10,5,1487.8,2011-06-09 12:30:00,2011-11-30 12:16:00,United Kingdom,149,297.56,184,0.8152173913043478,2910.91,5,4,4,13,Champions,0
14964,247,1,206.21,2011-04-06 14:13:00,2011-04-06 14:13:00,United Kingdom,13,206.21,247,0.12145748987854252,300.55,1,1,1,3,Lost,1
14965,96,2,599.0,2011-09-04 13:15:00,2011-09-04 13:20:00,United Kingdom,80,299.5,96,0.625,2246.25,2,3,3,8,Potential Loyalists,1
14966,15,1,191.32,2011-11-25 12:20:00,2011-11-25 12:20:00,United Kingdom,35,191.32,15,1.0,2295.84,4,1,1,6,At Risk,0
14967,50,1,463.8,2011-10-21 11:06:00,2011-10-21 11:06:00,United Kingdom,6,463.8,50,0.6,3339.36,3,1,2,6,At Risk,0
14968,30,1,147.59,2011-11-09 13:58:00,2011-11-09 13:58:00,United Kingdom,37,147.59,30,1.0,1771.08,4,1,1,6,At Risk,0
14970,68,4,1592.06,2011-01-27 12:23:00,2011-10-02 13:44:00,United Kingdom,24,398.015,317,0.37854889589905366,1808.02,3,4,4,11,Loyal Customers,0
14971,35,3,1116.57,2011-10-27 13:33:00,2011-11-04 17:07:00,United Kingdom,144,372.19,43,2.0930232558139537,9348.03,3,3,4,10,Loyal Customers,0
14972,128,1,114.77,2011-08-03 14:54:00,2011-08-03 14:54:00,United Kingdom,18,114.77,128,0.234375,322.79,2,1,1,4,Lost,1
14973,107,3,1314.45,2011-04-28 12:22:00,2011-08-24 15:51:00,United Kingdom,29,438.15000000000003,226,0.39823008849557523,2093.81,2,3,4,9,Potential Loyalists,1
14974,37,1,114.39,2011-11-02 13:01:00,2011-11-02 13:01:00,United Kingdom,17,114.39,37,0.8108108108108107,1112.98,3,1,1,5,At Risk,0
14975,57,1,279.94,2011-10-13 14:08:00,2011-10-13 14:08:00,United Kingdom,11,279.94,57,0.5263157894736842,1768.04,3,1,2,6,At Risk,0
14976,57,7,790.86,2011-01-17 11:09:00,2011-10-13 16:37:00,United Kingdom,47,112.98,327,0.6422018348623852,870.67,3,5,3,11,Loyal Customers,0
14978,72,5,1931.42,2011-01-13 12:03:00,2011-09-28 13:07:00,United Kingdom,136,386.284,331,0.45317220543806647,2100.64,3,4,4,11,Loyal Customers,0
14981,246,1,102.12,2011-04-07 13:45:00,2011-04-07 13:45:00,United Kingdom,8,102.12,246,0.12195121951219513,149.44,1,1,1,3,Lost,1
14984,19,2,213.27,2011-06-12 11:04:00,2011-11-20 14:28:00,United Kingdom,37,106.635,181,0.3314917127071823,424.18,4,3,1,8,Potential Loyalists,0
14985,198,2,296.75,2010-12-16 19:51:00,2011-05-25 14:29:00,United Kingdom,78,148.375,358,0.16759776536312848,298.41,1,3,2,6,At Risk,1
14987,16,2,326.4,2010-12-09 12:13:00,2011-11-24 09:59:00,United Kingdom,2,163.2,366,0.1639344262295082,321.05,4,3,2,9,Potential Loyalists,0
14988,212,1,334.54,2011-05-12 12:05:00,2011-05-12 12:05:00,United Kingdom,40,334.54,212,0.14150943396226415,568.09,1,1,2,4,Lost,1
14995,39,2,233.23000000000002,2011-03-04 13:14:00,2011-11-01 11:39:00,United Kingdom,53,116.61500000000001,280,0.21428571428571427,299.87,3,3,1,7,Potential Loyalists,0
14997,46,3,546.1999999999999,2011-06-14 16:52:00,2011-10-24 13:28:00,United Kingdom,25,182.06666666666663,178,0.5056179775280899,1104.67,3,3,3,9,Potential Loyalists,0
14998,170,2,429.87,2011-04-12 16:28:00,2011-06-22 17:30:00,United Kingdom,70,214.935,241,0.24896265560165975,642.13,2,3,2,7,Potential Loyalists,1
15000,48,1,490.52,2011-10-23 11:42:00,2011-10-23 11:42:00,United Kingdom,76,490.52,48,0.625,3678.9,3,1,3,7,Potential Loyalists,0
15002,116,4,1641.76,2010-12-07 13:16:00,2011-08-16 10:44:00,United Kingdom,93,410.44,367,0.32697547683923706,1610.45,2,4,4,10,Loyal Customers,1
15004,147,1,1246.32,2011-07-15 14:05:00,2011-07-15 14:05:00,United Kingdom,154,1246.32,147,0.2040816326530612,3052.21,2,1,4,7,Potential Loyalists,1
15005,16,28,6316.57,2010-12-08 14:36:00,2011-11-24 12:25:00,United Kingdom,360,225.5917857142857,366,2.295081967213115,6213.02,4,5,5,14,Champions,0
15006,51,1,502.09,2011-10-19 15:08:00,2011-10-19 15:08:00,United Kingdom,121,502.09,51,0.5882352941176471,3544.16,3,1,3,7,Potential Loyalists,0
15007,159,1,156.91,2011-07-03 16:00:00,2011-07-03 16:00:00,United Kingdom,12,156.91,159,0.18867924528301888,355.27,2,1,1,4,Lost,1
15009,12,3,1261.78,2011-11-14 17:40:00,2011-11-27 13:35:00,United Kingdom,148,420.5933333333333,25,3.0,15141.36,5,3,4,12,Loyal Customers,0
15010,36,1,308.94,2011-11-04 12:42:00,2011-11-04 12:42:00,United Kingdom,20,308.94,36,0.8333333333333334,3089.4,3,1,2,6,At Risk,0
15012,54,2,423.04,2010-12-01 12:49:00,2011-10-17 12:22:00,United Kingdom,110,211.52,374,0.16042780748663102,407.2,3,3,2,8,Potential Loyalists,0
15014,43,2,260.17,2011-06-16 19:40:00,2011-10-27 20:07:00,United Kingdom,29,130.085,176,0.34090909090909094,532.17,3,3,2,8,Potential Loyalists,0
15016,173,1,170.04,2011-06-20 12:06:00,2011-06-20 12:06:00,United Kingdom,20,170.04,173,0.17341040462427745,353.84,2,1,1,4,Lost,1
15017,34,1,125.58,2011-11-06 10:33:00,2011-11-06 10:33:00,United Kingdom,20,125.58,34,0.8823529411764706,1329.67,3,1,1,5,At Risk,0
15018,39,3,496.21000000000004,2010-12-07 10:47:00,2011-11-01 12:47:00,United Kingdom,30,165.40333333333334,368,0.24456521739130432,485.42,3,3,3,9,Potential Loyalists,0
15019,267,1,266.0,2011-03-18 12:35:00,2011-03-18 12:35:00,United Kingdom,64,266.0,267,0.11235955056179775,358.65,1,1,2,4,Lost,1
15021,9,9,1914.82,2010-12-08 12:17:00,2011-12-01 11:53:00,United Kingdom,287,212.75777777777776,367,0.7356948228882835,1878.3,5,5,4,14,Champions,0
15022,12,4,905.04,2011-10-23 15:47:00,2011-11-28 12:35:00,United Kingdom,96,226.26,47,2.5531914893617023,6932.22,5,4,3,12,Loyal Customers,0
15023,3,11,6802.76,2010-12-05 13:49:00,2011-12-06 17:23:00,United Kingdom,347,618.4327272727273,369,0.8943089430894309,6636.84,5,5,5,15,Champions,0
15024,10,10,1661.33,2010-12-07 13:20:00,2011-11-30 12:06:00,United Kingdom,105,166.13299999999998,367,0.8174386920980927,1629.64,5,5,4,14,Champions,0
15025,33,1,377.01,2011-11-06 15:20:00,2011-11-06 15:20:00,United Kingdom,66,377.01,33,0.9090909090909091,4112.84,4,1,2,7,Potential Loyalists,0
15026,80,3,469.0,2011-03-07 13:45:00,2011-09-20 13:52:00,United Kingdom,57,156.33333333333334,277,0.3249097472924188,609.53,2,3,2,7,Potential Loyalists,0
15027,31,4,1066.1499999999999,2011-04-15 14:14:00,2011-11-09 10:16:00,United Kingdom,30,266.53749999999997,238,0.5042016806722689,1612.66,4,4,4,12,Loyal Customers,0
15028,8,4,627.13,2010-12-06 12:47:00,2011-12-01 14:06:00,United Kingdom,35,156.7825,369,0.3252032520325203,611.83,5,4,3,12,Loyal Customers,0
15030,72,2,518.28,2011-03-16 15:34:00,2011-09-29 10:50:00,United Kingdom,7,259.14,268,0.22388059701492538,696.2,3,3,3,9,Potential Loyalists,0
15031,4,4,668.14,2011-03-02 14:46:00,2011-12-05 14:19:00,United Kingdom,74,167.035,282,0.425531914893617,852.94,5,4,3,12,Loyal Customers,0
15032,256,3,4959.1,2010-12-08 12:57:00,2011-03-28 15:03:00,United Kingdom,29,1653.0333333333335,366,0.24590163934426232,4877.8,1,3,5,9,Potential Loyalists,1
15033,5,10,2586.67,2011-01-14 13:28:00,2011-12-05 12:40:00,United Kingdom,315,258.66700000000003,329,0.9118541033434651,2830.4,5,5,5,15,Champions,0
15034,16,8,4308.61,2010-12-21 09:47:00,2011-11-24 12:11:00,United Kingdom,299,538.57625,354,0.6779661016949152,4381.64,4,5,5,14,Champions,0
15035,90,1,252.73000000000002,2011-09-11 11:08:00,2011-09-11 11:08:00,United Kingdom,26,252.73000000000002,90,0.3333333333333333,1010.92,2,1,2,5,At Risk,0
15036,72,3,465.55,2011-06-13 12:19:00,2011-09-28 15:42:00,United Kingdom,107,155.18333333333334,180,0.5,931.1,3,3,2,8,Potential Loyalists,0
15038,59,6,705.49,2010-12-05 10:54:00,2011-10-12 11:33:00,United Kingdom,105,117.58166666666666,370,0.48648648648648646,686.42,3,5,3,11,Loyal Customers,0
15039,10,47,19914.44,2010-12-06 11:26:00,2011-11-30 11:31:00,United Kingdom,408,423.7114893617021,369,3.8211382113821135,19428.72,5,5,5,15,Champions,0
15041,170,1,180.35,2011-06-22 16:16:00,2011-06-22 16:16:00,United Kingdom,66,180.35,170,0.1764705882352941,381.92,2,1,1,4,Lost,1
15042,199,1,135.93,2011-05-24 16:25:00,2011-05-24 16:25:00,United Kingdom,5,135.93,199,0.1507537688442211,245.9,1,1,1,3,Lost,1
15043,31,1,537.0,2011-11-08 14:26:00,2011-11-08 14:26:00,United Kingdom,3,537.0,31,0.9677419354838709,6236.13,4,1,3,8,Potential Loyalists,0
15044,19,17,7700.2300000000005,2010-12-12 14:27:00,2011-11-20 13:20:00,United Kingdom,233,452.954705882353,362,1.408839779005525,7657.69,4,5,5,14,Champions,0
15045,152,2,735.66,2011-03-27 11:44:00,2011-07-11 11:33:00,United Kingdom,11,367.83,258,0.23255813953488372,1026.5,2,3,3,8,Potential Loyalists,1
15046,9,15,5213.7699999999995,2011-01-05 15:30:00,2011-11-30 15:50:00,United Kingdom,147,347.58466666666664,338,1.331360946745562,5553.13,5,5,5,15,Champions,0
15047,270,1,343.62,2011-03-15 10:49:00,2011-03-15 10:49:00,United Kingdom,22,343.62,270,0.1111111111111111,458.16,1,1,2,4,Lost,1
15048,65,4,384.05,2010-12-06 12:15:00,2011-10-05 14:55:00,United Kingdom,86,96.0125,369,0.3252032520325203,374.68,3,4,2,9,Potential Loyalists,0
15049,274,1,121.17000000000002,2011-03-11 12:13:00,2011-03-11 12:13:00,United Kingdom,3,121.17000000000002,274,0.10948905109489052,159.2,1,1,1,3,Lost,1
15050,25,3,1782.09,2011-09-29 13:22:00,2011-11-14 16:17:00,United Kingdom,68,594.03,71,1.267605633802817,9035.95,4,3,4,11,Loyal Customers,0
15051,23,3,1391.61,2011-07-12 15:29:00,2011-11-16 15:38:00,United Kingdom,130,463.86999999999995,150,0.6,3339.86,4,3,4,11,Loyal Customers,0
15052,319,1,215.78,2011-01-24 15:52:00,2011-01-24 15:52:00,United Kingdom,27,215.78,319,0.09404388714733543,243.51,1,1,1,3,Lost,1
15053,5,3,697.79,2011-03-03 12:06:00,2011-12-05 12:08:00,United Kingdom,49,232.59666666666666,282,0.3191489361702127,890.8,5,3,3,11,Loyal Customers,0
15054,12,2,302.1,2011-10-30 14:33:00,2011-11-27 15:02:00,United Kingdom,105,151.05,40,1.5,2718.9,5,3,2,10,Loyal Customers,0
15057,275,2,1489.5,2011-01-28 09:09:00,2011-03-09 15:17:00,United Kingdom,25,744.75,316,0.189873417721519,1696.9,1,3,4,8,Potential Loyalists,1
15058,25,11,2124.9900000000002,2011-01-31 15:35:00,2011-11-14 14:57:00,United Kingdom,199,193.18090909090913,312,1.0576923076923077,2451.91,4,5,5,14,Champions,0
15059,41,9,1337.72,2011-01-09 11:54:00,2011-10-30 11:35:00,United Kingdom,161,148.63555555555556,335,0.8059701492537313,1437.55,3,5,4,12,Loyal Customers,0
15060,8,4,303.09,2011-11-30 14:03:00,2011-12-01 13:47:00,United Kingdom,81,75.7725,9,4.0,3637.08,5,4,2,11,Loyal Customers,0
15061,4,48,54534.14,2010-12-02 15:19:00,2011-12-06 12:06:00,United Kingdom,70,1136.1279166666666,372,3.8709677419354835,52774.97,5,5,5,15,Champions,0
15062,71,4,987.86,2010-12-15 15:37:00,2011-09-29 16:51:00,United Kingdom,47,246.965,359,0.3342618384401114,990.61,3,4,4,11,Loyal Customers,0
15063,213,1,370.79999999999995,2011-05-10 13:25:00,2011-05-10 13:25:00,United Kingdom,5,370.79999999999995,213,0.14084507042253522,626.7,1,1,2,4,Lost,1
15065,38,4,3158.13,2011-02-21 12:54:00,2011-11-02 09:45:00,United Kingdom,148,789.5325,291,0.4123711340206186,3906.96,3,4,5,12,Loyal Customers,0
15066,53,1,893.59,2011-10-17 13:25:00,2011-10-17 13:25:00,United Kingdom,42,893.59,53,0.5660377358490566,6069.67,3,1,3,7,Potential Loyalists,0
15067,78,3,1744.76,2011-03-02 12:10:00,2011-09-22 13:20:00,United Kingdom,82,581.5866666666667,283,0.31802120141342755,2219.48,2,3,4,9,Potential Loyalists,0
15068,46,2,553.36,2011-03-28 14:27:00,2011-10-24 14:47:00,United Kingdom,96,276.68,256,0.234375,778.16,3,3,3,9,Potential Loyalists,0
15069,179,1,1109.53,2011-06-13 14:16:00,2011-06-13 14:16:00,United Kingdom,70,1109.53,179,0.16759776536312848,2231.46,2,1,4,7,Potential Loyalists,1
15070,373,1,106.2,2010-12-02 11:23:00,2010-12-02 11:23:00,United Kingdom,1,106.2,373,0.08042895442359249,102.5,1,1,1,3,Lost,1
15071,94,2,982.07,2011-03-09 10:19:00,2011-09-07 11:43:00,United Kingdom,25,491.035,276,0.2173913043478261,1280.96,2,3,4,9,Potential Loyalists,1
15073,10,3,1043.41,2011-06-06 09:59:00,2011-11-30 10:44:00,United Kingdom,31,347.80333333333334,187,0.48128342245989303,2008.7,5,3,4,12,Loyal Customers,0
15074,105,1,748.87,2011-08-26 14:45:00,2011-08-26 14:45:00,United Kingdom,41,748.87,105,0.2857142857142857,2567.55,2,1,3,6,At Risk,1
15075,78,1,773.03,2011-09-23 12:27:00,2011-09-23 12:27:00,United Kingdom,27,773.03,78,0.3846153846153846,3567.83,2,1,3,6,At Risk,0
15076,173,1,880.85,2011-06-20 08:23:00,2011-06-20 08:23:00,United Kingdom,49,880.85,173,0.17341040462427745,1832.98,2,1,3,6,At Risk,1
15078,7,32,9743.11,2010-12-06 12:38:00,2011-12-02 15:41:00,United Kingdom,97,304.4721875,369,2.6016260162601625,9505.47,5,5,5,15,Champions,0
15079,213,4,895.61,2010-12-09 09:25:00,2011-05-11 12:45:00,United Kingdom,46,223.9025,366,0.3278688524590164,880.93,1,4,3,8,Potential Loyalists,1
15081,22,5,504.8,2010-12-07 16:20:00,2011-11-17 17:08:00,United Kingdom,26,100.96000000000001,367,0.40871934604904636,495.17,4,4,3,11,Loyal Customers,0
15083,257,1,88.2,2011-03-28 12:18:00,2011-03-28 12:18:00,United Kingdom,5,88.2,257,0.11673151750972763,123.55,1,1,1,3,Lost,1
15087,282,1,306.94,2011-03-03 10:34:00,2011-03-03 10:34:00,United Kingdom,15,306.94,282,0.10638297872340426,391.84,1,1,2,4,Lost,1
15088,21,2,1160.07,2011-10-03 14:05:00,2011-11-18 13:14:00,United Kingdom,53,580.035,67,0.8955223880597015,6233.21,4,3,4,11,Loyal Customers,0
15089,10,6,2420.84,2011-08-03 14:14:00,2011-11-29 16:31:00,United Kingdom,139,403.47333333333336,128,1.40625,6808.61,5,5,5,15,Champions,0
15090,308,1,381.32,2011-02-04 14:03:00,2011-02-04 14:03:00,United Kingdom,23,381.32,308,0.0974025974025974,445.7,1,1,2,4,Lost,1
15091,68,1,480.71,2011-10-03 12:47:00,2011-10-03 12:47:00,United Kingdom,30,480.71,68,0.4411764705882353,2544.94,3,1,2,6,At Risk,0
15092,215,2,457.81,2011-03-01 12:24:00,2011-05-08 14:10:00,United Kingdom,23,228.905,284,0.2112676056338028,580.32,1,3,2,6,At Risk,1
15093,18,6,4597.02,2010-12-02 18:25:00,2011-11-21 13:09:00,United Kingdom,52,766.1700000000001,372,0.48387096774193544,4448.73,4,5,5,14,Champions,0
15095,104,4,1370.6,2011-05-20 14:27:00,2011-08-28 12:01:00,United Kingdom,30,342.65,203,0.5911330049261084,2430.62,2,4,4,10,Loyal Customers,1
15096,43,1,219.39000000000001,2011-10-28 10:27:00,2011-10-28 10:27:00,United Kingdom,11,219.39000000000001,43,0.6976744186046512,1836.75,3,1,1,5,At Risk,0
15097,4,1,248.08,2011-12-05 14:03:00,2011-12-05 14:03:00,United Kingdom,25,248.08,4,1.0,2976.96,5,1,1,7,Potential Loyalists,0
15098,182,3,39916.5,2011-06-10 15:22:00,2011-06-10 15:33:00,United Kingdom,1,13305.5,182,0.4945054945054945,78955.71,1,3,5,9,Potential Loyalists,1
15099,84,1,410.48,2011-09-16 13:13:00,2011-09-16 13:13:00,United Kingdom,23,410.48,84,0.35714285714285715,1759.2,2,1,2,5,At Risk,0
15100,334,3,876.0,2010-12-01 09:09:00,2011-01-10 10:35:00,United Kingdom,1,292.0,374,0.24064171122994651,843.21,1,3,3,7,Potential Loyalists,1
15101,9,2,317.53,2010-12-15 12:54:00,2011-12-01 10:18:00,United Kingdom,8,158.765,359,0.1671309192200557,318.41,5,3,2,10,Loyal Customers,0
15103,31,2,703.36,2011-09-14 13:54:00,2011-11-08 14:53:00,United Kingdom,35,351.68,86,0.6976744186046512,2944.3,4,3,3,10,Loyal Customers,0
15104,197,2,1027.44,2011-03-02 14:16:00,2011-05-27 12:29:00,United Kingdom,66,513.72,282,0.2127659574468085,1311.63,1,3,4,8,Potential Loyalists,1
15105,18,7,2298.93,2011-07-28 10:09:00,2011-11-21 16:54:00,United Kingdom,90,328.4185714285714,135,1.5555555555555556,6130.48,4,5,5,14,Champions,0
15106,18,5,1422.52,2011-03-15 12:52:00,2011-11-22 09:16:00,United Kingdom,90,284.504,269,0.5576208178438662,1903.74,4,4,4,12,Loyal Customers,0
15107,311,6,319.5,2010-12-02 13:45:00,2011-02-01 14:46:00,United Kingdom,12,53.25,372,0.48387096774193544,309.19,1,5,2,8,Potential Loyalists,1
15108,142,4,1300.25,2011-04-26 10:54:00,2011-07-21 10:24:00,European Community,50,325.0625,228,0.5263157894736842,2053.03,2,4,4,10,Loyal Customers,1
15109,246,1,484.95,2011-04-08 09:58:00,2011-04-08 09:58:00,United Kingdom,28,484.95,246,0.12195121951219513,709.68,1,1,2,4,Lost,1
15110,24,4,996.1,2011-01-25 11:41:00,2011-11-16 11:16:00,United Kingdom,17,249.025,319,0.3761755485893417,1124.13,4,4,4,12,Loyal Customers,0
15111,29,3,1567.48,2010-12-02 11:45:00,2011-11-10 16:58:00,United Kingdom,70,522.4933333333333,373,0.24128686327077747,1512.85,4,3,4,11,Loyal Customers,0
15113,10,3,3609.33,2011-10-16 15:27:00,2011-11-30 08:23:00,United Kingdom,77,1203.11,54,1.6666666666666665,24062.2,5,3,5,13,Champions,0
15114,30,10,2760.56,2011-02-11 08:45:00,2011-11-09 15:05:00,United Kingdom,136,276.056,302,0.9933774834437087,3290.73,4,5,5,14,Champions,0
15115,18,1,340.11,2011-11-21 14:59:00,2011-11-21 14:59:00,United Kingdom,21,340.11,18,1.0,4081.32,4,1,2,7,Potential Loyalists,0
15116,18,4,1352.75,2011-05-19 08:50:00,2011-11-22 12:25:00,United Kingdom,37,338.1875,205,0.5853658536585367,2375.56,4,4,4,12,Loyal Customers,0
15117,15,5,1551.78,2011-05-08 12:38:00,2011-11-25 08:12:00,United Kingdom,63,310.356,216,0.6944444444444444,2586.3,4,4,4,12,Loyal Customers,0
15118,134,1,244.8,2011-07-28 14:54:00,2011-07-28 14:54:00,United Kingdom,1,244.8,134,0.22388059701492538,657.67,2,1,1,4,Lost,1
15119,246,1,266.4,2011-04-08 09:08:00,2011-04-08 09:08:00,United Kingdom,14,266.4,246,0.12195121951219513,389.85,1,1,2,4,Lost,1
15120,134,1,358.82,2011-07-29 09:48:00,2011-07-29 09:48:00,United Kingdom,21,358.82,134,0.22388059701492538,963.99,2,1,2,5,At Risk,1
15121,50,2,457.72,2011-02-24 12:41:00,2011-10-20 14:51:00,United Kingdom,28,228.86,289,0.20761245674740486,570.17,3,3,2,8,Potential Loyalists,0
15122,114,3,1633.78,2011-02-15 09:59:00,2011-08-17 16:48:00,United Kingdom,65,544.5933333333334,298,0.30201342281879195,1973.69,2,3,4,9,Potential Loyalists,1
15123,7,2,2199.31,2011-05-17 14:57:00,2011-12-02 13:12:00,United Kingdom,93,1099.655,206,0.29126213592233013,3843.45,5,3,5,13,Champions,0
15124,23,2,184.19,2011-06-01 09:06:00,2011-11-17 10:09:00,United Kingdom,14,92.095,192,0.3125,345.36,4,3,1,8,Potential Loyalists,0
15125,25,15,11528.48,2011-03-14 09:59:00,2011-11-14 13:57:00,United Kingdom,102,768.5653333333333,271,1.6605166051660516,15314.59,4,5,5,14,Champions,0
15127,66,1,406.53,2011-10-05 10:30:00,2011-10-05 10:30:00,United Kingdom,16,406.53,66,0.45454545454545453,2217.44,3,1,2,6,At Risk,0
15128,60,4,1471.0,2011-05-04 12:32:00,2011-10-10 13:54:00,United Kingdom,74,367.75,220,0.5454545454545455,2407.09,3,4,4,11,Loyal Customers,0
15129,50,11,3447.4,2011-02-21 09:09:00,2011-10-20 14:40:00,United Kingdom,54,313.40000000000003,292,1.13013698630137,4250.22,3,5,5,13,Champions,0
15130,170,1,330.11,2011-06-23 10:15:00,2011-06-23 10:15:00,United Kingdom,22,330.11,170,0.1764705882352941,699.06,2,1,2,5,At Risk,1
15132,18,5,977.9300000000001,2011-03-22 12:02:00,2011-11-21 17:10:00,United Kingdom,49,195.586,263,0.5703422053231939,1338.61,4,4,4,12,Loyal Customers,0
15133,128,3,982.42,2011-02-11 10:38:00,2011-08-04 10:44:00,United Kingdom,27,327.4733333333333,302,0.2980132450331126,1171.1,2,3,4,9,Potential Loyalists,1
15134,15,8,1387.99,2011-04-13 11:05:00,2011-11-25 08:55:00,United Kingdom,44,173.49875,241,0.995850622406639,2073.35,4,5,4,13,Champions,0
15135,239,1,139.05,2011-04-14 19:16:00,2011-04-14 19:16:00,United Kingdom,9,139.05,239,0.12552301255230125,209.45,1,1,1,3,Lost,1
15136,3,4,1286.7,2011-09-04 16:05:00,2011-12-07 12:26:00,United Kingdom,61,321.675,96,1.25,4825.12,5,4,4,13,Champions,0
15139,240,2,178.96,2011-01-07 12:44:00,2011-04-14 11:39:00,United Kingdom,13,89.48,337,0.17804154302670624,191.17,1,3,1,5,At Risk,1
15140,52,7,2354.25,2011-03-20 14:37:00,2011-10-18 14:07:00,United Kingdom,74,336.32142857142856,264,0.7954545454545454,3210.34,3,5,5,13,Champions,0
15142,46,1,498.74,2011-10-24 12:51:00,2011-10-24 12:51:00,United Kingdom,26,498.74,46,0.6521739130434783,3903.18,3,1,3,7,Potential Loyalists,0
15143,226,1,259.45,2011-04-28 12:03:00,2011-04-28 12:03:00,United Kingdom,14,259.45,226,0.13274336283185842,413.28,1,1,2,4,Lost,1
15144,8,17,6580.44,2011-01-31 13:17:00,2011-12-01 15:12:00,United Kingdom,132,387.0847058823529,312,1.6346153846153846,7592.82,5,5,5,15,Champions,0
15145,4,4,1194.73,2011-04-05 15:20:00,2011-12-05 17:21:00,United Kingdom,54,298.6825,248,0.48387096774193544,1734.29,5,4,4,13,Champions,0
15146,165,2,1327.16,2011-02-21 13:07:00,2011-06-28 12:09:00,United Kingdom,90,663.58,291,0.2061855670103093,1641.85,2,3,4,9,Potential Loyalists,1
15147,240,1,623.5,2011-04-13 15:57:00,2011-04-13 15:57:00,United Kingdom,28,623.5,240,0.125,935.25,1,1,3,5,At Risk,1
15148,11,1,301.29,2011-11-29 08:21:00,2011-11-29 08:21:00,United Kingdom,20,301.29,11,1.0,3615.48,5,1,2,8,Potential Loyalists,0
15149,134,1,520.8000000000001,2011-07-29 10:58:00,2011-07-29 10:58:00,United Kingdom,23,520.8000000000001,134,0.22388059701492538,1399.16,2,1,3,6,At Risk,1
15150,17,10,5314.47,2011-03-15 14:21:00,2011-11-22 12:52:00,United Kingdom,282,531.447,269,1.1152416356877324,7112.3,4,5,5,14,Champions,0
15152,10,13,4745.69,2011-06-05 15:36:00,2011-11-30 12:32:00,United Kingdom,196,365.0530769230769,187,2.085561497326203,9136.09,5,5,5,15,Champions,0
15153,31,1,329.25,2011-11-08 17:09:00,2011-11-08 17:09:00,United Kingdom,22,329.25,31,0.9677419354838709,3823.55,4,1,2,7,Potential Loyalists,0
15154,75,1,296.42,2011-09-25 16:05:00,2011-09-25 16:05:00,United Kingdom,66,296.42,75,0.4,1422.82,2,1,2,5,At Risk,0
15156,1,3,961.49,2011-11-06 12:41:00,2011-12-08 18:22:00,United Kingdom,51,320.49666666666667,34,2.6470588235294117,10180.48,5,3,4,12,Loyal Customers,0
15157,4,3,1936.07,2010-12-16 13:44:00,2011-12-06 11:28:00,United Kingdom,125,645.3566666666667,358,0.25139664804469275,1946.89,5,3,4,12,Loyal Customers,0
15158,45,1,401.40000000000003,2011-10-25 13:53:00,2011-10-25 13:53:00,United Kingdom,7,401.40000000000003,45,0.6666666666666666,3211.2,3,1,2,6,At Risk,0
15159,2,30,18641.010000000002,2010-12-13 15:44:00,2011-12-08 12:05:00,United Kingdom,363,621.3670000000001,361,2.4930747922437675,18589.37,5,5,5,15,Champions,0
15160,357,1,158.16,2010-12-17 14:15:00,2010-12-17 14:15:00,United Kingdom,4,158.16,357,0.08403361344537814,159.49,1,1,1,3,Lost,1
15163,18,2,304.47,2011-05-31 15:22:00,2011-11-21 13:10:00,United Kingdom,29,152.235,192,0.3125,570.88,4,3,2,9,Potential Loyalists,0
15164,69,3,843.05,2011-01-04 14:21:00,2011-10-02 12:05:00,United Kingdom,79,281.01666666666665,339,0.2654867256637168,895.27,3,3,3,9,Potential Loyalists,0
15165,373,1,487.75,2010-12-01 14:03:00,2010-12-01 14:03:00,United Kingdom,27,487.75,373,0.08042895442359249,470.75,1,1,2,4,Lost,1
15167,321,1,163.0,2011-01-23 12:41:00,2011-01-23 12:41:00,United Kingdom,39,163.0,321,0.09345794392523366,182.8,1,1,1,3,Lost,1
15168,26,1,106.56,2011-11-14 11:26:00,2011-11-14 11:26:00,United Kingdom,5,106.56,26,1.0,1278.72,4,1,1,6,At Risk,0
15171,331,1,1289.5,2011-01-12 15:36:00,2011-01-12 15:36:00,United Kingdom,5,1289.5,331,0.09063444108761329,1402.48,1,1,4,6,At Risk,1
15172,9,5,1624.05,2011-04-17 11:56:00,2011-12-01 11:51:00,United Kingdom,106,324.81,237,0.6329113924050632,2466.91,5,4,4,13,Champions,0
15174,323,1,135.75,2011-01-21 09:06:00,2011-01-21 09:06:00,United Kingdom,11,135.75,323,0.09287925696594426,151.3,1,1,1,3,Lost,1
15175,72,1,224.14,2011-09-29 11:31:00,2011-09-29 11:31:00,United Kingdom,23,224.14,72,0.4166666666666667,1120.7,3,1,1,5,At Risk,0
15178,260,1,40.5,2011-03-24 15:12:00,2011-03-24 15:12:00,United Kingdom,3,40.5,260,0.11538461538461539,56.08,1,1,1,3,Lost,1
15179,18,5,2206.95,2011-01-24 13:48:00,2011-11-21 12:53:00,United Kingdom,91,441.39,319,0.4702194357366771,2490.6,4,4,5,13,Champions,0
15180,367,1,87.5,2010-12-07 14:57:00,2010-12-07 14:57:00,United Kingdom,6,87.5,367,0.08174386920980926,85.83,1,1,1,3,Lost,1
15181,66,3,689.4799999999999,2011-03-15 12:03:00,2011-10-04 13:58:00,United Kingdom,11,229.82666666666663,270,0.3333333333333333,919.31,3,3,3,9,Potential Loyalists,0
15182,154,2,622.85,2011-03-16 12:42:00,2011-07-08 13:37:00,United Kingdom,24,311.425,269,0.22304832713754646,833.55,2,3,3,8,Potential Loyalists,1
15184,29,2,406.76,2011-06-02 12:06:00,2011-11-10 13:41:00,United Kingdom,59,203.38,191,0.31413612565445026,766.67,4,3,2,9,Potential Loyalists,0
15185,70,1,310.62,2011-09-30 14:06:00,2011-09-30 14:06:00,United Kingdom,21,310.62,70,0.42857142857142855,1597.47,3,1,2,6,At Risk,0
15186,14,2,411.41,2011-06-24 14:54:00,2011-11-25 14:58:00,United Kingdom,17,205.705,168,0.35714285714285715,881.59,4,3,2,9,Potential Loyalists,0
15187,2,16,4777.18,2011-05-11 13:49:00,2011-12-08 11:56:00,United Kingdom,61,298.57375,212,2.2641509433962264,8112.19,5,5,5,15,Champions,0
15189,1,41,16225.39,2011-01-11 12:29:00,2011-12-08 13:22:00,United Kingdom,80,395.74121951219513,333,3.6936936936936937,17540.96,5,5,5,15,Champions,0
15192,120,3,1044.32,2010-12-09 14:56:00,2011-08-12 11:41:00,United Kingdom,36,348.1066666666666,365,0.24657534246575344,1030.01,2,3,4,9,Potential Loyalists,1
15193,61,1,499.32,2011-10-10 08:23:00,2011-10-10 08:23:00,United Kingdom,19,499.32,61,0.49180327868852464,2946.81,3,1,3,7,Potential Loyalists,0
15194,3,15,7616.53,2010-12-06 15:00:00,2011-12-06 15:10:00,United Kingdom,209,507.76866666666666,368,1.2228260869565217,7450.95,5,5,5,15,Champions,0
15195,3,1,3861.0,2011-12-07 12:20:00,2011-12-07 12:20:00,United Kingdom,1,3861.0,3,1.0,46332.0,5,1,5,11,Loyal Customers,0
15197,11,3,1079.6100000000001,2010-12-16 18:01:00,2011-11-29 10:00:00,United Kingdom,30,359.87000000000006,358,0.25139664804469275,1085.64,5,3,4,12,Loyal Customers,0
15198,92,2,193.64,2011-08-07 15:16:00,2011-09-08 14:42:00,United Kingdom,10,96.82,124,0.48387096774193544,562.18,2,3,1,6,At Risk,1
15199,59,4,1268.7,2011-02-04 14:04:00,2011-10-11 15:12:00,United Kingdom,5,317.175,308,0.3896103896103896,1482.9,3,4,4,11,Loyal Customers,0
15201,87,5,1236.54,2011-04-06 14:02:00,2011-09-13 14:53:00,United Kingdom,35,247.308,247,0.6072874493927126,1802.24,2,4,4,10,Loyal Customers,0
15203,26,6,1827.8,2011-02-01 12:29:00,2011-11-14 08:16:00,United Kingdom,82,304.6333333333333,312,0.5769230769230769,2109.0,4,5,4,13,Champions,0
15204,357,1,316.58,2010-12-17 13:49:00,2010-12-17 13:49:00,United Kingdom,9,316.58,357,0.08403361344537814,319.24,1,1,2,4,Lost,1
15205,85,2,653.24,2011-08-04 16:07:00,2011-09-15 19:36:00,United Kingdom,37,326.62,127,0.47244094488188976,1851.7,2,3,3,8,Potential Loyalists,0
15206,10,4,420.29999999999995,2011-03-09 08:59:00,2011-11-29 13:41:00,United Kingdom,3,105.07499999999999,276,0.4347826086956522,548.22,5,4,2,11,Loyal Customers,0
15208,1,5,870.12,2010-12-21 13:03:00,2011-12-08 17:24:00,United Kingdom,25,174.024,353,0.4249291784702549,887.37,5,4,3,12,Loyal Customers,0
15210,225,1,331.18,2011-04-28 16:11:00,2011-04-28 16:11:00,United Kingdom,20,331.18,225,0.13333333333333333,529.89,1,1,2,4,Lost,1
15211,60,2,894.4100000000001,2010-12-09 16:08:00,2011-10-10 13:31:00,United Kingdom,52,447.20500000000004,365,0.16438356164383564,882.16,3,3,3,9,Potential Loyalists,0
15212,241,1,101.8,2011-04-12 13:45:00,2011-04-12 13:45:00,United Kingdom,5,101.8,241,0.12448132780082988,152.07,1,1,1,3,Lost,1
15213,319,2,328.35,2011-01-14 11:05:00,2011-01-25 12:21:00,United Kingdom,22,164.175,330,0.18181818181818182,358.2,1,3,2,6,At Risk,1
15214,2,8,1661.44,2011-04-11 09:46:00,2011-12-08 12:07:00,United Kingdom,109,207.68,243,0.9876543209876544,2461.39,5,5,4,14,Champions,0
15215,47,3,734.94,2011-09-04 12:24:00,2011-10-24 11:41:00,United Kingdom,33,244.98000000000002,97,0.9278350515463918,2727.61,3,3,3,9,Potential Loyalists,0
15216,88,1,96.6,2011-09-13 11:41:00,2011-09-13 11:41:00,United Kingdom,2,96.6,88,0.34090909090909094,395.18,2,1,1,4,Lost,0
15218,11,11,5756.89,2011-01-25 11:20:00,2011-11-29 11:48:00,United Kingdom,77,523.3536363636364,319,1.0344827586206897,6496.8,5,5,5,15,Champions,0
15219,176,1,305.75,2011-06-16 16:57:00,2011-06-16 16:57:00,United Kingdom,9,305.75,176,0.17045454545454547,625.4,2,1,2,5,At Risk,1
15220,52,6,1778.96,2011-03-04 10:24:00,2011-10-19 12:39:00,United Kingdom,110,296.49333333333334,281,0.6405693950177935,2279.09,3,5,4,12,Loyal Customers,0
15221,366,1,403.25,2010-12-08 13:08:00,2010-12-08 13:08:00,United Kingdom,5,403.25,366,0.0819672131147541,396.64,1,1,2,4,Lost,1
15222,319,1,585.0,2011-01-25 08:03:00,2011-01-25 08:03:00,United Kingdom,5,585.0,319,0.09404388714733543,660.19,1,1,3,5,At Risk,1
15223,226,2,755.75,2011-04-04 12:17:00,2011-04-28 11:31:00,United Kingdom,14,377.875,250,0.24,1088.28,1,3,3,7,Potential Loyalists,1
15224,358,2,322.08,2010-12-12 12:34:00,2010-12-16 15:02:00,United Kingdom,13,161.04,363,0.1652892561983471,319.42,1,3,2,6,At Risk,1
15225,234,1,409.40000000000003,2011-04-19 14:51:00,2011-04-19 14:51:00,United Kingdom,23,409.40000000000003,234,0.12820512820512822,629.85,1,1,2,4,Lost,1
15226,311,1,154.41,2011-02-02 11:41:00,2011-02-02 11:41:00,United Kingdom,8,154.41,311,0.09646302250803858,178.74,1,1,1,3,Lost,1
15227,37,5,1219.4,2011-01-26 15:31:00,2011-11-03 11:59:00,United Kingdom,43,243.88000000000002,317,0.47318611987381703,1384.81,3,4,4,11,Loyal Customers,0
15228,66,4,3386.71,2011-02-18 09:04:00,2011-10-04 13:56:00,United Kingdom,110,846.6775,295,0.4067796610169491,4132.93,3,4,5,12,Loyal Customers,0
15230,239,2,429.6,2011-04-13 11:04:00,2011-04-14 14:39:00,United Kingdom,23,214.8,241,0.24896265560165975,641.73,1,3,2,6,At Risk,1
15232,113,2,612.06,2011-07-22 12:21:00,2011-08-18 16:27:00,United Kingdom,26,306.03,141,0.425531914893617,1562.71,2,3,3,8,Potential Loyalists,1
15234,277,1,197.0,2011-03-08 08:53:00,2011-03-08 08:53:00,United Kingdom,14,197.0,277,0.10830324909747294,256.03,1,1,1,3,Lost,1
15235,218,12,2247.51,2010-12-01 17:22:00,2011-05-06 09:44:00,United Kingdom,132,187.29250000000002,373,0.9651474530831099,2169.18,1,5,5,11,Loyal Customers,1
15236,299,1,321.05,2011-02-14 10:52:00,2011-02-14 10:52:00,United Kingdom,15,321.05,299,0.10033444816053512,386.55,1,1,2,4,Lost,1
15237,2,4,1412.32,2011-04-26 15:04:00,2011-12-08 09:46:00,United Kingdom,94,353.08,227,0.5286343612334802,2239.8,5,4,4,13,Champions,0
15238,29,3,1071.99,2011-06-08 16:00:00,2011-11-10 14:28:00,United Kingdom,49,357.33,184,0.48913043478260865,2097.37,4,3,4,11,Loyal Customers,0
15239,10,2,780.59,2011-09-22 09:53:00,2011-11-29 14:14:00,United Kingdom,48,390.295,79,0.759493670886076,3557.12,5,3,3,11,Loyal Customers,0
15240,45,5,1706.57,2011-02-01 08:23:00,2011-10-26 09:50:00,United Kingdom,58,341.31399999999996,312,0.4807692307692307,1969.12,3,4,4,11,Loyal Customers,0
15241,67,8,1756.44,2011-03-01 11:02:00,2011-10-04 09:05:00,United Kingdom,82,219.555,284,0.8450704225352113,2226.47,3,5,4,12,Loyal Customers,0
15243,74,1,316.68,2011-09-26 14:12:00,2011-09-26 14:12:00,United Kingdom,22,316.68,74,0.4054054054054054,1540.61,2,1,2,5,At Risk,0
15244,65,2,631.57,2011-04-05 15:12:00,2011-10-05 13:19:00,United Kingdom,31,315.785,248,0.24193548387096772,916.8,3,3,3,9,Potential Loyalists,0
15245,134,3,2515.84,2011-03-23 13:42:00,2011-07-28 18:56:00,United Kingdom,55,838.6133333333333,261,0.3448275862068966,3470.12,2,3,5,10,Loyal Customers,1
15246,238,2,514.15,2010-12-16 09:46:00,2011-04-15 14:45:00,United Kingdom,32,257.075,359,0.1671309192200557,515.58,1,3,3,7,Potential Loyalists,1
15247,122,1,356.0,2011-08-09 12:52:00,2011-08-09 12:52:00,United Kingdom,6,356.0,122,0.24590163934426232,1050.49,2,1,2,5,At Risk,1
15249,32,13,6688.46,2011-03-28 12:49:00,2011-11-08 11:45:00,United Kingdom,211,514.496923076923,257,1.517509727626459,9369.05,4,5,5,14,Champions,0
15251,9,11,10484.99,2011-04-12 10:38:00,2011-11-30 15:02:00,United Kingdom,97,953.180909090909,242,1.3636363636363638,15597.51,5,5,5,15,Champions,0
15252,36,2,740.78,2011-06-09 14:15:00,2011-11-03 13:30:00,United Kingdom,44,370.39,183,0.3278688524590164,1457.27,3,3,3,9,Potential Loyalists,0
15253,16,5,918.1999999999999,2011-06-23 12:19:00,2011-11-23 16:22:00,United Kingdom,52,183.64,170,0.8823529411764706,1944.42,4,4,3,11,Loyal Customers,0
15254,127,1,300.36,2011-08-04 15:04:00,2011-08-04 15:04:00,United Kingdom,18,300.36,127,0.23622047244094488,851.41,2,1,2,5,At Risk,1
15255,67,1,890.85,2011-10-04 12:43:00,2011-10-04 12:43:00,United Kingdom,47,890.85,67,0.44776119402985076,4786.66,3,1,3,7,Potential Loyalists,0
15256,149,1,98.45,2011-07-14 11:47:00,2011-07-14 11:47:00,United Kingdom,6,98.45,149,0.20134228187919462,237.87,2,1,1,4,Lost,1
15257,283,1,317.15,2011-03-01 12:58:00,2011-03-01 12:58:00,United Kingdom,7,317.15,283,0.10600706713780919,403.44,1,1,2,4,Lost,1
15258,169,2,623.16,2011-05-06 14:16:00,2011-06-24 12:30:00,United Kingdom,32,311.58,217,0.2764976958525346,1033.81,2,3,3,8,Potential Loyalists,1
15260,100,7,1810.77,2010-12-02 12:09:00,2011-08-31 13:55:00,United Kingdom,62,258.68142857142857,373,0.5630026809651475,1747.66,2,5,4,11,Loyal Customers,1
15261,135,1,254.82,2011-07-27 15:20:00,2011-07-27 15:20:00,United Kingdom,19,254.82,135,0.2222222222222222,679.52,2,1,2,5,At Risk,1
15262,324,1,178.95000000000002,2011-01-20 12:16:00,2011-01-20 12:16:00,United Kingdom,10,178.95000000000002,324,0.09259259259259259,198.83,1,1,1,3,Lost,1
15263,107,1,156.51,2011-08-25 10:26:00,2011-08-25 10:26:00,United Kingdom,12,156.51,107,0.2803738317757009,526.58,2,1,1,4,Lost,1
15264,64,1,393.74,2011-10-06 13:49:00,2011-10-06 13:49:00,United Kingdom,23,393.74,64,0.46875,2214.79,3,1,2,6,At Risk,0
15265,151,2,1506.1200000000001,2011-04-18 12:16:00,2011-07-11 14:46:00,United Kingdom,76,753.0600000000001,236,0.2542372881355932,2297.47,2,3,4,9,Potential Loyalists,1
15266,338,1,119.3,2011-01-05 13:40:00,2011-01-05 13:40:00,United Kingdom,6,119.3,338,0.08875739644970414,127.07,1,1,1,3,Lost,1
15267,22,5,1717.36,2011-06-10 10:24:00,2011-11-17 15:59:00,United Kingdom,8,343.472,183,0.819672131147541,3378.41,4,4,4,12,Loyal Customers,0
15269,24,1,408.8,2011-11-16 09:32:00,2011-11-16 09:32:00,United Kingdom,2,408.8,24,1.0,4905.6,4,1,2,7,Potential Loyalists,0
15270,16,7,2379.49,2011-02-02 13:25:00,2011-11-24 09:24:00,United Kingdom,22,339.9271428571428,310,0.6774193548387096,2763.28,4,5,5,14,Champions,0
15271,7,15,2507.07,2010-12-09 13:47:00,2011-12-02 14:11:00,United Kingdom,184,167.138,365,1.2328767123287672,2472.73,5,5,5,15,Champions,0
15272,57,2,721.94,2011-09-14 16:36:00,2011-10-13 12:59:00,United Kingdom,63,360.97,86,0.6976744186046512,3022.07,3,3,3,9,Potential Loyalists,0
15274,4,2,716.57,2011-11-21 14:17:00,2011-12-05 16:57:00,United Kingdom,44,358.285,18,2.0,8598.84,5,3,3,11,Loyal Customers,0
15275,38,1,615.14,2011-11-02 11:20:00,2011-11-02 11:20:00,United Kingdom,41,615.14,38,0.7894736842105263,5827.64,3,1,3,7,Potential Loyalists,0
15276,66,1,135.31,2011-10-04 16:39:00,2011-10-04 16:39:00,United Kingdom,49,135.31,66,0.45454545454545453,738.05,3,1,1,5,At Risk,0
15277,47,1,255.89999999999998,2011-10-24 10:08:00,2011-10-24 10:08:00,United Kingdom,12,255.89999999999998,47,0.6382978723404256,1960.09,3,1,2,6,At Risk,0
15279,355,1,290.51,2010-12-20 10:48:00,2010-12-20 10:48:00,United Kingdom,19,290.51,355,0.08450704225352113,294.6,1,1,2,4,Lost,1
15280,172,1,113.12,2011-06-20 17:14:00,2011-06-20 17:14:00,United Kingdom,16,113.12,172,0.1744186046511628,236.76,2,1,1,4,Lost,1
15281,59,9,2332.15,2011-01-10 15:51:00,2011-10-12 09:10:00,United Kingdom,121,259.1277777777778,333,0.8108108108108109,2521.24,3,5,5,13,Champions,0
15286,50,1,240.55,2011-10-21 11:08:00,2011-10-21 11:08:00,United Kingdom,3,240.55,50,0.6,1731.96,3,1,1,5,At Risk,0
15287,22,2,486.69,2011-09-30 12:30:00,2011-11-17 15:34:00,United Kingdom,17,243.345,71,0.8450704225352113,2467.72,4,3,2,9,Potential Loyalists,0
15288,43,5,2306.52,2010-12-09 13:59:00,2011-10-27 16:58:00,United Kingdom,80,461.304,365,0.4109589041095891,2274.92,3,4,5,12,Loyal Customers,0
15289,29,3,939.78,2011-04-04 12:44:00,2011-11-10 13:49:00,United Kingdom,43,313.26,250,0.36,1353.28,4,3,3,10,Loyal Customers,0
15290,5,18,7943.22,2010-12-15 16:03:00,2011-12-05 11:39:00,United Kingdom,93,441.29,359,1.5041782729805013,7965.35,5,5,5,15,Champions,0
15291,26,15,4668.3,2010-12-01 09:32:00,2011-11-14 11:02:00,United Kingdom,62,311.22,374,1.2032085561497325,4493.55,4,5,5,14,Champions,0
15292,201,1,180.94,2011-05-22 15:00:00,2011-05-22 15:00:00,United Kingdom,24,180.94,201,0.14925373134328357,324.07,1,1,1,3,Lost,1
15296,51,6,3672.86,2011-01-17 11:57:00,2011-10-20 11:47:00,United Kingdom,137,612.1433333333333,327,0.5504587155963303,4043.52,3,5,5,13,Champions,0
15297,10,3,641.94,2011-10-07 09:42:00,2011-11-29 16:32:00,United Kingdom,30,213.98000000000002,64,1.40625,3610.91,5,3,3,11,Loyal Customers,0
15298,2,12,4799.9,2010-12-08 13:55:00,2011-12-07 17:17:00,United Kingdom,115,399.9916666666666,366,0.9836065573770493,4721.21,5,5,5,15,Champions,0
15299,67,7,4507.01,2010-12-02 16:48:00,2011-10-03 14:19:00,United Kingdom,7,643.8585714285715,372,0.564516129032258,4361.62,3,5,5,13,Champions,0
15300,64,1,496.44,2011-10-06 17:08:00,2011-10-06 17:08:00,United Kingdom,28,496.44,64,0.46875,2792.48,3,1,3,7,Potential Loyalists,0
15301,51,12,5070.35,2010-12-06 12:21:00,2011-10-20 09:57:00,United Kingdom,167,422.5291666666667,369,0.975609756097561,4946.68,3,5,5,13,Champions,0
15303,290,1,574.02,2011-02-22 13:59:00,2011-02-22 13:59:00,United Kingdom,31,574.02,290,0.10344827586206898,712.58,1,1,3,5,At Risk,1
15304,61,8,694.4000000000001,2010-12-06 11:42:00,2011-10-10 10:23:00,United Kingdom,8,86.80000000000001,369,0.6504065040650406,677.46,3,5,3,11,Loyal Customers,0
15306,64,3,1174.35,2011-07-14 15:22:00,2011-10-06 12:56:00,United Kingdom,57,391.45,148,0.6081081081081081,2856.53,3,3,4,10,Loyal Customers,0
15307,96,1,205.3,2011-09-05 11:38:00,2011-09-05 11:38:00,United Kingdom,12,205.3,96,0.3125,769.88,2,1,1,4,Lost,1
15308,274,1,310.47,2011-03-10 13:08:00,2011-03-10 13:08:00,United Kingdom,19,310.47,274,0.10948905109489052,407.92,1,1,2,4,Lost,1
15311,1,91,60767.9,2010-12-01 09:41:00,2011-12-09 12:00:00,United Kingdom,567,667.7791208791209,374,7.2994652406417115,58493.17,5,5,5,15,Champions,0
15312,75,4,924.85,2010-12-20 12:51:00,2011-09-25 13:10:00,United Kingdom,42,231.2125,354,0.3389830508474576,940.53,2,4,3,9,Potential Loyalists,0
15313,110,1,52.0,2011-08-21 16:02:00,2011-08-21 16:02:00,United Kingdom,1,52.0,110,0.27272727272727276,170.18,2,1,1,4,Lost,1
15314,199,1,327.97,2011-05-24 14:39:00,2011-05-24 14:39:00,United Kingdom,24,327.97,199,0.1507537688442211,593.31,1,1,2,4,Lost,1
15315,64,2,570.5,2011-08-15 15:17:00,2011-10-06 12:51:00,United Kingdom,35,285.25,116,0.5172413793103449,1770.52,3,3,3,9,Potential Loyalists,0
15316,327,1,165.0,2011-01-17 11:34:00,2011-01-17 11:34:00,United Kingdom,1,165.0,327,0.09174311926605504,181.65,1,1,1,3,Lost,1
15318,4,1,312.62,2011-12-06 11:30:00,2011-12-06 11:30:00,United Kingdom,33,312.62,4,1.0,3751.44,5,1,2,8,Potential Loyalists,0
15319,284,1,204.5,2011-03-01 12:48:00,2011-03-01 12:48:00,United Kingdom,16,204.5,284,0.1056338028169014,259.23,1,1,1,3,Lost,1
15320,44,1,267.13,2011-10-26 13:27:00,2011-10-26 13:27:00,United Kingdom,36,267.13,44,0.6818181818181819,2185.61,3,1,2,6,At Risk,0
15321,71,3,2748.31,2011-02-21 11:10:00,2011-09-30 09:40:00,United Kingdom,83,916.1033333333334,292,0.3082191780821918,3388.33,3,3,5,11,Loyal Customers,0
15322,86,1,679.68,2011-09-15 09:34:00,2011-09-15 09:34:00,United Kingdom,42,679.68,86,0.3488372093023256,2845.17,2,1,3,6,At Risk,0
15325,104,1,162.29,2011-08-28 11:55:00,2011-08-28 11:55:00,United Kingdom,47,162.29,104,0.28846153846153844,561.77,2,1,1,4,Lost,1
15326,334,1,311.71,2011-01-10 11:38:00,2011-01-10 11:38:00,United Kingdom,29,311.71,334,0.08982035928143713,335.97,1,1,2,4,Lost,1
15327,53,1,208.75,2011-10-18 11:55:00,2011-10-18 11:55:00,United Kingdom,10,208.75,53,0.5660377358490566,1417.92,3,1,1,5,At Risk,0
15329,39,3,1049.7,2011-06-21 10:37:00,2011-10-31 15:36:00,United Kingdom,51,349.90000000000003,172,0.5232558139534884,2197.05,3,3,4,10,Loyal Customers,0
15330,32,2,714.96,2011-10-10 12:30:00,2011-11-07 17:50:00,United Kingdom,10,357.48,61,0.9836065573770493,4219.44,4,3,3,10,Loyal Customers,0
15332,366,4,1661.06,2010-12-05 12:00:00,2010-12-08 14:43:00,Lithuania,29,415.265,370,0.3243243243243243,1616.17,1,4,4,9,Potential Loyalists,1
15333,208,1,1028.56,2011-05-15 13:27:00,2011-05-15 13:27:00,United Kingdom,16,1028.56,208,0.14423076923076922,1780.2,1,1,4,6,At Risk,1
15334,157,3,351.67,2011-06-19 13:51:00,2011-07-06 11:22:00,United Kingdom,67,117.22333333333334,173,0.5202312138728323,731.8,2,3,2,7,Potential Loyalists,1
15335,54,1,173.97,2011-10-17 12:50:00,2011-10-17 12:50:00,United Kingdom,34,173.97,54,0.5555555555555556,1159.8,3,1,1,5,At Risk,0
15339,66,2,574.07,2011-01-25 13:15:00,2011-10-04 12:51:00,United Kingdom,77,287.035,318,0.18867924528301888,649.89,3,3,3,9,Potential Loyalists,0
15341,81,1,2020.52,2011-09-20 09:40:00,2011-09-20 09:40:00,United Kingdom,17,2020.52,81,0.37037037037037035,8980.09,2,1,4,7,Potential Loyalists,0
15342,130,1,406.09,2011-08-02 10:19:00,2011-08-02 10:19:00,United Kingdom,24,406.09,130,0.23076923076923078,1124.56,2,1,2,5,At Risk,1
15343,87,1,364.5,2011-09-13 13:55:00,2011-09-13 13:55:00,United Kingdom,21,364.5,87,0.3448275862068966,1508.28,2,1,2,5,At Risk,0
15344,1,3,563.94,2011-09-26 14:48:00,2011-12-09 10:45:00,United Kingdom,21,187.98000000000002,74,1.2162162162162162,2743.49,5,3,3,11,Loyal Customers,0
15345,46,1,393.54,2011-10-25 11:28:00,2011-10-25 11:28:00,United Kingdom,20,393.54,46,0.6521739130434783,3079.88,3,1,2,6,At Risk,0
15346,333,1,252.42000000000002,2011-01-11 11:18:00,2011-01-11 11:18:00,United Kingdom,17,252.42000000000002,333,0.0900900900900901,272.89,1,1,2,4,Lost,1
15347,366,1,201.60000000000002,2010-12-08 15:25:00,2010-12-08 15:25:00,United Kingdom,5,201.60000000000002,366,0.0819672131147541,198.3,1,1,1,3,Lost,1
15348,72,1,158.04,2011-09-28 13:17:00,2011-09-28 13:17:00,United Kingdom,9,158.04,72,0.4166666666666667,790.2,3,1,1,5,At Risk,0
15349,158,2,473.81,2011-06-05 15:46:00,2011-07-04 16:06:00,United Kingdom,65,236.905,187,0.32085561497326204,912.15,2,3,2,7,Potential Loyalists,1
15350,373,1,115.65,2010-12-01 13:33:00,2010-12-01 13:33:00,United Kingdom,5,115.65,373,0.08042895442359249,111.62,1,1,1,3,Lost,1
15351,12,7,1960.1100000000001,2010-12-05 11:49:00,2011-11-27 12:52:00,United Kingdom,157,280.0157142857143,370,0.5675675675675675,1907.13,5,5,4,14,Champions,0
15353,255,2,777.02,2010-12-07 11:49:00,2011-03-30 12:15:00,United Kingdom,59,388.51,368,0.16304347826086957,760.13,1,3,3,7,Potential Loyalists,1
15355,29,2,277.05,2011-10-17 15:22:00,2011-11-10 13:44:00,United Kingdom,9,138.525,53,1.1320754716981132,1881.85,4,3,2,9,Potential Loyalists,0
15356,31,10,2766.5,2010-12-06 14:05:00,2011-11-08 13:11:00,United Kingdom,215,276.65,368,0.8152173913043478,2706.36,4,5,5,14,Champions,0
15358,5,22,8347.2,2010-12-09 10:04:00,2011-12-05 09:04:00,United Kingdom,292,379.41818181818184,366,1.8032786885245902,8210.36,5,5,5,15,Champions,0
15360,40,1,427.93,2011-10-31 09:35:00,2011-10-31 09:35:00,United Kingdom,13,427.93,40,0.75,3851.37,3,1,2,6,At Risk,0
15361,362,1,418.92,2010-12-13 09:52:00,2010-12-13 09:52:00,United Kingdom,7,418.92,362,0.08287292817679558,416.61,1,1,2,4,Lost,1
15363,373,1,326.0,2010-12-02 12:28:00,2010-12-02 12:28:00,United Kingdom,16,326.0,373,0.08042895442359249,314.64,1,1,2,4,Lost,1
15364,96,2,913.19,2011-03-30 13:39:00,2011-09-05 09:46:00,United Kingdom,29,456.595,254,0.23622047244094488,1294.29,2,3,3,8,Potential Loyalists,1
15365,26,7,2314.32,2011-01-28 13:08:00,2011-11-14 08:29:00,United Kingdom,65,330.6171428571429,315,0.6666666666666666,2644.94,4,5,5,14,Champions,0
15366,75,2,602.51,2010-12-16 15:59:00,2011-09-25 15:01:00,United Kingdom,37,301.255,358,0.16759776536312848,605.88,2,3,3,8,Potential Loyalists,0
15367,57,4,1877.59,2011-03-09 13:53:00,2011-10-13 14:13:00,United Kingdom,91,469.3975,275,0.4363636363636364,2457.94,3,4,4,11,Loyal Customers,0
15368,21,1,446.94000000000005,2011-11-18 14:42:00,2011-11-18 14:42:00,United Kingdom,4,446.94000000000005,21,1.0,5363.28,4,1,2,7,Potential Loyalists,0
15370,41,7,2386.05,2011-01-11 11:32:00,2011-10-30 10:58:00,United Kingdom,65,340.86428571428576,333,0.6306306306306306,2579.51,3,5,5,13,Champions,0
15372,137,1,2007.3999999999999,2011-07-25 16:39:00,2011-07-25 16:39:00,United Kingdom,27,2007.3999999999999,137,0.21897810218978103,5274.92,2,1,4,7,Potential Loyalists,1
15373,8,12,2415.91,2010-12-03 14:40:00,2011-12-01 15:05:00,United Kingdom,74,201.32583333333332,371,0.9703504043126684,2344.28,5,5,5,15,Champions,0
15374,129,1,168.0,2011-08-03 09:59:00,2011-08-03 09:59:00,United Kingdom,3,168.0,129,0.23255813953488372,468.84,2,1,1,4,Lost,1
15376,40,3,1233.3600000000001,2011-05-01 13:45:00,2011-10-30 15:04:00,United Kingdom,100,411.12000000000006,222,0.4054054054054054,2000.04,3,3,4,10,Loyal Customers,0
15379,169,7,3703.29,2010-12-16 13:02:00,2011-06-23 13:13:00,United Kingdom,145,529.0414285714286,358,0.5865921787709497,3723.98,2,5,5,12,Loyal Customers,1
15380,9,5,1690.2600000000002,2010-12-09 15:01:00,2011-12-01 12:13:00,United Kingdom,22,338.052,365,0.4109589041095891,1667.11,5,4,4,13,Champions,0
15381,214,2,596.85,2011-03-16 13:44:00,2011-05-10 11:55:00,United Kingdom,8,298.425,268,0.22388059701492538,801.74,1,3,3,7,Potential Loyalists,1
15382,15,6,5955.71,2011-02-17 12:01:00,2011-11-25 10:58:00,United Kingdom,193,992.6183333333333,296,0.6081081081081081,7243.43,4,5,5,14,Champions,0
15384,170,2,642.41,2010-12-15 11:34:00,2011-06-23 10:57:00,United Kingdom,34,321.205,360,0.16666666666666666,642.41,2,3,3,8,Potential Loyalists,1
15385,40,1,316.88,2011-10-30 15:11:00,2011-10-30 15:11:00,United Kingdom,12,316.88,40,0.75,2851.92,3,1,2,6,At Risk,0
15386,186,1,394.14,2011-06-06 13:47:00,2011-06-06 13:47:00,United Kingdom,31,394.14,186,0.16129032258064516,762.85,1,1,2,4,Lost,1
15388,270,1,140.54,2011-03-14 13:53:00,2011-03-14 13:53:00,Canada,10,140.54,270,0.1111111111111111,187.39,1,1,1,3,Lost,1
15389,172,1,500.0,2011-06-20 16:18:00,2011-06-20 16:18:00,United Kingdom,1,500.0,172,0.1744186046511628,1046.51,2,1,3,6,At Risk,1
15392,5,4,1535.53,2010-12-14 15:50:00,2011-12-05 11:01:00,United Kingdom,74,383.8825,360,0.3333333333333333,1535.53,5,4,4,13,Champions,0
15393,16,2,231.86,2011-03-03 16:58:00,2011-11-23 16:48:00,United Kingdom,10,115.93,281,0.21352313167259784,297.04,4,3,1,8,Potential Loyalists,0
15394,10,4,2183.54,2010-12-16 12:46:00,2011-11-30 11:49:00,United Kingdom,54,545.885,359,0.3342618384401114,2189.62,5,4,5,14,Champions,0
15395,326,1,107.45,2011-01-18 12:40:00,2011-01-18 12:40:00,United Kingdom,7,107.45,326,0.09202453987730061,118.66,1,1,1,3,Lost,1
15396,113,1,288.18,2011-08-19 10:56:00,2011-08-19 10:56:00,United Kingdom,14,288.18,113,0.26548672566371684,918.1,2,1,2,5,At Risk,1
15397,290,1,94.0,2011-02-23 09:25:00,2011-02-23 09:25:00,United Kingdom,6,94.0,290,0.10344827586206898,116.69,1,1,1,3,Lost,1
15398,16,2,1345.53,2011-09-22 14:56:00,2011-11-23 16:47:00,United Kingdom,60,672.765,78,0.7692307692307692,6210.14,4,3,4,11,Loyal Customers,0
15399,1,3,815.77,2011-09-21 15:57:00,2011-12-08 13:04:00,United Kingdom,45,271.92333333333335,79,1.139240506329114,3717.43,5,3,3,11,Loyal Customers,0
15400,92,5,716.2,2011-03-06 11:27:00,2011-09-08 13:57:00,United Kingdom,10,143.24,279,0.5376344086021505,924.13,2,4,3,9,Potential Loyalists,1
15402,149,2,626.77,2011-05-27 13:32:00,2011-07-14 12:17:00,United Kingdom,35,313.385,196,0.30612244897959184,1151.21,2,3,3,8,Potential Loyalists,1
15405,189,1,349.1,2011-06-03 14:44:00,2011-06-03 14:44:00,United Kingdom,8,349.1,189,0.15873015873015872,664.95,1,1,2,4,Lost,1
15406,31,2,510.71000000000004,2011-02-11 16:19:00,2011-11-08 13:22:00,United Kingdom,51,255.35500000000002,301,0.19933554817275748,610.82,4,3,3,10,Loyal Customers,0
15407,34,4,1056.44,2011-02-07 13:18:00,2011-11-06 11:55:00,United Kingdom,142,264.11,305,0.3934426229508197,1246.95,3,4,4,11,Loyal Customers,0
15408,264,1,267.18,2011-03-20 15:02:00,2011-03-20 15:02:00,United Kingdom,34,267.18,264,0.11363636363636363,364.34,1,1,2,4,Lost,1
15410,84,8,3450.84,2011-03-23 10:15:00,2011-09-16 14:47:00,United Kingdom,48,431.355,262,0.9160305343511451,4741.61,2,5,5,12,Loyal Customers,0
15411,26,4,1358.88,2011-06-10 12:30:00,2011-11-13 15:19:00,United Kingdom,86,339.72,183,0.6557377049180328,2673.21,4,4,4,12,Loyal Customers,0
15412,171,1,190.53,2011-06-21 15:24:00,2011-06-21 15:24:00,United Kingdom,10,190.53,171,0.17543859649122806,401.12,2,1,1,4,Lost,1
15414,10,3,774.9000000000001,2011-04-11 13:45:00,2011-11-30 09:50:00,United Kingdom,37,258.3,242,0.37190082644628103,1152.74,5,3,3,11,Loyal Customers,0
15415,313,1,572.8100000000001,2011-01-30 14:13:00,2011-01-30 14:13:00,United Kingdom,46,572.8100000000001,313,0.09584664536741214,658.82,1,1,3,5,At Risk,1
15416,65,4,3984.32,2011-03-02 08:41:00,2011-10-06 09:38:00,United Kingdom,165,996.08,283,0.42402826855123676,5068.39,3,4,5,12,Loyal Customers,0
15417,85,1,508.8,2011-09-15 15:26:00,2011-09-15 15:26:00,United Kingdom,28,508.8,85,0.3529411764705882,2154.92,2,1,3,6,At Risk,0
15419,25,1,135.86,2011-11-15 09:23:00,2011-11-15 09:23:00,United Kingdom,8,135.86,25,1.0,1630.32,4,1,1,6,At Risk,0
15421,59,4,950.36,2011-02-02 14:36:00,2011-10-12 09:20:00,United Kingdom,40,237.59,310,0.3870967741935484,1103.64,3,4,4,11,Loyal Customers,0
15422,323,2,97.7,2011-01-20 14:17:00,2011-01-20 16:17:00,United Kingdom,6,48.85,323,0.18575851393188852,108.89,1,3,1,5,At Risk,1
15423,38,1,43.5,2011-11-01 14:01:00,2011-11-01 14:01:00,United Kingdom,2,43.5,38,0.7894736842105263,412.11,3,1,1,5,At Risk,0
15424,254,2,383.34,2011-03-30 13:00:00,2011-03-30 13:02:00,United Kingdom,17,191.67,254,0.23622047244094488,543.32,1,3,2,6,At Risk,1
15426,19,5,1447.39,2010-12-05 13:55:00,2011-11-20 15:36:00,United Kingdom,217,289.478,369,0.4065040650406504,1412.09,4,4,4,12,Loyal Customers,0
15427,33,3,1483.14,2011-10-23 14:47:00,2011-11-06 14:29:00,United Kingdom,233,494.38000000000005,47,1.9148936170212767,11360.22,4,3,4,11,Loyal Customers,0
15428,15,1,93.78,2011-11-24 16:54:00,2011-11-24 16:54:00,United Kingdom,6,93.78,15,1.0,1125.36,4,1,1,6,At Risk,0
15429,27,2,397.35,2011-09-25 13:42:00,2011-11-13 12:28:00,United Kingdom,77,198.675,75,0.8,1907.28,4,3,2,9,Potential Loyalists,0
15432,23,1,171.19,2011-11-16 16:30:00,2011-11-16 16:30:00,United Kingdom,10,171.19,23,1.0,2054.28,4,1,1,6,At Risk,0
15433,214,2,533.3,2011-03-17 14:12:00,2011-05-10 10:45:00,United Kingdom,40,266.65,267,0.2247191011235955,719.06,1,3,3,7,Potential Loyalists,1
15434,8,5,1041.48,2011-05-23 14:18:00,2011-12-01 13:33:00,United Kingdom,40,208.296,200,0.75,1874.66,5,4,4,13,Champions,0
15435,22,1,149.29,2011-11-17 16:39:00,2011-11-17 16:39:00,United Kingdom,29,149.29,22,1.0,1791.48,4,1,1,6,At Risk,0
15436,12,3,1122.53,2011-04-19 16:52:00,2011-11-27 16:05:00,United Kingdom,243,374.1766666666667,234,0.38461538461538464,1726.97,5,3,4,12,Loyal Customers,0
15437,262,1,200.16,2011-03-22 13:11:00,2011-03-22 13:11:00,United Kingdom,44,200.16,262,0.11450381679389314,275.03,1,1,1,3,Lost,1
15438,131,1,156.57999999999998,2011-07-31 14:19:00,2011-07-31 14:19:00,United Kingdom,25,156.57999999999998,131,0.22900763358778628,430.3,2,1,1,4,Lost,1
15440,55,3,383.68,2011-05-15 11:30:00,2011-10-16 12:16:00,United Kingdom,50,127.89333333333333,209,0.43062200956937796,660.88,3,3,2,8,Potential Loyalists,0
15442,249,1,594.0,2011-04-05 12:24:00,2011-04-05 12:24:00,United Kingdom,2,594.0,249,0.12048192771084336,858.8,1,1,3,5,At Risk,1
15443,2,7,3236.91,2011-01-23 13:25:00,2011-12-08 10:40:00,United Kingdom,237,462.4157142857143,320,0.65625,3641.52,5,5,5,15,Champions,0
15444,9,2,1418.26,2011-10-30 16:12:00,2011-11-30 17:37:00,United Kingdom,191,709.13,40,1.5,12764.34,5,3,4,12,Loyal Customers,0
15445,264,1,113.5,2011-03-20 15:06:00,2011-03-20 15:06:00,United Kingdom,5,113.5,264,0.11363636363636363,154.77,1,1,1,3,Lost,1
15447,331,1,155.17,2011-01-13 11:26:00,2011-01-13 11:26:00,United Kingdom,9,155.17,331,0.09063444108761329,168.76,1,1,1,3,Lost,1
15448,313,1,494.64,2011-01-31 10:42:00,2011-01-31 10:42:00,United Kingdom,28,494.64,313,0.09584664536741214,568.92,1,1,3,5,At Risk,1
15449,26,3,974.52,2011-03-23 10:43:00,2011-11-13 15:02:00,United Kingdom,47,324.84,262,0.3435114503816794,1339.04,4,3,4,11,Loyal Customers,0
15450,30,1,429.84,2011-11-09 17:11:00,2011-11-09 17:11:00,United Kingdom,30,429.84,30,1.0,5158.08,4,1,2,7,Potential Loyalists,0
15452,30,3,538.73,2011-03-20 15:21:00,2011-11-10 12:13:00,United Kingdom,47,179.57666666666668,264,0.3409090909090909,734.63,4,3,3,10,Loyal Customers,0
15453,2,7,1388.37,2011-06-05 12:37:00,2011-12-08 10:59:00,United Kingdom,169,198.3385714285714,188,1.1170212765957448,2658.58,5,5,4,14,Champions,0
15454,362,1,179.1,2010-12-12 14:21:00,2010-12-12 14:21:00,United Kingdom,23,179.1,362,0.08287292817679558,178.11,1,1,1,3,Lost,1
15456,283,3,447.22,2010-12-15 15:34:00,2011-03-01 13:51:00,United Kingdom,48,149.07333333333335,359,0.25069637883008355,448.47,1,3,2,6,At Risk,1
15457,262,1,237.07,2011-03-22 15:31:00,2011-03-22 15:31:00,United Kingdom,56,237.07,262,0.11450381679389314,325.75,1,1,1,3,Lost,1
15458,25,1,161.64,2011-11-14 13:08:00,2011-11-14 13:08:00,United Kingdom,7,161.64,25,1.0,1939.68,4,1,1,6,At Risk,0
15460,354,1,216.76,2010-12-20 16:08:00,2010-12-20 16:08:00,United Kingdom,53,216.76,354,0.0847457627118644,220.43,1,1,1,3,Lost,1
15462,94,3,234.6,2011-06-05 15:36:00,2011-09-06 13:11:00,United Kingdom,9,78.2,187,0.48128342245989303,451.64,2,3,1,6,At Risk,1
15463,29,1,126.14,2011-11-10 12:57:00,2011-11-10 12:57:00,United Kingdom,7,126.14,29,1.0,1513.68,4,1,1,6,At Risk,0
15464,338,1,1048.85,2011-01-05 15:56:00,2011-01-05 15:56:00,United Kingdom,155,1048.85,338,0.08875739644970414,1117.12,1,1,4,6,At Risk,1
15465,20,18,7354.62,2010-12-05 10:12:00,2011-11-20 10:11:00,United Kingdom,43,408.59,370,1.4594594594594594,7155.85,4,5,5,14,Champions,0
15466,85,1,334.53,2011-09-15 14:08:00,2011-09-15 14:08:00,United Kingdom,56,334.53,85,0.3529411764705882,1416.83,2,1,2,5,At Risk,0
15467,9,3,524.88,2011-07-10 14:42:00,2011-11-30 14:17:00,United Kingdom,41,174.96,152,0.5921052631578948,1243.14,5,3,3,11,Loyal Customers,0
15468,51,2,467.51,2011-10-19 13:38:00,2011-10-19 13:49:00,United Kingdom,24,233.755,51,1.1764705882352942,3300.07,3,3,2,8,Potential Loyalists,0
15469,50,2,538.55,2011-08-11 16:54:00,2011-10-20 16:21:00,United Kingdom,24,269.275,120,0.5,1615.65,3,3,3,9,Potential Loyalists,0
15471,2,1,469.48,2011-12-07 14:12:00,2011-12-07 14:12:00,United Kingdom,67,469.48,2,1.0,5633.76,5,1,2,8,Potential Loyalists,0
15472,113,1,371.56,2011-08-18 15:17:00,2011-08-18 15:17:00,United Kingdom,76,371.56,113,0.26548672566371684,1183.73,2,1,2,5,At Risk,1
15473,14,7,1771.2,2011-10-10 11:12:00,2011-11-25 15:15:00,United Kingdom,4,253.02857142857144,61,3.4426229508196724,10452.98,4,5,4,13,Champions,0
15475,77,1,454.10999999999996,2011-09-23 15:20:00,2011-09-23 15:20:00,United Kingdom,29,454.10999999999996,77,0.3896103896103896,2123.11,2,1,2,5,At Risk,0
15478,40,2,1441.42,2011-10-14 11:09:00,2011-10-30 14:19:00,United Kingdom,34,720.71,57,1.0526315789473684,9103.71,3,3,4,10,Loyal Customers,0
15480,116,1,905.5,2011-08-15 14:32:00,2011-08-15 14:32:00,Malta,45,905.5,116,0.25862068965517243,2810.17,2,1,3,6,At Risk,1
15482,16,12,11054.96,2010-12-16 10:08:00,2011-11-24 10:46:00,United Kingdom,46,921.2466666666666,359,1.0027855153203342,11085.75,4,5,5,14,Champions,0
15483,161,4,233.81,2011-03-18 12:26:00,2011-07-01 13:07:00,United Kingdom,74,58.4525,267,0.449438202247191,315.25,2,4,1,7,Potential Loyalists,1
15484,1,4,3594.31,2011-09-22 13:31:00,2011-12-08 15:03:00,United Kingdom,135,898.5775,78,1.5384615384615383,16589.12,5,4,5,14,Champions,0
15485,30,3,2575.0,2010-12-01 13:23:00,2011-11-09 14:31:00,United Kingdom,59,858.3333333333334,373,0.24128686327077747,2485.25,4,3,5,12,Loyal Customers,0
15488,93,1,91.32000000000001,2011-09-08 10:11:00,2011-09-08 10:11:00,United Kingdom,2,91.32000000000001,93,0.3225806451612903,353.5,2,1,1,4,Lost,1
15489,23,3,1134.28,2011-05-12 12:54:00,2011-11-17 08:53:00,United Kingdom,47,378.0933333333333,211,0.4265402843601896,1935.26,4,3,4,11,Loyal Customers,0
15491,95,6,3100.09,2011-04-18 10:04:00,2011-09-05 15:56:00,United Kingdom,108,516.6816666666667,236,0.7627118644067797,4728.95,2,5,5,12,Loyal Customers,1
15492,28,2,659.4599999999999,2011-09-26 14:02:00,2011-11-11 14:53:00,United Kingdom,32,329.72999999999996,74,0.8108108108108107,3208.18,4,3,3,10,Loyal Customers,0
15493,33,5,2001.8,2011-03-14 11:44:00,2011-11-07 12:04:00,United Kingdom,177,400.36,271,0.5535055350553506,2659.22,4,4,4,12,Loyal Customers,0
15494,21,2,1299.23,2011-08-10 15:29:00,2011-11-18 14:51:00,United Kingdom,120,649.615,121,0.49586776859504134,3865.48,4,3,4,11,Loyal Customers,0
15497,18,2,1262.2,2011-01-24 10:01:00,2011-11-22 11:51:00,United Kingdom,13,631.1,320,0.1875,1419.98,4,3,4,11,Loyal Customers,0
15498,3,27,13316.4,2010-12-08 12:29:00,2011-12-07 12:48:00,United Kingdom,360,493.2,367,2.20708446866485,13062.41,5,5,5,15,Champions,0
15500,8,4,1131.56,2011-09-19 13:47:00,2011-12-01 13:47:00,United Kingdom,64,282.89,81,1.4814814814814814,5029.16,5,4,4,13,Champions,0
15502,16,12,10384.93,2010-12-05 15:40:00,2011-11-24 12:48:00,United Kingdom,164,865.4108333333334,369,0.975609756097561,10131.64,4,5,5,14,Champions,0
15503,363,1,147.09,2010-12-12 10:57:00,2010-12-12 10:57:00,United Kingdom,66,147.09,363,0.08264462809917356,145.87,1,1,1,3,Lost,1
15504,81,1,52.83,2011-09-19 13:45:00,2011-09-19 13:45:00,United Kingdom,13,52.83,81,0.37037037037037035,234.8,2,1,1,4,Lost,0
15505,53,5,3610.96,2011-07-07 13:33:00,2011-10-18 07:56:00,United Kingdom,90,722.192,155,0.9677419354838709,8386.75,3,4,5,12,Loyal Customers,0
15506,23,3,979.26,2011-07-24 11:45:00,2011-11-17 12:11:00,United Kingdom,121,326.42,139,0.6474820143884892,2536.21,4,3,4,11,Loyal Customers,0
15507,172,1,492.36,2011-06-21 11:19:00,2011-06-21 11:19:00,United Kingdom,41,492.36,172,0.1744186046511628,1030.52,2,1,3,6,At Risk,1
15508,189,6,1000.27,2011-04-18 15:31:00,2011-06-03 15:43:00,United Kingdom,78,166.71166666666667,235,0.7659574468085106,1532.33,1,5,4,10,Loyal Customers,1
15510,331,1,250.0,2011-01-13 12:10:00,2011-01-13 12:10:00,United Kingdom,1,250.0,331,0.09063444108761329,271.9,1,1,1,3,Lost,1
15511,12,5,909.23,2011-09-15 15:05:00,2011-11-28 09:43:00,United Kingdom,117,181.846,85,1.7647058823529411,3850.86,5,4,3,12,Loyal Customers,0
15512,156,2,121.0,2010-12-15 12:01:00,2011-07-07 10:20:00,United Kingdom,7,60.5,360,0.16666666666666666,121.0,2,3,1,6,At Risk,1
15513,33,19,14758.220000000001,2010-12-01 11:22:00,2011-11-06 14:36:00,United Kingdom,183,776.7484210526317,374,1.5240641711229947,14205.77,4,5,5,14,Champions,0
15514,12,11,4139.46,2010-12-10 13:50:00,2011-11-27 14:40:00,United Kingdom,96,376.31454545454545,364,0.9065934065934066,4093.97,5,5,5,15,Champions,0
15516,45,3,62.43,2011-10-24 11:33:00,2011-10-26 10:51:00,United Kingdom,15,20.81,47,1.9148936170212767,478.19,3,3,1,7,Potential Loyalists,0
15517,233,1,267.03,2011-04-20 14:02:00,2011-04-20 14:02:00,United Kingdom,27,267.03,233,0.12875536480686695,412.58,1,1,2,4,Lost,1
15518,64,8,1942.45,2011-01-11 12:55:00,2011-10-06 13:05:00,United Kingdom,135,242.80625,332,0.7228915662650602,2106.27,3,5,4,12,Loyal Customers,0
15520,2,1,343.5,2011-12-08 10:58:00,2011-12-08 10:58:00,United Kingdom,18,343.5,2,1.0,4122.0,5,1,2,8,Potential Loyalists,0
15521,40,8,3000.2,2011-03-30 09:15:00,2011-10-30 13:42:00,United Kingdom,116,375.025,255,0.9411764705882353,4235.58,3,5,5,13,Champions,0
15522,33,2,398.84,2011-09-13 12:26:00,2011-11-07 11:26:00,United Kingdom,47,199.42,88,0.6818181818181819,1631.62,4,3,2,9,Potential Loyalists,0
15523,84,1,412.01000000000005,2011-09-16 16:29:00,2011-09-16 16:29:00,United Kingdom,10,412.01000000000005,84,0.35714285714285715,1765.76,2,1,2,5,At Risk,0
15524,25,1,440.0,2011-11-15 12:09:00,2011-11-15 12:09:00,United Kingdom,1,440.0,25,1.0,5280.0,4,1,2,7,Potential Loyalists,0
15525,2,3,825.92,2010-12-01 13:17:00,2011-12-07 14:43:00,United Kingdom,133,275.3066666666667,373,0.24128686327077747,797.13,5,3,3,11,Loyal Customers,0
15526,33,2,148.44,2011-11-06 15:01:00,2011-11-06 15:04:00,United Kingdom,4,74.22,33,1.8181818181818181,1619.35,4,3,1,8,Potential Loyalists,0
15527,19,8,2429.78,2010-12-20 14:15:00,2011-11-21 12:17:00,United Kingdom,127,303.7225,354,0.6779661016949152,2470.96,4,5,5,14,Champions,0
15528,254,1,229.33,2011-03-30 16:14:00,2011-03-30 16:14:00,United Kingdom,26,229.33,254,0.11811023622047244,325.03,1,1,1,3,Lost,1
15529,23,11,3995.23,2010-12-08 12:24:00,2011-11-17 11:29:00,United Kingdom,415,363.20272727272726,367,0.899182561307902,3919.03,4,5,5,14,Champions,0
15530,22,4,1502.35,2011-04-07 11:16:00,2011-11-18 12:25:00,United Kingdom,90,375.5875,247,0.4858299595141701,2189.66,4,4,4,12,Loyal Customers,0
15531,8,2,2007.44,2011-11-09 17:47:00,2011-12-01 18:43:00,United Kingdom,196,1003.72,30,2.0,24089.28,5,3,4,12,Loyal Customers,0
15532,25,4,1580.93,2010-12-16 16:45:00,2011-11-14 14:51:00,United Kingdom,205,395.2325,358,0.33519553072625696,1589.76,4,4,4,12,Loyal Customers,0
15533,19,3,807.57,2011-09-11 15:41:00,2011-11-20 15:35:00,United Kingdom,73,269.19,89,1.0112359550561798,3266.58,4,3,3,10,Loyal Customers,0
15535,173,4,536.4,2011-01-16 12:35:00,2011-06-19 16:02:00,United Kingdom,55,134.1,328,0.36585365853658536,588.73,2,4,3,9,Potential Loyalists,1
15537,163,1,110.92,2011-06-29 13:10:00,2011-06-29 13:10:00,United Kingdom,24,110.92,163,0.18404907975460122,244.98,2,1,1,4,Lost,1
15539,7,1,538.46,2011-12-02 13:36:00,2011-12-02 13:36:00,United Kingdom,41,538.46,7,1.0,6461.52,5,1,3,9,Potential Loyalists,0
15540,11,1,213.3,2011-11-28 13:51:00,2011-11-28 13:51:00,United Kingdom,15,213.3,11,1.0,2559.6,5,1,1,7,Potential Loyalists,0
15541,114,1,85.13000000000001,2011-08-17 14:58:00,2011-08-17 14:58:00,United Kingdom,29,85.13000000000001,114,0.2631578947368421,268.83,2,1,1,4,Lost,1
15543,288,1,127.86,2011-02-24 15:26:00,2011-02-24 15:26:00,United Kingdom,26,127.86,288,0.10416666666666667,159.82,1,1,1,3,Lost,1
15544,9,9,3546.71,2010-12-02 12:47:00,2011-11-30 16:43:00,United Kingdom,122,394.0788888888889,373,0.7238605898123325,3423.1,5,5,5,15,Champions,0
15545,54,2,292.71999999999997,2010-12-03 17:28:00,2011-10-16 13:24:00,United Kingdom,78,146.35999999999999,371,0.16172506738544473,284.04,3,3,2,8,Potential Loyalists,0
15547,7,14,4954.84,2010-12-12 13:26:00,2011-12-02 12:52:00,United Kingdom,441,353.9171428571429,362,1.160220994475138,4927.47,5,5,5,15,Champions,0
15549,77,3,1693.26,2011-01-27 15:38:00,2011-09-23 16:22:00,United Kingdom,104,564.42,316,0.2848101265822785,1929.03,2,3,4,9,Potential Loyalists,0
15550,4,4,575.63,2011-02-11 12:49:00,2011-12-05 15:38:00,United Kingdom,43,143.9075,302,0.3973509933774835,686.18,5,4,3,12,Loyal Customers,0
15551,37,1,436.06,2011-11-03 12:37:00,2011-11-03 12:37:00,United Kingdom,29,436.06,37,0.8108108108108107,4242.75,3,1,2,6,At Risk,0
15552,217,1,90.12,2011-05-06 14:47:00,2011-05-06 14:47:00,United Kingdom,17,90.12,217,0.1382488479262673,149.51,1,1,1,3,Lost,1
15553,60,1,437.23,2011-10-10 14:02:00,2011-10-10 14:02:00,United Kingdom,51,437.23,60,0.5,2623.38,3,1,2,6,At Risk,0
15554,278,1,217.2,2011-03-07 09:00:00,2011-03-07 09:00:00,United Kingdom,14,217.2,278,0.1079136690647482,281.27,1,1,1,3,Lost,1
15555,12,16,4805.17,2010-12-05 14:45:00,2011-11-27 16:19:00,United Kingdom,401,300.323125,369,1.3008130081300813,4687.97,5,5,5,15,Champions,0
15556,24,1,279.77,2011-11-15 16:08:00,2011-11-15 16:08:00,United Kingdom,31,279.77,24,1.0,3357.24,4,1,2,7,Potential Loyalists,0
15557,29,1,473.65000000000003,2011-11-11 12:46:00,2011-11-11 12:46:00,United Kingdom,16,473.65000000000003,29,1.0,5683.8,4,1,2,7,Potential Loyalists,0
15561,12,4,800.59,2011-05-08 11:38:00,2011-11-28 11:07:00,United Kingdom,27,200.1475,216,0.5555555555555556,1334.32,5,4,3,12,Loyal Customers,0
15562,352,1,134.55,2010-12-23 09:55:00,2010-12-23 09:55:00,United Kingdom,1,134.55,352,0.08522727272727273,137.61,1,1,1,3,Lost,1
15563,22,4,1400.44,2010-12-16 11:27:00,2011-11-17 14:50:00,United Kingdom,88,350.11,359,0.3342618384401114,1404.34,4,4,4,12,Loyal Customers,0
15565,50,2,173.16,2011-09-30 10:44:00,2011-10-20 14:33:00,United Kingdom,8,86.58,71,0.8450704225352113,877.99,3,3,1,7,Potential Loyalists,0
15567,19,1,186.01,2011-11-21 10:48:00,2011-11-21 10:48:00,United Kingdom,7,186.01,19,1.0,2232.12,4,1,1,6,At Risk,0
15568,3,3,758.29,2011-09-27 14:37:00,2011-12-07 11:27:00,United Kingdom,27,252.76333333333332,73,1.2328767123287672,3739.51,5,3,3,11,Loyal Customers,0
15569,104,5,1375.71,2011-01-11 13:26:00,2011-08-28 10:15:00,United Kingdom,27,275.142,332,0.45180722891566266,1491.73,2,4,4,10,Loyal Customers,1
15570,7,12,4165.52,2010-12-05 12:57:00,2011-12-02 14:47:00,United Kingdom,231,347.1266666666667,369,0.975609756097561,4063.92,5,5,5,15,Champions,0
15571,12,4,650.4300000000001,2011-09-22 13:15:00,2011-11-28 10:02:00,United Kingdom,47,162.60750000000002,78,1.5384615384615383,3001.98,5,4,3,12,Loyal Customers,0
15572,5,7,2552.86,2011-03-06 14:44:00,2011-12-05 10:09:00,United Kingdom,166,364.69428571428574,278,0.7553956834532374,3305.86,5,5,5,15,Champions,0
15573,32,2,607.45,2011-09-15 12:16:00,2011-11-08 11:38:00,United Kingdom,88,303.725,86,0.6976744186046512,2542.81,4,3,3,10,Loyal Customers,0
15574,178,4,702.25,2010-12-02 15:46:00,2011-06-15 12:01:00,United Kingdom,131,175.5625,372,0.3225806451612903,679.6,2,4,3,9,Potential Loyalists,1
15576,38,1,940.6700000000001,2011-11-02 12:03:00,2011-11-02 12:03:00,United Kingdom,43,940.6700000000001,38,0.7894736842105263,8911.61,3,1,3,7,Potential Loyalists,0
15577,151,3,258.88,2011-02-07 13:32:00,2011-07-11 17:03:00,United Kingdom,39,86.29333333333334,305,0.29508196721311475,305.56,2,3,2,7,Potential Loyalists,1
15578,162,1,127.1,2011-06-30 13:03:00,2011-06-30 13:03:00,United Kingdom,13,127.1,162,0.18518518518518517,282.44,2,1,1,4,Lost,1
15579,69,2,348.6,2011-01-30 12:09:00,2011-10-02 12:45:00,United Kingdom,45,174.3,314,0.19108280254777069,399.67,3,3,2,8,Potential Loyalists,0
15581,121,13,3679.9700000000003,2010-12-08 14:38:00,2011-08-11 09:38:00,United Kingdom,134,283.0746153846154,366,1.0655737704918034,3619.64,2,5,5,12,Loyal Customers,1
15582,25,3,682.9100000000001,2011-05-03 13:36:00,2011-11-15 09:55:00,United Kingdom,39,227.63666666666668,220,0.4090909090909091,1117.49,4,3,3,10,Loyal Customers,0
15584,24,4,725.11,2011-06-30 16:39:00,2011-11-16 10:55:00,United Kingdom,89,181.2775,162,0.7407407407407407,1611.36,4,4,3,11,Loyal Customers,0
15585,177,1,455.3,2011-06-16 08:38:00,2011-06-16 08:38:00,United Kingdom,31,455.3,177,0.1694915254237288,926.03,2,1,2,5,At Risk,1
15587,50,4,913.6800000000001,2010-12-23 09:59:00,2011-10-20 13:37:00,United Kingdom,3,228.42000000000002,352,0.34090909090909094,934.45,3,4,3,10,Loyal Customers,0
15589,256,3,478.53000000000003,2011-02-02 10:46:00,2011-03-29 09:54:00,United Kingdom,28,159.51000000000002,311,0.28938906752411575,553.93,1,3,2,6,At Risk,1
15592,47,1,388.58,2011-10-24 08:59:00,2011-10-24 08:59:00,United Kingdom,24,388.58,47,0.6382978723404256,2976.36,3,1,2,6,At Risk,0
15593,71,1,199.8,2011-09-30 11:46:00,2011-09-30 11:46:00,United Kingdom,5,199.8,71,0.4225352112676056,1013.07,3,1,1,5,At Risk,0
15594,16,5,1771.78,2011-04-19 10:08:00,2011-11-24 08:53:00,United Kingdom,85,354.356,235,0.6382978723404256,2714.22,4,4,4,12,Loyal Customers,0
15596,101,5,1406.59,2010-12-09 16:10:00,2011-08-31 10:55:00,United Kingdom,51,281.318,365,0.4109589041095891,1387.32,2,4,4,10,Loyal Customers,1
15597,35,1,324.57,2011-11-04 13:26:00,2011-11-04 13:26:00,United Kingdom,22,324.57,35,0.8571428571428571,3338.43,3,1,2,6,At Risk,0
15598,53,1,240.68,2011-10-17 16:04:00,2011-10-17 16:04:00,United Kingdom,14,240.68,53,0.5660377358490566,1634.81,3,1,1,5,At Risk,0
15599,27,2,761.74,2011-05-19 13:05:00,2011-11-13 11:44:00,United Kingdom,50,380.87,204,0.29411764705882354,1344.25,4,3,3,10,Loyal Customers,0
15601,11,14,6776.56,2010-12-02 10:39:00,2011-11-28 15:15:00,United Kingdom,230,484.04,373,1.126005361930295,6540.38,5,5,5,15,Champions,0
15602,8,9,1297.8700000000001,2010-12-06 15:35:00,2011-12-01 14:14:00,United Kingdom,30,144.20777777777778,368,0.733695652173913,1269.66,5,5,4,14,Champions,0
15603,79,1,48.480000000000004,2011-09-22 10:04:00,2011-09-22 10:04:00,United Kingdom,2,48.480000000000004,79,0.379746835443038,220.92,2,1,1,4,Lost,0
15604,52,1,216.39,2011-10-18 14:47:00,2011-10-18 14:47:00,United Kingdom,17,216.39,52,0.5769230769230769,1498.08,3,1,1,5,At Risk,0
15605,36,5,1198.23,2010-12-01 13:38:00,2011-11-03 14:17:00,United Kingdom,61,239.64600000000002,373,0.40214477211796246,1156.47,3,4,4,11,Loyal Customers,0
15606,61,9,2920.16,2011-01-19 12:07:00,2011-10-09 15:47:00,United Kingdom,48,324.4622222222222,325,0.8307692307692307,3234.64,3,5,5,13,Champions,0
15607,337,1,104.76,2011-01-07 12:44:00,2011-01-07 12:44:00,United Kingdom,13,104.76,337,0.08902077151335312,111.91,1,1,1,3,Lost,1
15608,28,4,1093.68,2011-08-11 09:56:00,2011-11-11 13:20:00,United Kingdom,59,273.42,121,0.9917355371900827,3253.92,4,4,4,12,Loyal Customers,0
15609,184,1,298.48,2011-06-08 13:00:00,2011-06-08 13:00:00,United Kingdom,16,298.48,184,0.16304347826086957,583.98,1,1,2,4,Lost,1
15610,52,1,112.46000000000001,2011-10-19 10:36:00,2011-10-19 10:36:00,United Kingdom,6,112.46000000000001,52,0.5769230769230769,778.57,3,1,1,5,At Risk,0
15611,10,13,1591.45,2011-01-09 11:32:00,2011-11-30 12:36:00,United Kingdom,23,122.41923076923078,335,1.164179104477612,1710.21,5,5,4,14,Champions,0
15612,36,2,195.15,2011-10-09 12:49:00,2011-11-03 14:52:00,United Kingdom,4,97.575,62,0.9677419354838709,1133.13,3,3,1,7,Potential Loyalists,0
15615,10,23,10399.74,2010-12-15 16:21:00,2011-11-29 14:42:00,United Kingdom,184,452.1626086956522,359,1.9220055710306407,10428.71,5,5,5,15,Champions,0
15618,33,4,776.851,2011-07-26 10:13:00,2011-11-07 08:34:00,United Kingdom,39,194.21275,137,0.8759124087591241,2041.36,4,4,3,11,Loyal Customers,0
15619,11,1,336.40000000000003,2011-11-29 08:14:00,2011-11-29 08:14:00,United Kingdom,3,336.40000000000003,11,1.0,4036.8,5,1,2,8,Potential Loyalists,0
15620,57,3,1553.18,2010-12-16 14:34:00,2011-10-14 12:41:00,United Kingdom,92,517.7266666666667,358,0.25139664804469275,1561.86,3,3,4,10,Loyal Customers,0
15621,4,4,1293.03,2011-11-18 11:49:00,2011-12-05 14:01:00,United Kingdom,11,323.2575,22,4.0,15516.36,5,4,4,13,Champions,0
15622,43,9,3709.56,2011-03-02 13:42:00,2011-10-27 16:44:00,United Kingdom,169,412.17333333333335,282,0.9574468085106382,4735.61,3,5,5,13,Champions,0
15623,141,1,301.03,2011-07-21 17:26:00,2011-07-21 17:26:00,United Kingdom,19,301.03,141,0.2127659574468085,768.59,2,1,2,5,At Risk,1
15624,117,4,588.13,2011-03-28 13:32:00,2011-08-15 11:38:00,United Kingdom,26,147.0325,256,0.46875,827.06,2,4,3,9,Potential Loyalists,1
15625,104,4,1534.26,2011-04-18 14:01:00,2011-08-28 10:21:00,United Kingdom,44,383.565,235,0.5106382978723405,2350.36,2,4,4,10,Loyal Customers,1
15626,75,2,675.8,2011-01-14 10:10:00,2011-09-26 10:03:00,United Kingdom,49,337.9,330,0.18181818181818182,737.24,2,3,3,8,Potential Loyalists,0
15628,5,9,2870.2400000000002,2010-12-08 09:51:00,2011-12-05 10:24:00,United Kingdom,85,318.91555555555556,367,0.7356948228882835,2815.49,5,5,5,15,Champions,0
15630,45,2,1186.35,2011-05-19 10:16:00,2011-10-25 15:36:00,United Kingdom,57,593.175,205,0.29268292682926833,2083.35,3,3,4,10,Loyal Customers,0
15632,16,8,3285.31,2011-03-10 08:29:00,2011-11-24 09:51:00,United Kingdom,107,410.66375,275,0.8727272727272728,4300.77,4,5,5,14,Champions,0
15634,17,1,243.55,2011-11-22 16:28:00,2011-11-22 16:28:00,United Kingdom,15,243.55,17,1.0,2922.6,4,1,1,6,At Risk,0
15636,90,2,724.76,2011-03-02 14:50:00,2011-09-11 11:17:00,United Kingdom,20,362.38,282,0.2127659574468085,925.23,2,3,3,8,Potential Loyalists,0
15637,53,1,223.36,2011-10-18 08:28:00,2011-10-18 08:28:00,United Kingdom,15,223.36,53,0.5660377358490566,1517.16,3,1,1,5,At Risk,0
15639,134,1,425.32,2011-07-28 14:30:00,2011-07-28 14:30:00,United Kingdom,25,425.32,134,0.22388059701492538,1142.65,2,1,2,5,At Risk,1
15640,4,15,12515.66,2010-12-02 15:40:00,2011-12-05 14:35:00,United Kingdom,240,834.3773333333334,372,1.2096774193548387,12111.93,5,5,5,15,Champions,0
15641,105,4,1887.2,2010-12-15 14:45:00,2011-08-26 14:04:00,United Kingdom,102,471.8,359,0.3342618384401114,1892.46,2,4,4,10,Loyal Customers,1
15643,192,3,664.0,2011-03-02 14:34:00,2011-06-01 07:38:00,United Kingdom,31,221.33333333333334,282,0.3191489361702127,847.66,1,3,3,7,Potential Loyalists,1
15644,166,4,813.0,2011-03-23 15:37:00,2011-06-26 14:54:00,United Kingdom,166,203.25,261,0.4597701149425288,1121.38,2,4,3,9,Potential Loyalists,1
15645,19,1,612.01,2011-11-21 11:55:00,2011-11-21 11:55:00,United Kingdom,50,612.01,19,1.0,7344.12,4,1,3,8,Potential Loyalists,0
15646,158,3,447.64000000000004,2010-12-02 16:59:00,2011-07-05 09:53:00,United Kingdom,35,149.21333333333334,372,0.24193548387096772,433.2,2,3,2,7,Potential Loyalists,1
15648,204,2,657.35,2011-03-17 18:59:00,2011-05-19 15:53:00,United Kingdom,23,328.675,267,0.2247191011235955,886.31,1,3,3,7,Potential Loyalists,1
15649,336,2,816.0,2010-12-07 10:06:00,2011-01-07 13:34:00,United Kingdom,1,408.0,368,0.16304347826086957,798.26,1,3,3,7,Potential Loyalists,1
15651,37,3,646.3,2011-03-24 08:56:00,2011-11-03 08:41:00,United Kingdom,27,215.4333333333333,261,0.3448275862068966,891.45,3,3,3,9,Potential Loyalists,0
15652,91,1,337.74,2011-09-09 14:22:00,2011-09-09 14:22:00,United Kingdom,21,337.74,91,0.32967032967032966,1336.11,2,1,2,5,At Risk,1
15653,93,2,877.4399999999999,2011-08-16 09:50:00,2011-09-08 10:49:00,United Kingdom,4,438.71999999999997,116,0.5172413793103449,2723.09,2,3,3,8,Potential Loyalists,1
15654,9,2,922.53,2011-11-13 15:15:00,2011-11-30 13:08:00,United Kingdom,15,461.265,26,2.0,11070.36,5,3,3,11,Loyal Customers,0
15655,243,1,560.67,2011-04-10 15:25:00,2011-04-10 15:25:00,United Kingdom,34,560.67,243,0.1234567901234568,830.62,1,1,3,5,At Risk,1
15656,45,4,748.5,2011-02-28 15:32:00,2011-10-25 14:56:00,United Kingdom,46,187.125,284,0.4225352112676056,948.8,3,4,3,10,Loyal Customers,0
15657,23,1,30.0,2011-11-17 12:19:00,2011-11-17 12:19:00,United Kingdom,1,30.0,23,1.0,360.0,4,1,1,6,At Risk,0
15658,190,5,1024.1000000000001,2010-12-02 10:53:00,2011-06-02 15:22:00,United Kingdom,40,204.82000000000002,373,0.40214477211796246,988.41,1,4,4,9,Potential Loyalists,1
15659,44,1,306.45,2011-10-27 09:23:00,2011-10-27 09:23:00,United Kingdom,11,306.45,44,0.6818181818181819,2507.32,3,1,2,6,At Risk,0
15660,25,9,1600.86,2010-12-09 09:49:00,2011-11-14 16:58:00,United Kingdom,55,177.87333333333333,366,0.7377049180327869,1574.62,4,5,4,13,Champions,0
15661,317,2,309.8,2011-01-05 12:32:00,2011-01-26 13:56:00,United Kingdom,4,154.9,339,0.17699115044247787,328.99,1,3,2,6,At Risk,1
15663,106,1,138.14,2011-08-25 15:50:00,2011-08-25 15:50:00,United Kingdom,9,138.14,106,0.2830188679245283,469.15,2,1,1,4,Lost,1
15664,51,1,386.43,2011-10-20 10:57:00,2011-10-20 10:57:00,United Kingdom,17,386.43,51,0.5882352941176471,2727.74,3,1,2,6,At Risk,0
15665,168,2,2242.01,2011-04-10 15:09:00,2011-06-24 14:57:00,United Kingdom,92,1121.005,243,0.2469135802469136,3321.5,2,3,5,10,Loyal Customers,1
15667,40,1,301.32,2011-10-31 10:56:00,2011-10-31 10:56:00,United Kingdom,13,301.32,40,0.75,2711.88,3,1,2,6,At Risk,0
15668,218,1,76.32000000000001,2011-05-06 10:39:00,2011-05-06 10:39:00,United Kingdom,1,76.32000000000001,218,0.13761467889908258,126.03,1,1,1,3,Lost,1
15669,40,4,684.34,2011-03-21 09:13:00,2011-10-30 16:03:00,United Kingdom,31,171.085,264,0.45454545454545453,933.19,3,4,3,10,Loyal Customers,0
15670,297,1,173.05,2011-02-16 10:50:00,2011-02-16 10:50:00,United Kingdom,12,173.05,297,0.10101010101010101,209.76,1,1,1,3,Lost,1
15671,19,7,2657.13,2011-03-14 09:37:00,2011-11-21 12:43:00,United Kingdom,52,379.59000000000003,271,0.7749077490774908,3529.77,4,5,5,14,Champions,0
15673,88,4,2881.02,2011-01-16 16:25:00,2011-09-12 16:12:00,United Kingdom,107,720.255,327,0.36697247706422015,3171.77,2,4,5,11,Loyal Customers,0
15674,73,5,2446.6,2011-03-30 09:19:00,2011-09-27 15:17:00,United Kingdom,88,489.32,255,0.5882352941176471,3454.02,2,4,5,11,Loyal Customers,0
15675,81,3,323.69,2011-03-04 14:21:00,2011-09-19 13:48:00,United Kingdom,20,107.89666666666666,280,0.3214285714285714,416.17,2,3,2,7,Potential Loyalists,0
15676,19,3,3435.76,2011-03-01 10:19:00,2011-11-21 12:40:00,United Kingdom,191,1145.2533333333333,284,0.31690140845070425,4355.19,4,3,5,12,Loyal Customers,0
15677,49,1,657.23,2011-10-21 15:36:00,2011-10-21 15:36:00,United Kingdom,33,657.23,49,0.6122448979591837,4828.63,3,1,3,7,Potential Loyalists,0
15678,53,1,352.7,2011-10-18 09:25:00,2011-10-18 09:25:00,United Kingdom,12,352.7,53,0.5660377358490566,2395.7,3,1,2,6,At Risk,0
15679,24,4,781.28,2011-06-10 08:24:00,2011-11-15 16:19:00,United Kingdom,98,195.32,183,0.6557377049180328,1536.94,4,4,3,11,Loyal Customers,0
15680,9,3,1333.68,2010-12-08 14:43:00,2011-11-30 13:46:00,United Kingdom,61,444.56,366,0.24590163934426232,1311.82,5,3,4,12,Loyal Customers,0
15681,25,5,1426.16,2011-03-04 13:46:00,2011-11-14 16:30:00,United Kingdom,32,285.232,280,0.5357142857142857,1833.63,4,4,4,12,Loyal Customers,0
15683,117,1,193.75,2011-08-14 12:56:00,2011-08-14 12:56:00,United Kingdom,10,193.75,117,0.25641025641025644,596.15,2,1,1,4,Lost,1
15687,9,9,2993.1,2011-01-13 15:13:00,2011-12-01 08:33:00,United Kingdom,119,332.56666666666666,330,0.8181818181818182,3265.2,5,5,5,15,Champions,0
15689,120,2,254.1,2010-12-13 09:57:00,2011-08-12 09:37:00,United Kingdom,8,127.05,362,0.16574585635359115,252.7,2,3,2,7,Potential Loyalists,1
15690,4,2,239.76,2011-08-31 11:40:00,2011-12-05 15:59:00,United Kingdom,19,119.88,101,0.594059405940594,854.59,5,3,1,9,Potential Loyalists,0
15691,252,1,136.8,2011-04-01 15:13:00,2011-04-01 15:13:00,United Kingdom,2,136.8,252,0.11904761904761904,195.43,1,1,1,3,Lost,1
15692,28,1,191.04,2011-11-11 14:12:00,2011-11-11 14:12:00,United Kingdom,12,191.04,28,1.0,2292.48,4,1,1,6,At Risk,0
15694,1,14,6479.4,2010-12-02 07:49:00,2011-12-09 09:44:00,United Kingdom,42,462.8142857142857,373,1.126005361930295,6253.58,5,5,5,15,Champions,0
15695,267,2,409.98,2011-03-18 08:31:00,2011-03-18 08:32:00,United Kingdom,22,204.99,267,0.2247191011235955,552.78,1,3,2,6,At Risk,1
15696,33,8,2736.46,2011-01-17 11:24:00,2011-11-06 14:02:00,United Kingdom,140,342.0575,327,0.7339449541284403,3012.62,4,5,5,14,Champions,0
15699,18,1,309.65,2011-11-22 08:26:00,2011-11-22 08:26:00,United Kingdom,18,309.65,18,1.0,3715.8,4,1,2,7,Potential Loyalists,0
15700,172,2,696.68,2011-06-19 15:36:00,2011-06-20 16:53:00,United Kingdom,85,348.34,173,0.3468208092485549,1449.74,2,3,3,8,Potential Loyalists,1
15701,2,4,1542.14,2011-08-21 12:36:00,2011-12-07 14:39:00,United Kingdom,193,385.535,111,1.081081081081081,5001.54,5,4,4,13,Champions,0
15703,265,1,211.5,2011-03-20 10:51:00,2011-03-20 10:51:00,United Kingdom,5,211.5,265,0.11320754716981131,287.32,1,1,1,3,Lost,1
15704,140,4,2293.62,2011-05-08 12:42:00,2011-07-22 13:35:00,United Kingdom,79,573.405,216,0.5555555555555556,3822.7,2,4,5,11,Loyal Customers,1
15705,201,1,143.1,2011-05-22 15:37:00,2011-05-22 15:37:00,United Kingdom,6,143.1,201,0.14925373134328357,256.3,1,1,1,3,Lost,1
15706,64,4,1060.56,2011-08-15 14:32:00,2011-10-07 10:09:00,United Kingdom,50,265.14,116,1.0344827586206897,3291.39,3,4,4,11,Loyal Customers,0
15707,35,4,945.58,2011-09-14 14:19:00,2011-11-04 14:35:00,United Kingdom,126,236.395,86,1.3953488372093024,3958.24,3,4,4,11,Loyal Customers,0
15708,41,7,3364.2400000000002,2010-12-05 11:12:00,2011-10-30 10:54:00,United Kingdom,124,480.6057142857143,370,0.5675675675675675,3273.31,3,5,5,13,Champions,0
15709,284,1,133.25,2011-03-01 10:38:00,2011-03-01 10:38:00,United Kingdom,6,133.25,284,0.1056338028169014,168.91,1,1,1,3,Lost,1
15712,9,5,1072.3600000000001,2011-02-25 11:32:00,2011-11-30 14:09:00,United Kingdom,41,214.47200000000004,288,0.5208333333333334,1340.45,5,4,4,13,Champions,0
15713,143,2,356.7,2010-12-08 15:16:00,2011-07-19 13:34:00,United Kingdom,18,178.35,366,0.1639344262295082,350.85,2,3,2,7,Potential Loyalists,1
15714,12,2,330.88,2011-09-23 11:25:00,2011-11-28 11:26:00,United Kingdom,34,165.44,78,0.7692307692307692,1527.14,5,3,2,10,Loyal Customers,0
15716,146,4,1118.81,2010-12-05 12:26:00,2011-07-17 11:59:00,United Kingdom,101,279.7025,370,0.3243243243243243,1088.57,2,4,4,10,Loyal Customers,1
15717,234,1,150.3,2011-04-19 13:21:00,2011-04-19 13:21:00,United Kingdom,7,150.3,234,0.12820512820512822,231.23,1,1,1,3,Lost,1
15719,33,13,5045.61,2011-01-06 12:31:00,2011-11-07 12:29:00,United Kingdom,299,388.1238461538461,338,1.1538461538461537,5374.02,4,5,5,14,Champions,0
15720,24,1,598.73,2011-11-15 14:48:00,2011-11-15 14:48:00,United Kingdom,128,598.73,24,1.0,7184.76,4,1,3,8,Potential Loyalists,0
15721,12,1,507.08,2011-11-28 12:14:00,2011-11-28 12:14:00,United Kingdom,80,507.08,12,1.0,6084.96,5,1,3,9,Potential Loyalists,0
15722,36,5,2222.56,2011-02-22 12:24:00,2011-11-04 11:43:00,United Kingdom,45,444.512,291,0.5154639175257733,2749.56,3,4,5,12,Loyal Customers,0
15723,365,1,203.1,2010-12-10 11:12:00,2010-12-10 11:12:00,United Kingdom,37,203.1,365,0.08219178082191782,200.32,1,1,1,3,Lost,1
15724,201,2,218.25,2011-02-28 10:40:00,2011-05-22 14:40:00,United Kingdom,11,109.125,285,0.21052631578947367,275.68,1,3,1,5,At Risk,1
15725,15,1,415.25,2011-11-24 14:51:00,2011-11-24 14:51:00,United Kingdom,32,415.25,15,1.0,4983.0,4,1,2,7,Potential Loyalists,0
15727,17,7,5178.96,2010-12-15 15:47:00,2011-11-23 12:36:00,United Kingdom,213,739.8514285714285,359,0.584958217270195,5193.39,4,5,5,14,Champions,0
15729,213,1,85.0,2011-05-11 12:36:00,2011-05-11 12:36:00,United Kingdom,5,85.0,213,0.14084507042253522,143.66,1,1,1,3,Lost,1
15730,66,3,1120.88,2011-05-17 12:43:00,2011-10-05 12:31:00,United Kingdom,68,373.6266666666667,207,0.43478260869565216,1949.36,3,3,4,10,Loyal Customers,0
15732,212,2,294.12,2010-12-02 15:00:00,2011-05-11 14:24:00,United Kingdom,13,147.06,372,0.16129032258064516,284.63,1,3,2,6,At Risk,1
15733,283,1,162.3,2011-03-02 09:05:00,2011-03-02 09:05:00,United Kingdom,10,162.3,283,0.10600706713780919,206.46,1,1,1,3,Lost,1
15734,115,2,1339.45,2011-05-23 14:59:00,2011-08-17 10:50:00,United Kingdom,25,669.725,200,0.3,2411.01,2,3,4,9,Potential Loyalists,1
15737,15,8,1205.1200000000001,2011-04-11 10:01:00,2011-11-25 11:21:00,United Kingdom,60,150.64000000000001,243,0.9876543209876544,1785.36,4,5,4,13,Champions,0
15738,19,16,4812.42,2010-12-02 12:50:00,2011-11-21 08:26:00,United Kingdom,46,300.77625,373,1.2868632707774799,4644.69,4,5,5,14,Champions,0
15739,66,1,449.12,2011-10-04 13:42:00,2011-10-04 13:42:00,United Kingdom,8,449.12,66,0.45454545454545453,2449.75,3,1,2,6,At Risk,0
15740,49,1,154.88,2011-10-21 14:29:00,2011-10-21 14:29:00,United Kingdom,9,154.88,49,0.6122448979591837,1137.89,3,1,1,5,At Risk,0
15743,16,4,784.46,2011-06-08 10:14:00,2011-11-23 17:19:00,United Kingdom,59,196.115,185,0.6486486486486486,1526.52,4,4,3,11,Loyal Customers,0
15744,78,1,34.8,2011-09-23 09:52:00,2011-09-23 09:52:00,United Kingdom,3,34.8,78,0.3846153846153846,160.62,2,1,1,4,Lost,0
15745,19,4,1094.59,2011-04-17 13:04:00,2011-11-20 13:45:00,United Kingdom,57,273.6475,236,0.5084745762711864,1669.71,4,4,4,12,Loyal Customers,0
15746,134,1,196.88,2011-07-28 15:21:00,2011-07-28 15:21:00,United Kingdom,28,196.88,134,0.22388059701492538,528.93,2,1,1,4,Lost,1
15747,13,3,974.04,2011-06-20 11:30:00,2011-11-27 12:26:00,United Kingdom,52,324.68,173,0.5202312138728323,2026.9,5,3,4,12,Loyal Customers,0
15748,40,1,149.31,2011-10-30 12:51:00,2011-10-30 12:51:00,United Kingdom,19,149.31,40,0.75,1343.79,3,1,1,5,At Risk,0
15749,235,3,44534.3,2011-01-11 12:55:00,2011-04-18 13:20:00,United Kingdom,5,14844.766666666668,332,0.2710843373493976,48290.2,1,3,5,9,Potential Loyalists,1
15750,3,8,2465.48,2010-12-08 10:36:00,2011-12-07 12:34:00,United Kingdom,214,308.185,367,0.6539509536784741,2418.45,5,5,5,15,Champions,0
15752,40,7,2637.38,2010-12-02 09:43:00,2011-10-31 11:37:00,United Kingdom,236,376.7685714285714,373,0.5630026809651475,2545.46,3,5,5,13,Champions,0
15753,305,1,79.2,2011-02-08 12:41:00,2011-02-08 12:41:00,United Kingdom,1,79.2,305,0.09836065573770493,93.48,1,1,1,3,Lost,1
15754,51,3,458.57,2011-04-07 12:24:00,2011-10-19 14:40:00,United Kingdom,24,152.85666666666665,247,0.3643724696356276,668.36,3,3,2,8,Potential Loyalists,0
15755,10,6,2364.25,2011-02-18 11:53:00,2011-11-29 14:57:00,United Kingdom,127,394.0416666666667,295,0.6101694915254237,2885.19,5,5,5,15,Champions,0
15756,61,4,532.96,2011-04-04 14:00:00,2011-10-09 13:30:00,United Kingdom,160,133.24,249,0.48192771084337344,770.54,3,4,3,10,Loyal Customers,0
15757,66,2,714.42,2011-05-06 11:40:00,2011-10-05 12:14:00,United Kingdom,43,357.21,218,0.27522935779816515,1179.78,3,3,3,9,Potential Loyalists,0
15758,25,1,205.25,2011-11-15 10:48:00,2011-11-15 10:48:00,United Kingdom,9,205.25,25,1.0,2463.0,4,2,1,7,Potential Loyalists,0
15759,218,3,253.04,2010-12-16 15:29:00,2011-05-05 15:13:00,United Kingdom,5,84.34666666666666,358,0.25139664804469275,254.45,1,3,2,6,At Risk,1
15762,65,2,583.75,2011-09-23 15:17:00,2011-10-05 16:15:00,United Kingdom,37,291.875,77,0.7792207792207791,2729.22,3,3,3,9,Potential Loyalists,0
15763,32,2,1086.92,2011-09-23 12:10:00,2011-11-08 09:44:00,United Kingdom,58,543.46,78,0.7692307692307692,5016.55,4,3,4,11,Loyal Customers,0
15764,88,6,3279.97,2011-03-08 09:23:00,2011-09-12 17:58:00,United Kingdom,150,546.6616666666666,277,0.6498194945848376,4262.78,2,5,5,12,Loyal Customers,0
15766,64,1,315.06,2011-10-06 17:03:00,2011-10-06 17:03:00,United Kingdom,11,315.06,64,0.46875,1772.21,3,2,2,7,Potential Loyalists,0
15768,116,3,621.8299999999999,2011-04-28 09:20:00,2011-08-16 10:48:00,United Kingdom,23,207.27666666666664,226,0.39823008849557523,990.53,2,4,3,9,Potential Loyalists,1
15769,7,26,56252.72,2010-12-03 15:16:00,2011-12-02 13:52:00,United Kingdom,26,2163.566153846154,371,2.1024258760107815,54584.85,5,5,5,15,Champions,0
15773,6,1,635.6800000000001,2011-12-04 12:48:00,2011-12-04 12:48:00,United Kingdom,10,635.6800000000001,6,1.0,7628.16,5,2,3,10,Loyal Customers,0
15774,69,1,270.8,2011-10-02 12:04:00,2011-10-02 12:04:00,United Kingdom,25,270.8,69,0.4347826086956522,1412.87,3,2,2,7,Potential Loyalists,0
15775,245,1,104.9,2011-04-08 12:56:00,2011-04-08 12:56:00,United Kingdom,7,104.9,245,0.12244897959183675,154.14,1,2,1,4,Lost,1
15776,133,1,241.62,2011-07-29 13:46:00,2011-07-29 13:46:00,United Kingdom,18,241.62,133,0.22556390977443608,654.01,2,2,1,5,At Risk,1
15777,241,4,1047.11,2010-12-13 16:38:00,2011-04-12 16:43:00,United Kingdom,18,261.7775,361,0.33240997229916897,1044.21,1,4,4,9,Potential Loyalists,1
15780,184,3,475.28000000000003,2010-12-17 11:43:00,2011-06-09 12:01:00,United Kingdom,26,158.42666666666668,358,0.25139664804469275,477.94,1,4,2,7,Potential Loyalists,1
15781,25,3,345.46,2011-02-07 09:15:00,2011-11-14 14:57:00,United Kingdom,20,115.15333333333332,306,0.29411764705882354,406.42,4,4,2,10,Loyal Customers,0
15782,10,3,2614.7400000000002,2011-09-11 14:29:00,2011-11-30 10:49:00,United Kingdom,34,871.58,89,1.0112359550561798,10576.48,5,4,5,14,Champions,0
15783,11,1,246.3,2011-11-29 09:50:00,2011-11-29 09:50:00,United Kingdom,14,246.3,11,1.0,2955.6,5,2,1,8,Potential Loyalists,0
15785,33,5,2328.9700000000003,2011-02-17 14:17:00,2011-11-07 11:33:00,United Kingdom,58,465.79400000000004,295,0.5084745762711864,2842.13,4,4,5,13,Champions,0
15786,46,3,4932.2,2011-08-17 13:33:00,2011-10-24 14:13:00,United Kingdom,257,1644.0666666666666,114,0.7894736842105263,15575.37,3,4,5,12,Loyal Customers,0
15787,26,3,948.05,2011-10-09 13:11:00,2011-11-13 14:55:00,United Kingdom,156,316.01666666666665,61,1.4754098360655739,5595.05,4,4,4,12,Loyal Customers,0
15789,358,1,351.3,2010-12-16 14:35:00,2010-12-16 14:35:00,United Kingdom,25,351.3,358,0.08379888268156424,353.26,1,2,2,5,At Risk,1
15790,10,1,220.85,2011-11-29 14:53:00,2011-11-29 14:53:00,United Kingdom,34,220.85,10,1.0,2650.2,5,2,1,8,Potential Loyalists,0
15791,44,2,1612.69,2011-05-19 15:15:00,2011-10-27 10:14:00,United Kingdom,66,806.345,204,0.29411764705882354,2845.92,3,3,4,10,Loyal Customers,0
15793,15,3,965.61,2011-03-16 10:45:00,2011-11-25 09:31:00,United Kingdom,6,321.87,269,0.3345724907063197,1292.27,4,4,4,12,Loyal Customers,0
15795,150,1,610.01,2011-07-13 10:43:00,2011-07-13 10:43:00,United Kingdom,42,610.01,150,0.2,1464.02,2,2,3,7,Potential Loyalists,1
15796,1,8,2711.56,2011-02-10 15:40:00,2011-12-08 19:55:00,United Kingdom,70,338.945,302,0.794701986754967,3232.32,5,5,5,15,Champions,0
15797,113,4,2207.4,2011-01-24 15:47:00,2011-08-18 17:04:00,United Kingdom,8,551.85,319,0.3761755485893417,2491.11,2,4,5,11,Loyal Customers,1
15799,76,3,884.14,2011-01-09 15:13:00,2011-09-25 12:46:00,United Kingdom,94,294.7133333333333,334,0.2694610778443114,952.97,2,4,3,9,Potential Loyalists,0
15800,107,2,699.08,2011-04-07 12:39:00,2011-08-24 14:23:00,United Kingdom,116,349.54,247,0.24291497975708504,1018.9,2,3,3,8,Potential Loyalists,1
15801,46,3,1063.95,2011-08-22 09:53:00,2011-10-24 13:52:00,United Kingdom,61,354.65000000000003,110,0.8181818181818182,3482.02,3,4,4,11,Loyal Customers,0
15802,143,1,451.42,2011-07-20 11:38:00,2011-07-20 11:38:00,United Kingdom,1,451.42,143,0.2097902097902098,1136.44,2,2,2,6,At Risk,1
15803,51,1,415.82000000000005,2011-10-19 14:56:00,2011-10-19 14:56:00,United Kingdom,8,415.82000000000005,51,0.5882352941176471,2935.2,3,2,2,7,Potential Loyalists,0
15804,1,13,4206.39,2011-05-25 10:12:00,2011-12-09 12:31:00,United Kingdom,170,323.5684615384616,199,1.9597989949748742,7609.55,5,5,5,15,Champions,0
15805,23,17,5528.4800000000005,2010-12-10 09:33:00,2011-11-16 16:32:00,United Kingdom,220,325.204705882353,365,1.3972602739726028,5452.75,4,5,5,14,Champions,0
15806,46,3,784.58,2011-03-08 09:24:00,2011-10-24 14:35:00,United Kingdom,24,261.5266666666667,277,0.3249097472924188,1019.67,3,4,3,10,Loyal Customers,0
15807,50,3,903.9,2011-09-23 14:43:00,2011-10-20 14:10:00,United Kingdom,48,301.3,77,1.1688311688311688,4226.03,3,4,3,10,Loyal Customers,0
15808,306,4,3734.9700000000003,2010-12-05 13:05:00,2011-02-06 14:33:00,United Kingdom,142,933.7425000000001,369,0.3252032520325203,3643.87,1,4,5,10,Loyal Customers,1
15809,36,5,515.77,2011-02-10 11:16:00,2011-11-03 16:40:00,United Kingdom,31,103.154,303,0.49504950495049505,612.8,3,4,3,10,Loyal Customers,0
15810,79,4,1391.98,2011-02-16 09:11:00,2011-09-22 09:38:00,United Kingdom,66,347.995,297,0.40404040404040403,1687.25,2,4,4,10,Loyal Customers,0
15811,22,6,2218.62,2010-12-09 15:29:00,2011-11-17 15:31:00,United Kingdom,117,369.77,365,0.4931506849315069,2188.23,4,5,5,14,Champions,0
15812,107,5,1801.14,2011-01-26 12:12:00,2011-08-24 14:19:00,United Kingdom,36,360.228,318,0.4716981132075472,2039.03,2,4,4,10,Loyal Customers,1
15813,208,2,1303.9099999999999,2011-04-14 09:09:00,2011-05-16 08:13:00,United Kingdom,40,651.9549999999999,240,0.25,1955.86,1,3,4,8,Potential Loyalists,1
15814,17,4,1945.33,2011-10-20 09:04:00,2011-11-23 08:17:00,United Kingdom,63,486.3325,51,2.3529411764705883,13731.74,4,4,4,12,Loyal Customers,0
15815,64,5,2100.6,2011-03-25 08:43:00,2011-10-07 12:42:00,United Kingdom,33,420.12,260,0.576923076923077,2908.52,3,4,5,12,Loyal Customers,0
15819,49,4,1905.45,2011-03-08 09:45:00,2011-10-21 14:50:00,United Kingdom,96,476.3625,277,0.43321299638989175,2476.4,3,4,4,11,Loyal Customers,0
15820,320,1,206.98,2011-01-24 12:00:00,2011-01-24 12:00:00,United Kingdom,17,206.98,320,0.09375,232.85,1,2,1,4,Lost,1
15821,44,2,570.96,2011-10-09 13:28:00,2011-10-26 15:48:00,United Kingdom,57,285.48,61,0.9836065573770493,3369.6,3,3,3,9,Potential Loyalists,0
15822,3,2,885.47,2010-12-15 13:38:00,2011-12-06 14:50:00,United Kingdom,28,442.735,359,0.1671309192200557,887.94,5,3,3,11,Loyal Customers,0
15823,372,1,15.0,2010-12-02 15:08:00,2010-12-02 15:08:00,United Kingdom,1,15.0,372,0.08064516129032258,14.52,1,2,1,4,Lost,1
15825,172,1,532.94,2011-06-20 13:27:00,2011-06-20 13:27:00,United Kingdom,20,532.94,172,0.1744186046511628,1115.46,2,2,3,7,Potential Loyalists,1
15826,56,3,1654.31,2011-05-13 10:44:00,2011-10-14 16:05:00,United Kingdom,64,551.4366666666666,211,0.4265402843601896,2822.52,3,4,4,11,Loyal Customers,0
15827,73,14,1836.0900000000001,2010-12-02 13:06:00,2011-09-27 15:35:00,United Kingdom,72,131.14928571428572,372,1.129032258064516,1776.86,2,5,4,11,Loyal Customers,0
15829,99,2,636.14,2011-07-22 10:23:00,2011-09-01 16:45:00,United Kingdom,44,318.07,141,0.425531914893617,1624.19,2,3,3,8,Potential Loyalists,1
15830,38,1,576.0,2011-11-02 10:40:00,2011-11-02 10:40:00,United Kingdom,39,576.0,38,0.7894736842105263,5456.84,3,2,3,8,Potential Loyalists,0
15831,58,3,801.76,2011-01-19 14:52:00,2011-10-12 13:14:00,United Kingdom,63,267.25333333333333,324,0.27777777777777773,890.84,3,4,3,10,Loyal Customers,0
15832,254,1,836.79,2011-03-30 15:29:00,2011-03-30 15:29:00,United Kingdom,54,836.79,254,0.11811023622047244,1186.0,1,2,3,6,At Risk,1
15834,70,4,2233.75,2011-03-07 17:52:00,2011-09-30 14:41:00,United Kingdom,242,558.4375,277,0.43321299638989175,2903.07,3,4,5,12,Loyal Customers,0
15835,44,4,954.09,2011-01-13 10:35:00,2011-10-26 15:47:00,United Kingdom,47,238.5225,331,0.36253776435045315,1037.68,3,4,4,11,Loyal Customers,0
15836,50,1,137.37,2011-10-20 17:13:00,2011-10-20 17:13:00,United Kingdom,10,137.37,50,0.6,989.06,3,2,1,6,At Risk,0
15837,65,1,391.98,2011-10-06 09:01:00,2011-10-06 09:01:00,United Kingdom,24,391.98,65,0.46153846153846156,2170.97,3,2,2,7,Potential Loyalists,0
15838,11,19,33643.08,2010-12-07 11:26:00,2011-11-28 14:00:00,United Kingdom,54,1770.6884210526316,368,1.5489130434782608,32911.71,5,5,5,15,Champions,0
15839,33,3,1048.49,2011-07-14 16:35:00,2011-11-06 13:54:00,United Kingdom,56,349.49666666666667,148,0.6081081081081081,2550.38,4,4,4,12,Loyal Customers,0
15840,59,2,355.56,2011-06-20 11:42:00,2011-10-12 09:08:00,United Kingdom,26,177.78,173,0.3468208092485549,739.89,3,3,2,8,Potential Loyalists,0
15841,73,4,1224.06,2011-01-05 11:25:00,2011-09-28 12:15:00,United Kingdom,36,306.015,339,0.35398230088495575,1299.89,2,4,4,10,Loyal Customers,0
15843,304,1,118.95000000000002,2011-02-09 10:19:00,2011-02-09 10:19:00,United Kingdom,8,118.95000000000002,304,0.09868421052631579,140.86,1,2,1,4,Lost,1
15844,46,1,130.73999999999998,2011-10-24 15:19:00,2011-10-24 15:19:00,United Kingdom,11,130.73999999999998,46,0.6521739130434783,1023.18,3,2,1,6,At Risk,0
15845,18,8,3711.77,2011-01-06 17:19:00,2011-11-22 09:42:00,United Kingdom,97,463.97125,337,0.712166172106825,3965.1,4,5,5,14,Champions,0
15847,38,2,389.27,2011-02-24 16:46:00,2011-11-01 14:41:00,United Kingdom,22,194.635,288,0.20833333333333334,486.59,3,3,2,8,Potential Loyalists,0
15850,19,2,238.85,2011-06-24 14:16:00,2011-11-20 14:14:00,United Kingdom,87,119.425,168,0.35714285714285715,511.82,4,3,1,8,Potential Loyalists,0
15852,187,2,160.71,2011-05-26 13:26:00,2011-06-06 11:22:00,United Kingdom,22,80.355,197,0.30456852791878175,293.68,1,3,1,5,At Risk,1
15853,52,1,110.8,2011-10-19 10:38:00,2011-10-19 10:38:00,United Kingdom,29,110.8,52,0.5769230769230769,767.08,3,2,1,6,At Risk,0
15854,4,12,2974.65,2010-12-13 11:47:00,2011-12-05 13:39:00,United Kingdom,105,247.88750000000002,362,0.994475138121547,2958.22,5,5,5,15,Champions,0
15855,137,5,712.24,2011-03-21 12:32:00,2011-07-26 10:20:00,United Kingdom,59,142.448,264,0.5681818181818181,971.24,2,4,3,9,Potential Loyalists,1
15856,4,27,16387.57,2010-12-09 13:34:00,2011-12-05 17:09:00,United Kingdom,295,606.947037037037,365,2.219178082191781,16163.08,5,5,5,15,Champions,0
15857,19,1,297.0,2011-11-21 12:18:00,2011-11-21 12:18:00,United Kingdom,14,297.0,19,1.0,3564.0,4,2,2,8,Potential Loyalists,0
15858,16,5,1438.85,2010-12-07 14:31:00,2011-11-24 12:48:00,United Kingdom,145,287.77,367,0.40871934604904636,1411.41,4,4,4,12,Loyal Customers,0
15860,41,8,977.21,2010-12-06 11:38:00,2011-10-30 11:25:00,United Kingdom,105,122.15125,369,0.6504065040650406,953.38,3,5,4,12,Loyal Customers,0
15861,12,8,3165.36,2011-03-17 20:12:00,2011-11-27 15:59:00,United Kingdom,339,395.67,267,0.898876404494382,4267.9,5,5,5,15,Champions,0
15862,8,4,832.88,2010-12-01 11:21:00,2011-12-01 13:28:00,United Kingdom,142,208.22,374,0.32085561497326204,801.7,5,4,3,12,Loyal Customers,0
15863,26,2,68.84,2011-05-31 11:36:00,2011-11-14 12:49:00,United Kingdom,18,34.42,193,0.31088082901554404,128.41,4,3,1,8,Potential Loyalists,0
15864,22,6,1936.3200000000002,2011-01-27 16:43:00,2011-11-17 13:32:00,United Kingdom,16,322.72,316,0.569620253164557,2205.93,4,5,4,13,Champions,0
15865,41,3,895.13,2011-05-10 11:44:00,2011-10-30 12:43:00,United Kingdom,37,298.37666666666667,214,0.4205607476635514,1505.83,3,4,3,10,Loyal Customers,0
15866,101,1,230.53,2011-08-30 14:09:00,2011-08-30 14:09:00,United Kingdom,43,230.53,101,0.297029702970297,821.69,2,2,1,5,At Risk,1
15867,5,15,3812.64,2010-12-05 14:17:00,2011-12-04 13:32:00,United Kingdom,302,254.176,369,1.2195121951219512,3719.65,5,5,5,15,Champions,0
15869,277,2,149.64,2011-03-07 17:19:00,2011-03-07 17:23:00,United Kingdom,13,74.82,277,0.21660649819494587,194.48,1,3,1,5,At Risk,1
15870,33,1,354.09000000000003,2011-11-07 10:58:00,2011-11-07 10:58:00,United Kingdom,68,354.09000000000003,33,0.9090909090909091,3862.8,4,2,2,8,Potential Loyalists,0
15872,15,2,360.93,2011-11-25 11:54:00,2011-11-25 11:55:00,United Kingdom,101,180.465,15,2.0,4331.16,4,3,2,9,Potential Loyalists,0
15874,64,7,4405.88,2011-02-28 13:28:00,2011-10-07 12:31:00,United Kingdom,110,629.4114285714286,284,0.7394366197183099,5584.92,3,5,5,13,Champions,0
15877,2,2,493.28,2011-11-22 11:18:00,2011-12-08 11:53:00,United Kingdom,122,246.64,18,2.0,5919.36,5,3,3,11,Loyal Customers,0
15880,369,1,343.28000000000003,2010-12-05 13:00:00,2010-12-05 13:00:00,United Kingdom,95,343.28000000000003,369,0.08130081300813008,334.91,1,2,2,5,At Risk,1
15881,312,5,501.39000000000004,2010-12-10 13:32:00,2011-01-31 16:59:00,United Kingdom,26,100.278,364,0.4120879120879121,495.88,1,4,3,8,Potential Loyalists,1
15882,199,4,516.36,2010-12-06 13:01:00,2011-05-25 11:35:00,United Kingdom,23,129.09,368,0.32608695652173914,505.13,1,4,3,8,Potential Loyalists,1
15883,2,2,396.48,2011-11-06 14:50:00,2011-12-07 17:05:00,United Kingdom,42,198.24,33,1.8181818181818181,4325.24,5,3,2,10,Loyal Customers,0
15885,93,3,379.35,2011-02-03 15:28:00,2011-09-08 10:43:00,United Kingdom,18,126.45,309,0.2912621359223301,441.96,2,4,2,8,Potential Loyalists,1
15886,60,1,181.09,2011-10-10 14:25:00,2011-10-10 14:25:00,United Kingdom,12,181.09,60,0.5,1086.54,3,2,1,6,At Risk,0
15888,81,1,168.31,2011-09-20 12:30:00,2011-09-20 12:30:00,United Kingdom,11,168.31,81,0.37037037037037035,748.04,2,2,1,5,At Risk,0
15889,157,2,446.87,2010-12-05 15:12:00,2011-07-06 11:10:00,United Kingdom,79,223.435,369,0.16260162601626016,435.97,2,3,2,7,Potential Loyalists,1
15891,227,1,524.52,2011-04-27 12:35:00,2011-04-27 12:35:00,United Kingdom,60,524.52,227,0.13215859030837004,831.84,1,2,3,6,At Risk,1
15894,253,2,263.55,2010-12-05 14:06:00,2011-03-31 13:50:00,United Kingdom,35,131.775,369,0.16260162601626016,257.12,1,3,2,6,At Risk,1
15895,150,1,179.17,2011-07-13 10:27:00,2011-07-13 10:27:00,United Kingdom,11,179.17,150,0.2,430.01,2,2,1,5,At Risk,1
15897,194,2,222.05,2011-05-29 13:32:00,2011-05-29 13:50:00,United Kingdom,17,111.025,194,0.30927835051546393,412.05,1,3,1,5,At Risk,1
15898,1,5,1388.88,2010-12-06 11:01:00,2011-12-08 15:23:00,United Kingdom,70,277.776,369,0.4065040650406504,1355.0,5,4,4,13,Champions,0
15899,369,1,56.25,2010-12-06 10:36:00,2010-12-06 10:36:00,United Kingdom,4,56.25,369,0.08130081300813008,54.88,1,2,1,4,Lost,1
15900,24,1,351.11,2011-11-16 12:19:00,2011-11-16 12:19:00,United Kingdom,44,351.11,24,1.0,4213.32,4,2,2,8,Potential Loyalists,0
15901,17,3,363.88,2011-07-08 12:18:00,2011-11-23 12:43:00,United Kingdom,102,121.29333333333334,155,0.5806451612903225,845.14,4,4,2,10,Loyal Customers,0
15903,10,7,5126.76,2011-02-17 14:04:00,2011-11-30 08:08:00,United Kingdom,46,732.3942857142857,295,0.711864406779661,6256.39,5,5,5,15,Champions,0
15904,8,1,164.68,2011-12-01 14:50:00,2011-12-01 14:50:00,United Kingdom,30,164.68,8,1.0,1976.16,5,2,1,8,Potential Loyalists,0
15906,20,7,1567.69,2011-03-29 13:28:00,2011-11-20 12:24:00,United Kingdom,113,223.9557142857143,255,0.8235294117647058,2213.21,4,5,4,13,Champions,0
15907,4,3,967.45,2011-05-13 13:01:00,2011-12-06 12:21:00,United Kingdom,175,322.48333333333335,210,0.42857142857142855,1658.49,5,4,4,13,Champions,0
15909,174,1,191.94,2011-06-19 10:38:00,2011-06-19 10:38:00,United Kingdom,7,191.94,174,0.1724137931034483,397.12,2,2,1,5,At Risk,1
15910,1,8,1232.18,2011-01-27 11:55:00,2011-12-09 10:51:00,United Kingdom,215,154.0225,317,0.7570977917981073,1399.32,5,5,4,14,Champions,0
15912,178,2,264.62,2011-04-20 17:10:00,2011-06-14 14:29:00,United Kingdom,19,132.31,233,0.2575107296137339,408.85,2,3,2,7,Potential Loyalists,1
15916,16,8,1528.09,2010-12-08 13:07:00,2011-11-23 13:46:00,United Kingdom,124,191.01125,366,0.6557377049180328,1503.04,4,5,4,13,Champions,0
15917,248,1,123.1,2011-04-06 10:40:00,2011-04-06 10:40:00,United Kingdom,12,123.1,248,0.12096774193548386,178.69,1,2,1,4,Lost,1
15918,191,2,334.23,2011-03-13 15:55:00,2011-06-02 11:42:00,United Kingdom,33,167.115,271,0.22140221402214022,444.0,1,3,2,6,At Risk,1
15919,20,2,639.89,2010-12-06 11:26:00,2011-11-20 11:28:00,United Kingdom,103,319.945,369,0.16260162601626016,624.28,4,3,3,10,Loyal Customers,0
15920,154,4,167.5,2011-07-08 15:16:00,2011-07-08 15:31:00,United Kingdom,53,41.875,154,0.7792207792207791,391.56,2,4,1,7,Potential Loyalists,1
15921,173,1,336.03000000000003,2011-06-20 11:03:00,2011-06-20 11:03:00,United Kingdom,24,336.03000000000003,173,0.17341040462427745,699.25,2,2,2,6,At Risk,1
15922,373,1,369.5,2010-12-01 13:51:00,2010-12-01 13:51:00,United Kingdom,11,369.5,373,0.08042895442359249,356.62,1,2,2,5,At Risk,1
15923,373,1,127.08,2010-12-02 12:16:00,2010-12-02 12:16:00,United Kingdom,21,127.08,373,0.08042895442359249,122.65,1,2,1,4,Lost,1
15925,194,1,207.15,2011-05-29 15:35:00,2011-05-29 15:35:00,United Kingdom,12,207.15,194,0.15463917525773196,384.4,1,2,1,4,Lost,1
15930,67,1,426.63,2011-10-03 14:52:00,2011-10-03 14:52:00,United Kingdom,21,426.63,67,0.44776119402985076,2292.34,3,2,2,7,Potential Loyalists,0
15932,4,8,2495.87,2011-02-23 14:50:00,2011-12-05 17:13:00,United Kingdom,93,311.98375,289,0.8304498269896194,3109.04,5,5,5,15,Champions,0
15933,21,3,1107.46,2011-09-14 12:05:00,2011-11-18 13:14:00,United Kingdom,63,369.15333333333336,87,1.0344827586206897,4582.59,4,4,4,12,Loyal Customers,0
15935,239,2,416.86,2011-04-12 09:35:00,2011-04-14 13:27:00,United Kingdom,12,208.43,242,0.24793388429752067,620.12,1,3,2,6,At Risk,1
15937,64,1,145.35,2011-10-06 15:48:00,2011-10-06 15:48:00,United Kingdom,7,145.35,64,0.46875,817.59,3,2,1,6,At Risk,0
15938,112,5,404.58,2011-01-20 10:11:00,2011-08-19 12:56:00,United Kingdom,13,80.916,324,0.4629629629629629,449.53,2,4,2,8,Potential Loyalists,1
15939,90,15,6115.01,2011-01-12 12:43:00,2011-09-11 11:30:00,United Kingdom,28,407.6673333333334,332,1.355421686746988,6630.73,2,5,5,12,Loyal Customers,0
15940,311,1,35.8,2011-02-01 16:18:00,2011-02-01 16:18:00,United Kingdom,1,35.8,311,0.09646302250803858,41.44,1,2,1,4,Lost,1
15942,134,1,337.44,2011-07-29 09:01:00,2011-07-29 09:01:00,United Kingdom,14,337.44,134,0.22388059701492538,906.56,2,2,2,6,At Risk,1
15944,277,1,325.1,2011-03-08 10:33:00,2011-03-08 10:33:00,United Kingdom,6,325.1,277,0.10830324909747294,422.51,1,2,2,5,At Risk,1
15945,365,1,181.0,2010-12-09 13:14:00,2010-12-09 13:14:00,United Kingdom,2,181.0,365,0.08219178082191782,178.52,1,2,1,4,Lost,1
15947,83,1,1708.24,2011-09-18 10:46:00,2011-09-18 10:46:00,United Kingdom,29,1708.24,83,0.3614457831325301,7409.23,2,2,4,8,Potential Loyalists,0
15948,8,2,955.24,2011-10-27 08:35:00,2011-12-01 15:32:00,United Kingdom,51,477.62,44,1.3636363636363638,7815.6,5,3,4,12,Loyal Customers,0
15949,17,2,364.72,2011-09-29 17:34:00,2011-11-23 09:09:00,United Kingdom,12,182.36,71,0.8450704225352113,1849.28,4,3,2,9,Potential Loyalists,0
15950,32,4,1765.51,2010-12-15 11:56:00,2011-11-08 11:09:00,United Kingdom,86,441.3775,360,0.3333333333333333,1765.51,4,4,4,12,Loyal Customers,0
15951,9,2,708.22,2011-02-27 11:57:00,2011-12-01 08:34:00,United Kingdom,36,354.11,286,0.2097902097902098,891.47,5,3,3,11,Loyal Customers,0
15952,34,4,806.57,2011-04-28 12:55:00,2011-11-06 11:18:00,United Kingdom,65,201.6425,225,0.5333333333333333,1290.51,3,4,3,10,Loyal Customers,0
15953,15,8,1659.3799999999999,2010-12-05 15:15:00,2011-11-24 15:32:00,United Kingdom,63,207.42249999999999,369,0.6504065040650406,1618.91,4,5,4,13,Champions,0
15955,24,14,4416.26,2010-12-02 11:22:00,2011-11-15 14:15:00,United Kingdom,137,315.44714285714286,373,1.126005361930295,4262.34,4,5,5,14,Champions,0
15957,32,1,428.89,2011-11-08 12:14:00,2011-11-08 12:14:00,United Kingdom,40,428.89,32,0.9375,4825.01,4,2,2,8,Potential Loyalists,0
15958,74,1,104.35,2011-09-26 13:41:00,2011-09-26 13:41:00,United Kingdom,7,104.35,74,0.4054054054054054,507.65,2,2,1,5,At Risk,0
15963,20,2,470.76,2011-10-25 13:05:00,2011-11-20 11:33:00,United Kingdom,26,235.38,45,1.3333333333333333,3766.08,4,3,2,9,Potential Loyalists,0
15965,17,4,845.64,2010-12-07 13:18:00,2011-11-22 16:44:00,United Kingdom,88,211.41,367,0.32697547683923706,829.51,4,4,3,11,Loyal Customers,0
15967,23,2,418.83,2011-01-25 11:57:00,2011-11-16 15:41:00,United Kingdom,73,209.415,319,0.18808777429467086,472.66,4,3,2,9,Potential Loyalists,0
15969,3,3,666.1,2011-06-07 12:19:00,2011-12-07 11:06:00,United Kingdom,20,222.03333333333333,186,0.48387096774193544,1289.23,5,4,3,12,Loyal Customers,0
15970,304,1,314.1,2011-02-09 12:08:00,2011-02-09 12:08:00,United Kingdom,11,314.1,304,0.09868421052631579,371.96,1,2,2,5,At Risk,1
15971,18,12,4199.85,2011-02-01 16:47:00,2011-11-22 12:50:00,United Kingdom,10,349.9875,311,1.157556270096463,4861.56,4,5,5,14,Champions,0
15973,367,1,307.82000000000005,2010-12-08 11:42:00,2010-12-08 11:42:00,United Kingdom,4,307.82000000000005,367,0.08174386920980926,301.95,1,2,2,5,At Risk,1
15974,39,7,3442.15,2011-02-24 10:10:00,2011-10-31 13:13:00,United Kingdom,141,491.7357142857143,289,0.726643598615917,4287.8,3,5,5,13,Champions,0
15975,84,1,371.01,2011-09-16 13:33:00,2011-09-16 13:33:00,United Kingdom,24,371.01,84,0.35714285714285715,1590.04,2,2,2,6,At Risk,0
15976,165,2,430.94,2011-05-03 17:12:00,2011-06-27 13:00:00,United Kingdom,83,215.47,220,0.27272727272727276,705.17,2,3,2,7,Potential Loyalists,1
15977,17,2,1054.73,2011-10-31 16:24:00,2011-11-22 13:29:00,United Kingdom,48,527.365,39,1.5384615384615383,9735.97,4,3,4,11,Loyal Customers,0
15978,77,1,1098.78,2011-09-23 15:21:00,2011-09-23 15:21:00,United Kingdom,49,1098.78,77,0.3896103896103896,5137.15,2,2,4,8,Potential Loyalists,0
15980,89,3,2398.86,2011-03-30 15:05:00,2011-09-12 09:41:00,United Kingdom,40,799.62,254,0.3543307086614173,3399.96,2,4,5,11,Loyal Customers,0
15981,25,8,3408.48,2011-02-01 13:50:00,2011-11-15 08:00:00,United Kingdom,53,426.06,311,0.7717041800643086,3945.51,4,5,5,14,Champions,0
15983,22,4,1475.02,2010-12-01 12:15:00,2011-11-17 17:34:00,United Kingdom,82,368.755,374,0.32085561497326204,1419.81,4,4,4,12,Loyal Customers,0
15984,3,10,2837.67,2010-12-06 13:21:00,2011-12-07 12:16:00,United Kingdom,217,283.767,368,0.8152173913043478,2775.98,5,5,5,15,Champions,0
15985,123,2,1142.42,2011-04-17 11:04:00,2011-08-08 16:31:00,United Kingdom,29,571.21,237,0.2531645569620253,1735.32,2,3,4,9,Potential Loyalists,1
15986,30,1,168.12,2011-11-09 15:17:00,2011-11-09 15:17:00,United Kingdom,14,168.12,30,1.0,2017.44,4,2,1,7,Potential Loyalists,0
15987,12,7,1451.28,2010-12-06 08:34:00,2011-11-27 15:38:00,United Kingdom,110,207.32571428571427,369,0.5691056910569106,1415.88,5,5,4,14,Champions,0
15988,19,1,158.03,2011-11-20 13:23:00,2011-11-20 13:23:00,United Kingdom,26,158.03,19,1.0,1896.36,4,2,1,7,Potential Loyalists,0
15990,44,2,792.11,2011-02-25 15:35:00,2011-10-26 15:58:00,United Kingdom,52,396.055,287,0.20905923344947736,993.59,3,3,3,9,Potential Loyalists,0
15992,4,1,41.989999999999995,2011-12-06 11:00:00,2011-12-06 11:00:00,United Kingdom,3,41.989999999999995,4,1.0,503.88,5,2,1,8,Potential Loyalists,0
15993,9,7,2797.57,2011-10-26 16:21:00,2011-12-01 10:45:00,United Kingdom,335,399.65285714285716,44,4.772727272727273,22889.21,5,5,5,15,Champions,0
15994,55,1,427.07,2011-10-16 12:28:00,2011-10-16 12:28:00,United Kingdom,31,427.07,55,0.5454545454545455,2795.37,3,2,2,7,Potential Loyalists,0
15996,88,6,1060.68,2010-12-08 15:59:00,2011-09-12 15:14:00,United Kingdom,103,176.78,366,0.49180327868852464,1043.29,2,5,4,11,Loyal Customers,0
15998,37,5,3089.97,2010-12-12 13:32:00,2011-11-03 12:45:00,United Kingdom,370,617.9939999999999,362,0.4143646408839779,3072.9,3,4,5,12,Loyal Customers,0
16000,3,3,12393.7,2011-12-07 12:14:00,2011-12-07 12:17:00,United Kingdom,9,4131.233333333334,3,3.0,148724.4,5,4,5,14,Champions,0
16003,30,5,2735.37,2010-12-15 12:09:00,2011-11-10 09:57:00,United Kingdom,82,547.074,360,0.4166666666666667,2735.37,4,4,5,13,Champions,0
16005,12,4,615.39,2011-03-14 11:46:00,2011-11-27 13:47:00,United Kingdom,173,153.8475,271,0.44280442804428044,817.49,5,4,3,12,Loyal Customers,0
16006,211,1,101.4,2011-05-12 13:12:00,2011-05-12 13:12:00,United Kingdom,8,101.4,211,0.14218009478672985,173.0,1,2,1,4,Lost,1
16007,48,4,1701.94,2011-05-08 13:32:00,2011-10-23 11:05:00,United Kingdom,221,425.485,215,0.5581395348837209,2849.76,3,4,4,11,Loyal Customers,0
16008,24,3,478.78,2011-05-19 10:54:00,2011-11-16 10:32:00,United Kingdom,29,159.59333333333333,205,0.43902439024390244,840.78,4,4,2,10,Loyal Customers,0
16009,22,4,992.71,2011-07-03 11:26:00,2011-11-17 16:51:00,United Kingdom,68,248.1775,160,0.75,2233.6,4,4,4,12,Loyal Customers,0
16010,246,3,407.5,2010-12-12 12:18:00,2011-04-08 10:14:00,United Kingdom,62,135.83333333333334,363,0.24793388429752067,404.13,1,4,2,7,Potential Loyalists,1
16011,8,16,3362.71,2010-12-08 16:34:00,2011-12-01 16:31:00,United Kingdom,99,210.169375,366,1.3114754098360657,3307.58,5,5,5,15,Champions,0
16012,35,3,1415.29,2011-07-07 18:02:00,2011-11-04 13:25:00,United Kingdom,87,471.7633333333333,155,0.5806451612903225,3287.13,3,4,4,11,Loyal Customers,0
16013,4,47,37130.6,2010-12-03 13:09:00,2011-12-06 10:36:00,United Kingdom,30,790.0127659574467,371,3.8005390835579513,36029.69,5,5,5,15,Champions,0
16014,38,3,662.38,2011-02-21 17:42:00,2011-11-02 12:04:00,United Kingdom,123,220.79333333333332,291,0.30927835051546393,819.44,3,4,3,10,Loyal Customers,0
16015,4,3,705.39,2011-10-21 12:56:00,2011-12-06 10:58:00,United Kingdom,146,235.13,49,1.836734693877551,5182.46,5,4,3,12,Loyal Customers,0
16016,3,8,1508.76,2010-12-08 12:36:00,2011-12-06 14:35:00,United Kingdom,156,188.595,367,0.6539509536784741,1479.98,5,5,4,14,Champions,0
16017,47,1,211.88,2011-10-23 12:56:00,2011-10-23 12:56:00,United Kingdom,26,211.88,47,0.6382978723404256,1622.91,3,2,1,6,At Risk,0
16018,39,2,408.90000000000003,2011-06-12 13:52:00,2011-10-31 14:13:00,United Kingdom,26,204.45000000000002,180,0.3333333333333333,817.8,3,3,2,8,Potential Loyalists,0
16019,47,9,3786.2400000000002,2010-12-10 12:29:00,2011-10-24 11:51:00,United Kingdom,133,420.6933333333334,365,0.7397260273972603,3734.37,3,5,5,13,Champions,0
16020,17,3,851.01,2011-10-05 13:54:00,2011-11-23 11:18:00,United Kingdom,42,283.67,65,1.3846153846153848,4713.29,4,4,3,11,Loyal Customers,0
16022,260,1,628.28,2011-03-24 13:16:00,2011-03-24 13:16:00,United Kingdom,68,628.28,260,0.11538461538461539,869.93,1,2,3,6,At Risk,1
16023,46,3,719.81,2011-03-18 13:32:00,2011-10-24 16:34:00,United Kingdom,90,239.93666666666664,266,0.3383458646616541,974.18,3,4,3,10,Loyal Customers,0
16024,12,1,251.24,2011-11-27 13:26:00,2011-11-27 13:26:00,United Kingdom,61,251.24,12,1.0,3014.88,5,2,2,9,Potential Loyalists,0
16025,30,1,439.65999999999997,2011-11-10 11:45:00,2011-11-10 11:45:00,United Kingdom,28,439.65999999999997,30,1.0,5275.92,4,2,2,8,Potential Loyalists,0
16026,43,1,236.09,2011-10-27 13:53:00,2011-10-27 13:53:00,United Kingdom,30,236.09,43,0.6976744186046512,1976.57,3,2,1,6,At Risk,0
16027,92,6,934.62,2011-02-10 12:19:00,2011-09-09 10:47:00,United Kingdom,11,155.77,303,0.594059405940594,1110.44,2,5,3,10,Loyal Customers,1
16029,39,63,81024.84,2010-12-01 09:57:00,2011-11-01 10:27:00,United Kingdom,44,1286.1085714285714,374,5.053475935828877,77991.82,3,5,5,13,Champions,0
16030,310,1,331.24,2011-02-03 11:28:00,2011-02-03 11:28:00,United Kingdom,28,331.24,310,0.0967741935483871,384.67,1,2,2,5,At Risk,1
16031,92,2,548.94,2011-04-06 14:23:00,2011-09-08 13:07:00,United Kingdom,91,274.47,247,0.24291497975708504,800.07,2,3,3,8,Potential Loyalists,1
16033,6,20,8816.4,2010-12-05 10:36:00,2011-12-04 12:44:00,United Kingdom,538,440.82,370,1.6216216216216215,8578.12,5,5,5,15,Champions,0
16034,196,3,437.7,2011-01-11 11:54:00,2011-05-27 16:17:00,United Kingdom,18,145.9,333,0.2702702702702703,473.19,1,4,2,7,Potential Loyalists,1
16036,87,2,758.92,2011-03-21 13:01:00,2011-09-13 14:53:00,United Kingdom,55,379.46,263,0.22813688212927755,1038.83,2,3,3,8,Potential Loyalists,0
16037,270,3,855.02,2010-12-16 10:18:00,2011-03-15 09:13:00,United Kingdom,37,285.00666666666666,359,0.25069637883008355,857.4,1,4,3,8,Potential Loyalists,1
16038,8,3,471.78000000000003,2011-05-22 11:29:00,2011-12-02 12:40:00,United Kingdom,24,157.26000000000002,202,0.44554455445544555,840.8,5,4,2,11,Loyal Customers,0
16040,65,3,1313.55,2011-03-16 09:58:00,2011-10-05 13:47:00,United Kingdom,57,437.84999999999997,269,0.3345724907063197,1757.91,3,4,4,11,Loyal Customers,0
16041,31,3,3166.4,2011-07-21 16:27:00,2011-11-09 12:25:00,United Kingdom,6,1055.4666666666667,141,0.6382978723404255,8084.43,4,4,5,13,Champions,0
16042,22,5,1197.27,2011-01-11 13:25:00,2011-11-17 17:50:00,United Kingdom,68,239.454,332,0.45180722891566266,1298.24,4,4,4,12,Loyal Customers,0
16043,38,4,773.99,2011-01-26 11:14:00,2011-11-02 12:50:00,United Kingdom,30,193.4975,318,0.37735849056603776,876.22,3,4,3,10,Loyal Customers,0
16045,120,4,1340.7,2011-02-22 14:55:00,2011-08-12 12:41:00,United Kingdom,71,335.175,290,0.4137931034482759,1664.32,2,4,4,10,Loyal Customers,1
16048,373,2,256.44,2010-12-01 15:27:00,2010-12-01 15:28:00,United Kingdom,8,128.22,373,0.16085790884718498,247.5,1,3,2,6,At Risk,1
16049,40,3,1111.79,2011-09-25 14:33:00,2011-10-30 13:19:00,United Kingdom,248,370.59666666666664,75,1.2,5336.59,3,4,4,11,Loyal Customers,0
16050,174,1,137.9,2011-06-19 11:44:00,2011-06-19 11:44:00,United Kingdom,10,137.9,174,0.1724137931034483,285.31,2,2,1,5,At Risk,1
16052,54,1,362.06,2011-10-16 15:13:00,2011-10-16 15:13:00,United Kingdom,34,362.06,54,0.5555555555555556,2413.73,3,2,2,7,Potential Loyalists,0
16053,33,2,1511.95,2011-08-09 14:57:00,2011-11-07 11:21:00,United Kingdom,81,755.975,122,0.49180327868852464,4461.49,4,3,4,11,Loyal Customers,0
16054,145,1,783.9,2011-07-17 13:08:00,2011-07-17 13:08:00,United Kingdom,70,783.9,145,0.20689655172413796,1946.23,2,2,3,7,Potential Loyalists,1
16055,221,1,134.8,2011-05-03 09:26:00,2011-05-03 09:26:00,United Kingdom,8,134.8,221,0.13574660633484165,219.58,1,2,1,4,Lost,1
16056,45,1,664.85,2011-10-25 15:19:00,2011-10-25 15:19:00,United Kingdom,66,664.85,45,0.6666666666666666,5318.8,3,2,3,8,Potential Loyalists,0
16057,16,7,2263.12,2011-02-28 10:35:00,2011-11-23 15:23:00,United Kingdom,109,323.30285714285714,285,0.7368421052631579,2858.68,4,5,5,14,Champions,0
16059,66,6,1459.8600000000001,2010-12-07 10:36:00,2011-10-05 09:56:00,United Kingdom,126,243.31000000000003,368,0.48913043478260865,1428.12,3,5,4,12,Loyal Customers,0
16062,10,4,1153.62,2010-12-10 12:00:00,2011-11-30 12:15:00,United Kingdom,50,288.405,365,0.32876712328767127,1137.82,5,4,4,13,Champions,0
16063,260,1,335.32,2011-03-24 14:55:00,2011-03-24 14:56:00,United Kingdom,23,335.32,260,0.11538461538461539,464.29,1,2,2,5,At Risk,1
16065,365,1,372.09,2010-12-09 13:03:00,2010-12-09 13:03:00,United Kingdom,71,372.09,365,0.08219178082191782,366.99,1,2,2,5,At Risk,1
16066,17,5,1521.87,2011-08-07 14:33:00,2011-11-23 11:54:00,United Kingdom,77,304.37399999999997,124,1.2096774193548385,4418.33,4,4,4,12,Loyal Customers,0
16070,22,2,852.15,2011-11-07 16:36:00,2011-11-17 15:50:00,United Kingdom,32,426.075,32,1.875,9586.69,4,3,3,10,Loyal Customers,0
16071,45,1,326.24,2011-10-26 11:14:00,2011-10-26 11:14:00,United Kingdom,21,326.24,45,0.6666666666666666,2609.92,3,2,2,7,Potential Loyalists,0
16072,288,1,584.3199999999999,2011-02-24 14:32:00,2011-02-24 14:32:00,United Kingdom,23,584.3199999999999,288,0.10416666666666667,730.4,1,2,3,6,At Risk,1
16073,297,1,122.39999999999999,2011-02-15 15:41:00,2011-02-15 15:41:00,United Kingdom,1,122.39999999999999,297,0.10101010101010101,148.36,1,2,1,4,Lost,1
16076,3,10,2234.73,2011-05-15 12:31:00,2011-12-06 14:59:00,United Kingdom,71,223.473,209,1.4354066985645932,3849.3,5,5,5,15,Champions,0
16078,284,1,79.2,2011-03-01 09:47:00,2011-03-01 09:47:00,United Kingdom,1,79.2,284,0.1056338028169014,100.39,1,2,1,4,Lost,1
16079,17,3,1352.0,2011-10-30 13:06:00,2011-11-23 12:48:00,United Kingdom,18,450.6666666666667,40,2.25,12168.0,4,4,4,12,Loyal Customers,0
16080,82,2,217.16,2011-03-10 14:44:00,2011-09-19 10:42:00,United Kingdom,10,108.58,274,0.21897810218978103,285.32,2,3,1,6,At Risk,0
16081,56,5,2806.9,2010-12-08 11:16:00,2011-10-14 13:06:00,United Kingdom,175,561.38,367,0.40871934604904636,2753.36,3,4,5,12,Loyal Customers,0
16083,101,2,1317.62,2010-12-14 11:51:00,2011-08-31 10:47:00,United Kingdom,31,658.81,361,0.16620498614958448,1313.97,2,3,4,9,Potential Loyalists,1
16084,299,1,436.18,2011-02-13 16:05:00,2011-02-13 16:05:00,United Kingdom,38,436.18,299,0.10033444816053512,525.17,1,2,2,5,At Risk,1
16085,23,5,981.51,2011-01-23 12:07:00,2011-11-16 13:24:00,United Kingdom,123,196.302,321,0.4672897196261683,1100.76,4,4,4,12,Loyal Customers,0
16086,59,5,1121.39,2010-12-07 13:45:00,2011-10-11 13:09:00,United Kingdom,24,224.27800000000002,367,0.40871934604904636,1100.0,3,4,4,11,Loyal Customers,0
16091,155,2,315.06,2011-05-25 09:18:00,2011-07-08 08:45:00,United Kingdom,16,157.53,199,0.3015075376884422,569.96,2,3,2,7,Potential Loyalists,1
16092,115,3,817.86,2011-03-30 15:38:00,2011-08-17 10:46:00,United Kingdom,37,272.62,254,0.3543307086614173,1159.17,2,4,3,9,Potential Loyalists,1
16093,107,1,17.0,2011-08-25 11:09:00,2011-08-25 11:09:00,United Kingdom,1,17.0,107,0.2803738317757009,57.2,2,2,1,5,At Risk,1
16094,12,4,1078.23,2011-05-04 13:57:00,2011-11-28 12:45:00,United Kingdom,48,269.5575,219,0.547945205479452,1772.43,5,4,4,13,Champions,0
16096,264,1,320.62,2011-03-20 13:38:00,2011-03-20 13:38:00,United Kingdom,12,320.62,264,0.11363636363636363,437.21,1,2,2,5,At Risk,1
16097,240,1,185.04999999999998,2011-04-13 13:47:00,2011-04-13 13:47:00,United Kingdom,10,185.04999999999998,240,0.125,277.58,1,2,1,4,Lost,1
16098,88,7,2005.63,2010-12-01 09:45:00,2011-09-13 09:59:00,United Kingdom,34,286.5185714285714,374,0.5614973262032086,1930.55,2,5,4,11,Loyal Customers,0
16099,50,3,731.9,2011-04-28 08:34:00,2011-10-20 13:13:00,United Kingdom,29,243.96666666666667,226,0.39823008849557523,1165.86,3,4,3,10,Loyal Customers,0
16101,71,1,1290.7,2011-09-30 10:18:00,2011-09-30 10:18:00,United Kingdom,76,1290.7,71,0.4225352112676056,6544.39,3,2,4,9,Potential Loyalists,0
16102,42,3,1842.14,2011-08-03 12:50:00,2011-10-28 13:19:00,United Kingdom,41,614.0466666666667,129,0.6976744186046512,5140.86,3,4,4,11,Loyal Customers,0
16103,7,6,1429.64,2011-04-20 12:28:00,2011-12-02 14:16:00,United Kingdom,30,238.27333333333334,234,0.7692307692307693,2199.45,5,5,4,14,Champions,0
16104,62,1,302.36,2011-10-09 10:23:00,2011-10-09 10:23:00,United Kingdom,28,302.36,62,0.48387096774193544,1755.64,3,2,2,7,Potential Loyalists,0
16105,249,1,336.96,2011-04-05 10:13:00,2011-04-05 10:13:00,United Kingdom,13,336.96,249,0.12048192771084336,487.17,1,2,2,5,At Risk,1
16106,66,1,108.38,2011-10-05 10:37:00,2011-10-05 10:37:00,United Kingdom,6,108.38,66,0.45454545454545453,591.16,3,2,1,6,At Risk,0
16107,18,7,3204.1600000000003,2011-06-09 18:42:00,2011-11-22 09:40:00,United Kingdom,16,457.7371428571429,183,1.1475409836065575,6303.27,4,5,5,14,Champions,0
16108,85,1,842.5,2011-09-16 11:48:00,2011-09-16 11:48:00,United Kingdom,48,842.5,85,0.3529411764705882,3568.24,2,2,3,7,Potential Loyalists,0
16109,219,2,611.88,2011-02-04 12:37:00,2011-05-05 09:17:00,United Kingdom,18,305.94,309,0.1941747572815534,712.87,1,3,3,7,Potential Loyalists,1
16110,45,3,1337.48,2011-02-01 14:01:00,2011-10-25 14:35:00,United Kingdom,283,445.82666666666665,311,0.28938906752411575,1548.21,3,4,4,11,Loyal Customers,0
16112,143,4,195.73999999999998,2011-01-05 11:47:00,2011-07-19 14:28:00,United Kingdom,15,48.934999999999995,339,0.35398230088495575,207.87,2,4,1,7,Potential Loyalists,1
16113,183,1,161.38,2011-06-09 16:16:00,2011-06-09 16:16:00,United Kingdom,30,161.38,183,0.1639344262295082,317.47,1,2,1,4,Lost,1
16114,171,1,135.75000000000003,2011-06-22 10:13:00,2011-06-22 10:13:00,United Kingdom,8,135.75000000000003,171,0.17543859649122806,285.79,2,2,1,5,At Risk,1
16115,10,8,1667.97,2011-02-20 12:14:00,2011-11-30 11:32:00,United Kingdom,169,208.49625,293,0.8191126279863481,2049.38,5,5,4,14,Champions,0
16116,212,1,612.78,2011-05-12 12:01:00,2011-05-12 12:01:00,United Kingdom,34,612.78,212,0.14150943396226415,1040.57,1,2,3,6,At Risk,1
16117,190,1,232.21,2011-06-03 11:42:00,2011-06-03 11:42:00,United Kingdom,30,232.21,190,0.15789473684210528,439.98,1,2,1,4,Lost,1
16119,8,2,423.36,2011-09-28 10:15:00,2011-12-01 15:11:00,United Kingdom,14,211.68,73,0.8219178082191781,2087.8,5,3,2,10,Loyal Customers,0
16120,59,4,1309.14,2011-10-11 14:10:00,2011-10-11 14:22:00,United Kingdom,26,327.285,59,2.0338983050847457,7987.97,3,4,4,11,Loyal Customers,0
16121,57,2,867.11,2011-05-08 11:52:00,2011-10-13 12:59:00,United Kingdom,170,433.555,216,0.2777777777777778,1445.18,3,3,3,9,Potential Loyalists,0
16122,73,4,684.4200000000001,2010-12-08 11:41:00,2011-09-27 15:34:00,United Kingdom,26,171.10500000000002,367,0.32697547683923706,671.37,2,4,3,9,Potential Loyalists,0
16123,52,1,307.78,2011-10-19 09:18:00,2011-10-19 09:18:00,United Kingdom,16,307.78,52,0.5769230769230769,2130.78,3,2,2,7,Potential Loyalists,0
16124,317,1,249.0,2011-01-26 14:45:00,2011-01-26 14:45:00,United Kingdom,11,249.0,317,0.09463722397476342,282.78,1,2,1,4,Lost,1
16125,367,1,289.35,2010-12-07 15:48:00,2010-12-07 15:48:00,United Kingdom,13,289.35,367,0.08174386920980926,283.83,1,2,2,5,At Risk,1
16126,29,4,6287.77,2011-02-16 11:18:00,2011-11-10 16:03:00,United Kingdom,57,1571.9425,297,0.40404040404040403,7621.54,4,4,5,13,Champions,0
16127,39,1,656.25,2011-10-31 13:58:00,2011-10-31 13:58:00,United Kingdom,40,656.25,39,0.7692307692307692,6057.69,3,2,3,8,Potential Loyalists,0
16128,18,5,1880.22,2011-03-02 12:21:00,2011-11-22 11:14:00,United Kingdom,76,376.044,283,0.5300353356890459,2391.8,4,4,4,12,Loyal Customers,0
16131,52,6,3506.54,2011-04-14 08:32:00,2011-10-19 11:53:00,United Kingdom,55,584.4233333333333,240,0.75,5259.81,3,5,5,13,Champions,0
16133,4,33,14589.04,2011-01-25 15:55:00,2011-12-06 11:24:00,United Kingdom,219,442.09212121212124,318,3.1132075471698113,16515.89,5,5,5,15,Champions,0
16134,22,2,618.09,2010-12-15 14:00:00,2011-11-18 10:05:00,United Kingdom,34,309.045,359,0.1671309192200557,619.81,4,3,3,10,Loyal Customers,0
16135,263,1,517.55,2011-03-22 12:30:00,2011-03-22 12:30:00,United Kingdom,21,517.55,263,0.11406844106463877,708.43,1,2,3,6,At Risk,1
16136,60,3,709.38,2011-03-07 09:52:00,2011-10-11 09:10:00,United Kingdom,35,236.46,278,0.3237410071942446,918.62,3,4,3,10,Loyal Customers,0
16139,19,3,635.41,2011-05-17 10:23:00,2011-11-21 08:37:00,United Kingdom,25,211.8033333333333,207,0.43478260869565216,1105.06,4,4,3,11,Loyal Customers,0
16140,66,2,725.18,2010-12-03 14:40:00,2011-10-05 12:15:00,United Kingdom,32,362.59,371,0.16172506738544473,703.68,3,3,3,9,Potential Loyalists,0
16141,88,1,620.4,2011-09-12 13:11:00,2011-09-12 13:11:00,United Kingdom,30,620.4,88,0.34090909090909094,2538.0,2,2,3,7,Potential Loyalists,0
16142,250,1,535.34,2011-04-04 10:16:00,2011-04-04 10:16:00,United Kingdom,37,535.34,250,0.12,770.89,1,2,3,6,At Risk,1
16143,3,6,2424.94,2010-12-05 15:18:00,2011-12-06 14:13:00,United Kingdom,75,404.1566666666667,369,0.4878048780487805,2365.8,5,5,5,15,Champions,0
16144,247,1,175.2,2011-04-07 10:09:00,2011-04-07 10:09:00,United Kingdom,1,175.2,247,0.12145748987854252,255.35,1,2,1,4,Lost,1
16145,9,11,3799.4900000000002,2010-12-15 09:09:00,2011-12-01 10:33:00,United Kingdom,134,345.40818181818184,360,0.9166666666666666,3799.49,5,5,5,15,Champions,0
16146,157,3,734.13,2011-04-21 15:25:00,2011-07-05 14:20:00,United Kingdom,26,244.71,232,0.3879310344827586,1139.17,2,4,3,9,Potential Loyalists,1
16147,134,1,375.0,2011-07-29 09:57:00,2011-07-29 09:57:00,United Kingdom,22,375.0,134,0.22388059701492538,1007.46,2,2,2,6,At Risk,1
16148,296,1,76.32000000000001,2011-02-16 14:01:00,2011-02-16 14:01:00,United Kingdom,1,76.32000000000001,296,0.10135135135135134,92.82,1,2,1,4,Lost,1
16149,5,2,280.52,2011-07-20 14:54:00,2011-12-05 11:29:00,United Kingdom,18,140.26,142,0.4225352112676056,711.18,5,3,2,10,Loyal Customers,0
16150,43,5,2053.02,2010-12-02 18:27:00,2011-10-28 12:39:00,United Kingdom,91,410.604,372,0.4032258064516129,1986.79,3,4,4,11,Loyal Customers,0
16152,269,1,1829.04,2011-03-16 09:47:00,2011-03-16 09:47:00,United Kingdom,29,1829.04,269,0.11152416356877323,2447.79,1,2,4,7,Potential Loyalists,1
16153,50,5,1824.23,2010-12-20 09:22:00,2011-10-21 10:50:00,United Kingdom,78,364.846,355,0.4225352112676056,1849.92,3,4,4,11,Loyal Customers,0
16156,9,9,3122.04,2011-02-02 12:02:00,2011-12-01 12:42:00,United Kingdom,108,346.8933333333333,311,0.8681672025723473,3613.94,5,5,5,15,Champions,0
16157,16,3,656.69,2011-09-28 11:48:00,2011-11-24 11:41:00,United Kingdom,12,218.89666666666668,73,1.2328767123287672,3238.47,4,4,3,11,Loyal Customers,0
16159,282,1,348.2,2011-03-03 12:27:00,2011-03-03 12:27:00,United Kingdom,14,348.2,282,0.10638297872340426,444.51,1,2,2,5,At Risk,1
16160,65,2,1025.44,2011-09-15 10:53:00,2011-10-05 14:19:00,United Kingdom,20,512.72,86,0.6976744186046512,4292.54,3,3,4,10,Loyal Customers,0
16161,2,19,5575.56,2010-12-06 10:03:00,2011-12-08 12:10:00,United Kingdom,286,293.4505263157895,369,1.5447154471544715,5439.57,5,5,5,15,Champions,0
16162,252,1,37.4,2011-04-01 15:03:00,2011-04-01 15:03:00,United Kingdom,2,37.4,252,0.11904761904761904,53.43,1,2,1,4,Lost,1
16163,232,2,856.6,2010-12-09 16:28:00,2011-04-21 15:15:00,United Kingdom,5,428.3,365,0.16438356164383564,844.87,1,3,3,7,Potential Loyalists,1
16164,17,3,822.48,2011-10-28 09:12:00,2011-11-22 15:04:00,United Kingdom,27,274.16,43,2.0930232558139537,6885.88,4,4,3,11,Loyal Customers,0
16168,11,27,3787.6,2010-12-05 11:38:00,2011-11-29 12:45:00,United Kingdom,57,140.28148148148148,370,2.189189189189189,3685.23,5,5,5,15,Champions,0
16169,8,4,1822.97,2011-09-25 11:33:00,2011-12-01 15:28:00,United Kingdom,71,455.7425,76,1.5789473684210527,8635.12,5,4,4,13,Champions,0
16170,51,6,1885.05,2011-04-05 13:42:00,2011-10-20 08:21:00,United Kingdom,106,314.175,248,0.7258064516129031,2736.36,3,5,4,12,Loyal Customers,0
16171,59,1,73.2,2011-10-11 14:51:00,2011-10-11 14:51:00,United Kingdom,3,73.2,59,0.5084745762711864,446.64,3,2,1,6,At Risk,0
16172,95,5,1140.21,2011-04-12 12:02:00,2011-09-05 13:22:00,United Kingdom,52,228.042,242,0.6198347107438017,1696.18,2,4,4,10,Loyal Customers,1
16173,16,6,1418.32,2011-09-02 15:23:00,2011-11-24 10:53:00,United Kingdom,70,236.38666666666666,98,1.836734693877551,5210.16,4,5,4,13,Champions,0
16174,126,3,1009.5500000000001,2011-07-11 09:23:00,2011-08-05 13:26:00,United Kingdom,19,336.5166666666667,152,0.5921052631578948,2391.04,2,4,4,10,Loyal Customers,1
16175,94,4,1037.59,2011-04-13 14:38:00,2011-09-06 14:32:00,United Kingdom,45,259.3975,240,0.5,1556.38,2,4,4,10,Loyal Customers,1
16177,50,1,331.95,2011-10-20 12:57:00,2011-10-20 12:57:00,United Kingdom,15,331.95,50,0.6,2390.04,3,2,2,7,Potential Loyalists,0
16178,138,1,197.9,2011-07-24 16:05:00,2011-07-24 16:05:00,United Kingdom,8,197.9,138,0.2173913043478261,516.26,2,2,1,5,At Risk,1
16179,61,1,215.83,2011-10-10 09:41:00,2011-10-10 09:41:00,United Kingdom,11,215.83,61,0.49180327868852464,1273.75,3,2,1,6,At Risk,0
16180,100,8,10254.18,2011-04-01 10:23:00,2011-08-31 16:28:00,United Kingdom,90,1281.7725,253,0.9486166007905138,14590.93,2,5,5,12,Loyal Customers,1
16181,73,1,305.54,2011-09-27 13:38:00,2011-09-27 13:38:00,United Kingdom,11,305.54,73,0.4109589041095891,1506.77,2,2,2,6,At Risk,0
16182,72,4,6617.65,2011-02-18 10:11:00,2011-09-28 13:23:00,United Kingdom,17,1654.4125,295,0.4067796610169491,8075.78,3,4,5,12,Loyal Customers,0
16183,67,1,338.71000000000004,2011-10-03 14:59:00,2011-10-03 14:59:00,United Kingdom,15,338.71000000000004,67,0.44776119402985076,1819.93,3,2,2,7,Potential Loyalists,0
16184,64,6,1158.79,2011-05-12 13:33:00,2011-10-06 17:43:00,United Kingdom,26,193.13166666666666,211,0.8530805687203792,1977.08,3,5,4,12,Loyal Customers,0
16185,17,2,529.41,2011-04-21 11:59:00,2011-11-23 09:41:00,United Kingdom,31,264.705,233,0.2575107296137339,817.97,4,3,3,10,Loyal Customers,0
16186,23,12,4006.94,2010-12-02 14:40:00,2011-11-17 12:43:00,United Kingdom,87,333.9116666666667,372,0.9677419354838709,3877.68,4,5,5,14,Champions,0
16187,32,15,6911.4400000000005,2011-02-28 13:34:00,2011-11-08 09:50:00,United Kingdom,160,460.7626666666667,284,1.584507042253521,8760.98,4,5,5,14,Champions,0
16188,45,4,981.86,2011-04-11 09:44:00,2011-10-26 12:19:00,United Kingdom,65,245.465,243,0.4938271604938272,1454.61,3,4,4,11,Loyal Customers,0
16189,16,2,215.48,2011-09-15 15:21:00,2011-11-24 11:47:00,United Kingdom,9,107.74,85,0.7058823529411764,912.62,4,3,1,8,Potential Loyalists,0
16190,40,1,215.08,2011-10-30 15:59:00,2011-10-30 15:59:00,United Kingdom,6,215.08,40,0.75,1935.72,3,2,1,6,At Risk,0
16191,3,13,5180.52,2010-12-14 12:38:00,2011-12-07 11:26:00,United Kingdom,65,398.5015384615385,361,1.0803324099722993,5166.17,5,5,5,15,Champions,0
16193,237,1,314.45,2011-04-17 11:45:00,2011-04-17 11:45:00,United Kingdom,19,314.45,237,0.12658227848101264,477.65,1,2,2,5,At Risk,1
16198,75,1,400.68100000000004,2011-09-25 14:58:00,2011-09-25 14:58:00,United Kingdom,15,400.68100000000004,75,0.4,1923.27,2,2,2,6,At Risk,0
16200,4,2,1080.6200000000001,2011-06-28 15:47:00,2011-12-05 14:40:00,United Kingdom,149,540.3100000000001,164,0.36585365853658536,2372.09,5,3,4,12,Loyal Customers,0
16201,3,4,1863.47,2011-08-22 10:47:00,2011-12-06 16:02:00,United Kingdom,74,465.8675,110,1.090909090909091,6098.63,5,4,4,13,Champions,0
16202,361,1,365.27,2010-12-14 10:43:00,2010-12-14 10:43:00,United Kingdom,18,365.27,361,0.08310249307479224,364.26,1,2,2,5,At Risk,1
16203,59,4,592.9,2010-12-02 15:39:00,2011-10-12 12:31:00,United Kingdom,27,148.225,372,0.3225806451612903,573.77,3,4,3,10,Loyal Customers,0
16204,23,1,405.71,2011-11-16 13:40:00,2011-11-16 13:40:00,United Kingdom,45,405.71,23,1.0,4868.52,4,2,2,8,Potential Loyalists,0
16205,31,4,761.38,2011-06-13 11:33:00,2011-11-09 09:32:00,United Kingdom,73,190.345,180,0.6666666666666666,1522.76,4,4,3,11,Loyal Customers,0
16206,55,4,537.0600000000001,2011-01-16 11:07:00,2011-10-16 10:41:00,United Kingdom,52,134.26500000000001,328,0.36585365853658536,589.46,3,4,3,10,Loyal Customers,0
16207,25,1,394.38,2011-11-14 13:51:00,2011-11-14 13:51:00,United Kingdom,19,394.38,25,1.0,4732.56,4,2,2,8,Potential Loyalists,0
16208,45,2,664.26,2011-02-23 13:37:00,2011-10-26 11:36:00,United Kingdom,61,332.13,289,0.20761245674740486,827.45,3,3,3,9,Potential Loyalists,0
16209,89,5,2262.62,2011-04-07 12:23:00,2011-09-12 11:58:00,United Kingdom,37,452.524,247,0.6072874493927126,3297.75,2,4,5,11,Loyal Customers,0
16210,2,18,21086.3,2010-12-01 12:27:00,2011-12-08 12:36:00,United Kingdom,74,1171.461111111111,374,1.4438502673796791,20296.97,5,5,5,15,Champions,0
16211,89,1,547.02,2011-09-12 12:11:00,2011-09-12 12:11:00,United Kingdom,23,547.02,89,0.33707865168539325,2212.67,2,2,3,7,Potential Loyalists,0
16212,19,2,690.34,2011-03-01 12:51:00,2011-11-20 13:00:00,United Kingdom,40,345.17,283,0.21201413427561838,878.17,4,3,3,10,Loyal Customers,0
16213,79,1,159.0,2011-09-22 10:03:00,2011-09-22 10:03:00,United Kingdom,6,159.0,79,0.379746835443038,724.56,2,2,1,5,At Risk,0
16214,171,3,1062.75,2011-03-15 13:23:00,2011-06-22 11:30:00,United Kingdom,36,354.25,269,0.3345724907063197,1422.27,2,4,4,10,Loyal Customers,1
16215,81,1,242.35,2011-09-20 10:18:00,2011-09-20 10:18:00,United Kingdom,14,242.35,81,0.37037037037037035,1077.11,2,2,1,5,At Risk,0
16216,267,1,914.9300000000001,2011-03-17 15:34:00,2011-03-17 15:34:00,United Kingdom,37,914.9300000000001,267,0.11235955056179775,1233.61,1,2,3,6,At Risk,1
16217,235,2,304.25,2011-03-02 15:28:00,2011-04-18 13:31:00,United Kingdom,13,152.125,282,0.2127659574468085,388.4,1,3,2,6,At Risk,1
16218,30,7,3084.68,2010-12-01 11:29:00,2011-11-10 09:59:00,United Kingdom,56,440.6685714285714,374,0.5614973262032086,2969.21,4,5,5,14,Champions,0
16221,37,3,864.86,2010-12-07 13:13:00,2011-11-03 11:43:00,United Kingdom,90,288.2866666666667,367,0.2452316076294278,848.36,3,4,3,10,Loyal Customers,0
16222,318,1,846.72,2011-01-25 13:38:00,2011-01-25 13:38:00,United Kingdom,120,846.72,318,0.09433962264150944,958.55,1,2,3,6,At Risk,1
16224,57,4,1295.3,2011-04-04 12:00:00,2011-10-13 17:51:00,United Kingdom,90,323.825,250,0.48,1865.23,3,4,4,11,Loyal Customers,0
16225,45,5,1096.32,2011-03-07 12:17:00,2011-10-26 08:30:00,United Kingdom,109,219.26399999999998,278,0.539568345323741,1419.69,3,4,4,11,Loyal Customers,0
16226,203,3,255.12,2011-04-18 12:58:00,2011-05-20 14:41:00,United Kingdom,6,85.04,235,0.3829787234042553,390.82,1,4,2,7,Potential Loyalists,1
16227,225,1,314.22,2011-04-28 13:33:00,2011-04-28 13:33:00,United Kingdom,6,314.22,225,0.13333333333333333,502.75,1,2,2,5,At Risk,1
16229,87,2,1010.6,2011-05-11 10:18:00,2011-09-13 17:16:00,United Kingdom,46,505.3,213,0.28169014084507044,1708.06,2,3,4,9,Potential Loyalists,0
16230,190,2,542.03,2011-05-03 15:12:00,2011-06-03 10:06:00,United Kingdom,32,271.015,220,0.27272727272727276,886.96,1,3,3,7,Potential Loyalists,1
16232,44,4,990.88,2011-05-08 14:05:00,2011-10-27 12:16:00,United Kingdom,24,247.72,215,0.5581395348837209,1659.15,3,4,4,11,Loyal Customers,0
16233,71,3,536.6800000000001,2010-12-08 12:51:00,2011-09-29 17:27:00,United Kingdom,22,178.89333333333335,366,0.24590163934426232,527.88,3,4,3,10,Loyal Customers,0
16235,41,5,867.31,2011-01-11 15:42:00,2011-10-30 10:56:00,United Kingdom,42,173.462,332,0.45180722891566266,940.46,3,4,3,10,Loyal Customers,0
16236,78,1,432.2,2011-09-22 14:10:00,2011-09-22 14:10:00,United Kingdom,20,432.2,78,0.3846153846153846,1994.77,2,2,2,6,At Risk,0
16239,57,2,414.2,2011-06-03 09:30:00,2011-10-14 08:29:00,United Kingdom,18,207.1,190,0.31578947368421056,784.8,3,3,2,8,Potential Loyalists,0
16240,24,2,3718.8,2011-09-23 13:44:00,2011-11-15 14:30:00,United Kingdom,126,1859.4,77,0.7792207792207791,17386.6,4,3,5,12,Loyal Customers,0
16241,10,13,2607.87,2010-12-05 11:04:00,2011-11-30 11:08:00,United Kingdom,347,200.6053846153846,370,1.054054054054054,2537.39,5,5,5,15,Champions,0
16242,8,7,3603.21,2011-03-07 17:04:00,2011-12-01 15:12:00,United Kingdom,184,514.7442857142858,277,0.7581227436823106,4682.87,5,5,5,15,Champions,0
16243,34,2,409.1,2011-10-16 12:09:00,2011-11-06 12:32:00,United Kingdom,49,204.55,55,1.090909090909091,2677.75,3,3,2,8,Potential Loyalists,0
16244,212,2,1522.75,2010-12-02 11:41:00,2011-05-12 10:18:00,United Kingdom,88,761.375,373,0.16085790884718498,1469.68,1,3,4,8,Potential Loyalists,1
16245,24,3,1413.66,2011-03-28 09:30:00,2011-11-16 10:14:00,United Kingdom,80,471.22,257,0.3501945525291829,1980.22,4,4,4,12,Loyal Customers,0
16247,170,1,114.56,2011-06-22 14:23:00,2011-06-22 14:23:00,United Kingdom,16,114.56,170,0.1764705882352941,242.6,2,2,1,5,At Risk,1
16248,62,1,152.94,2011-10-09 11:32:00,2011-10-09 11:32:00,United Kingdom,7,152.94,62,0.48387096774193544,888.04,3,2,1,6,At Risk,0
16249,53,5,1800.07,2011-04-14 13:50:00,2011-10-18 10:07:00,United Kingdom,67,360.014,239,0.6276150627615062,2711.4,3,4,4,11,Loyal Customers,0
16250,261,2,389.44,2010-12-01 09:59:00,2011-03-23 15:07:00,United Kingdom,22,194.72,374,0.16042780748663102,374.86,1,3,2,6,At Risk,1
16253,67,2,3683.86,2011-03-29 13:33:00,2011-10-04 09:09:00,United Kingdom,114,1841.93,255,0.23529411764705882,5200.74,3,3,5,11,Loyal Customers,0
16255,17,8,2619.91,2010-12-09 14:25:00,2011-11-23 12:40:00,United Kingdom,146,327.48875,365,0.6575342465753425,2584.02,4,5,5,14,Champions,0
16256,267,1,752.4300000000001,2011-03-18 12:18:00,2011-03-18 12:18:00,United Kingdom,13,752.4300000000001,267,0.11235955056179775,1014.51,1,2,3,6,At Risk,1
16257,177,1,46.95,2011-06-16 10:11:00,2011-06-16 10:11:00,United Kingdom,2,46.95,177,0.1694915254237288,95.49,2,2,1,5,At Risk,1
16258,45,5,5203.51,2011-05-04 14:33:00,2011-10-25 13:30:00,United Kingdom,111,1040.702,219,0.684931506849315,8553.72,3,4,5,12,Loyal Customers,0
16260,51,1,1035.45,2011-10-20 09:40:00,2011-10-20 09:40:00,United Kingdom,18,1035.45,51,0.5882352941176471,7309.06,3,2,4,9,Potential Loyalists,0
16261,17,4,746.83,2011-04-07 19:05:00,2011-11-22 17:23:00,United Kingdom,98,186.7075,246,0.48780487804878053,1092.92,4,4,3,11,Loyal Customers,0
16265,9,9,5447.0,2010-12-10 10:21:00,2011-11-30 16:41:00,United Kingdom,164,605.2222222222222,365,0.7397260273972603,5372.38,5,5,5,15,Champions,0
16266,74,7,861.89,2011-05-17 14:50:00,2011-09-27 12:08:00,United Kingdom,44,123.12714285714286,206,1.0194174757281553,1506.22,2,5,3,10,Loyal Customers,0
16268,71,2,667.65,2011-09-29 18:30:00,2011-09-29 18:30:00,United Kingdom,45,333.825,71,0.8450704225352113,3385.27,3,3,3,9,Potential Loyalists,0
16270,353,1,1141.24,2010-12-21 14:26:00,2010-12-21 14:26:00,United Kingdom,54,1141.24,353,0.08498583569405098,1163.87,1,2,4,7,Potential Loyalists,1
16271,3,5,1429.24,2010-12-16 16:36:00,2011-12-07 12:45:00,United Kingdom,89,285.848,358,0.41899441340782123,1437.22,5,4,4,13,Champions,0
16272,117,1,411.7,2011-08-15 10:53:00,2011-08-15 10:54:00,United Kingdom,25,411.7,117,0.25641025641025644,1266.77,2,2,2,6,At Risk,1
16274,373,1,357.95,2010-12-01 15:35:00,2010-12-01 15:35:00,United Kingdom,64,357.95,373,0.08042895442359249,345.47,1,2,2,5,At Risk,1
16275,197,1,559.87,2011-05-27 12:41:00,2011-05-27 12:41:00,United Kingdom,33,559.87,197,0.15228426395939088,1023.11,1,2,3,6,At Risk,1
16276,177,1,810.6000000000001,2011-06-16 09:34:00,2011-06-16 09:34:00,United Kingdom,6,810.6000000000001,177,0.1694915254237288,1648.68,2,2,3,7,Potential Loyalists,1
16278,100,1,566.38,2011-08-31 17:12:00,2011-08-31 17:12:00,United Kingdom,23,566.38,100,0.3,2038.97,2,2,3,7,Potential Loyalists,1
16279,21,3,1509.58,2011-06-16 11:50:00,2011-11-18 15:00:00,United Kingdom,102,503.1933333333333,177,0.5084745762711864,3070.33,4,4,4,12,Loyal Customers,0
16281,72,1,2062.06,2011-09-28 14:57:00,2011-09-28 14:57:00,United Kingdom,17,2062.06,72,0.4166666666666667,10310.3,3,2,5,10,Loyal Customers,0
16282,340,1,168.3,2011-01-04 11:42:00,2011-01-04 11:42:00,United Kingdom,11,168.3,340,0.08823529411764705,178.2,1,2,1,4,Lost,1
16283,6,5,1570.81,2011-05-15 13:37:00,2011-12-04 12:08:00,United Kingdom,117,314.162,208,0.7211538461538461,2718.71,5,4,4,13,Champions,0
16284,31,2,823.97,2011-10-20 13:54:00,2011-11-08 16:12:00,United Kingdom,87,411.985,50,1.2,5932.58,4,3,3,10,Loyal Customers,0
16287,170,1,142.5,2011-06-23 09:08:00,2011-06-23 09:08:00,United Kingdom,8,142.5,170,0.1764705882352941,301.76,2,2,1,5,At Risk,1
16292,122,1,302.25,2011-08-10 12:24:00,2011-08-10 12:24:00,United Kingdom,17,302.25,122,0.24590163934426232,891.89,2,2,2,6,At Risk,1
16293,22,10,2248.9900000000002,2010-12-07 15:02:00,2011-11-18 09:58:00,United Kingdom,102,224.89900000000003,367,0.8174386920980927,2206.09,4,5,5,14,Champions,0
16295,10,4,1328.55,2011-10-06 10:45:00,2011-11-30 08:17:00,United Kingdom,70,332.1375,65,1.8461538461538463,7358.12,5,4,4,13,Champions,0
16297,269,1,301.9,2011-03-16 08:29:00,2011-03-16 08:29:00,United Kingdom,20,301.9,269,0.11152416356877323,404.03,1,2,2,5,At Risk,1
16298,23,3,598.2,2011-06-06 10:06:00,2011-11-17 11:59:00,United Kingdom,22,199.4,187,0.48128342245989303,1151.61,4,4,3,11,Loyal Customers,0
16302,127,1,233.22,2011-08-05 09:44:00,2011-08-05 09:44:00,United Kingdom,11,233.22,127,0.23622047244094488,661.1,2,2,1,5,At Risk,1
16303,26,3,5360.63,2011-01-10 14:16:00,2011-11-14 10:49:00,United Kingdom,119,1786.8766666666668,333,0.2702702702702703,5795.28,4,4,5,13,Champions,0
16305,139,1,361.21999999999997,2011-07-24 12:18:00,2011-07-24 12:18:00,United Kingdom,22,361.21999999999997,139,0.2158273381294964,935.53,2,2,2,6,At Risk,1
16306,214,6,632.27,2010-12-07 15:18:00,2011-05-10 12:12:00,United Kingdom,36,105.37833333333333,367,0.4904632152588556,620.21,1,5,3,9,Potential Loyalists,1
16308,38,4,2560.0,2011-03-23 14:46:00,2011-11-02 11:24:00,United Kingdom,1,640.0,261,0.4597701149425288,3531.03,3,4,5,12,Loyal Customers,0
16309,106,2,706.57,2011-04-13 11:46:00,2011-08-25 15:35:00,United Kingdom,39,353.285,241,0.24896265560165975,1055.46,2,3,3,8,Potential Loyalists,1
16311,18,2,616.26,2011-10-21 13:13:00,2011-11-22 08:54:00,United Kingdom,35,308.13,49,1.2244897959183674,4527.62,4,3,3,10,Loyal Customers,0
16313,3,2,274.15000000000003,2011-10-21 09:04:00,2011-12-06 13:02:00,United Kingdom,16,137.07500000000002,50,1.2,1973.88,5,3,2,10,Loyal Customers,0
16315,331,1,226.37,2011-01-13 11:57:00,2011-01-13 11:57:00,United Kingdom,14,226.37,331,0.09063444108761329,246.2,1,2,1,4,Lost,1
16316,64,8,2938.91,2010-12-16 14:26:00,2011-10-06 13:48:00,United Kingdom,120,367.36375,358,0.6703910614525139,2955.33,3,5,5,13,Champions,0
16317,120,3,1341.65,2011-02-15 14:30:00,2011-08-12 12:46:00,United Kingdom,64,447.2166666666667,297,0.30303030303030304,1626.24,2,4,4,10,Loyal Customers,1
16318,35,1,328.15,2011-11-04 13:05:00,2011-11-04 13:05:00,United Kingdom,19,328.15,35,0.8571428571428571,3375.26,3,2,2,7,Potential Loyalists,0
16319,218,1,404.40000000000003,2011-05-06 11:27:00,2011-05-06 11:27:00,United Kingdom,3,404.40000000000003,218,0.13761467889908258,667.82,1,2,2,5,At Risk,1
16320,172,2,1038.46,2011-05-10 15:31:00,2011-06-20 15:25:00,Unspecified,56,519.23,213,0.28169014084507044,1755.14,2,3,4,9,Potential Loyalists,1
16321,72,5,373.65000000000003,2011-01-20 12:11:00,2011-09-28 14:55:00,Australia,7,74.73,324,0.4629629629629629,415.17,3,4,2,9,Potential Loyalists,0
16322,1,2,326.75,2011-11-03 14:33:00,2011-12-08 15:41:00,United Kingdom,28,163.375,36,1.6666666666666667,3267.5,5,3,2,10,Loyal Customers,0
16323,196,1,207.50000000000003,2011-05-27 14:48:00,2011-05-27 14:48:00,United Kingdom,1,207.50000000000003,196,0.15306122448979592,381.12,1,2,1,4,Lost,1
16324,128,3,428.68,2011-06-15 14:26:00,2011-08-03 12:58:00,United Kingdom,100,142.89333333333335,177,0.5084745762711864,871.89,2,4,2,8,Potential Loyalists,1
16325,47,3,594.24,2011-04-08 09:20:00,2011-10-24 08:48:00,United Kingdom,14,198.08,246,0.3658536585365854,869.62,3,4,3,10,Loyal Customers,0
16326,6,14,3110.96,2011-01-09 12:01:00,2011-12-04 10:11:00,United Kingdom,158,222.21142857142857,335,1.2537313432835822,3343.12,5,5,5,15,Champions,0
16327,14,6,3844.22,2010-12-05 12:43:00,2011-11-25 13:23:00,United Kingdom,142,640.7033333333333,370,0.48648648648648646,3740.32,4,5,5,14,Champions,0
16330,18,3,251.91,2011-08-19 17:08:00,2011-11-22 12:24:00,United Kingdom,39,83.97,112,0.8035714285714286,809.71,4,4,2,10,Loyal Customers,0
16332,28,7,1593.2,2011-02-07 14:16:00,2011-11-11 14:22:00,United Kingdom,125,227.6,305,0.6885245901639344,1880.5,4,5,4,13,Champions,0
16333,8,22,26626.8,2011-02-03 10:50:00,2011-12-02 12:19:00,United Kingdom,9,1210.3090909090909,310,2.129032258064516,30921.45,5,5,5,15,Champions,0
16337,37,1,151.05,2011-11-03 10:03:00,2011-11-03 10:03:00,United Kingdom,10,151.05,37,0.8108108108108107,1469.68,3,2,1,6,At Risk,0
16338,157,1,214.79999999999998,2011-07-05 13:56:00,2011-07-05 13:56:00,United Kingdom,11,214.79999999999998,157,0.19108280254777069,492.54,2,2,1,5,At Risk,1
16339,284,1,109.95,2011-02-28 13:41:00,2011-02-28 13:41:00,United Kingdom,17,109.95,284,0.1056338028169014,139.37,1,2,1,4,Lost,1
16340,107,1,549.07,2011-08-24 14:53:00,2011-08-24 14:53:00,United Kingdom,124,549.07,107,0.2803738317757009,1847.34,2,2,3,7,Potential Loyalists,1
16341,25,4,1971.87,2011-05-22 13:20:00,2011-11-15 09:12:00,United Kingdom,60,492.9675,201,0.5970149253731343,3531.71,4,4,4,12,Loyal Customers,0
16342,75,4,322.41,2011-06-13 10:10:00,2011-09-25 14:36:00,United Kingdom,10,80.6025,180,0.6666666666666666,644.82,2,4,2,8,Potential Loyalists,0
16343,16,2,370.47999999999996,2011-11-23 17:43:00,2011-11-23 17:45:00,United Kingdom,29,185.23999999999998,16,2.0,4445.76,4,3,2,9,Potential Loyalists,0
16344,158,1,101.10000000000001,2011-07-04 15:50:00,2011-07-04 15:50:00,United Kingdom,1,101.10000000000001,158,0.189873417721519,230.35,2,2,1,5,At Risk,1
16345,44,1,575.41,2011-10-26 16:03:00,2011-10-26 16:03:00,United Kingdom,35,575.41,44,0.6818181818181819,4707.9,3,2,3,8,Potential Loyalists,0
16347,11,2,887.65,2011-11-03 13:01:00,2011-11-28 13:14:00,United Kingdom,61,443.825,36,1.6666666666666667,8876.5,5,3,3,11,Loyal Customers,0
16348,32,7,1469.45,2011-04-13 15:49:00,2011-11-07 15:44:00,United Kingdom,157,209.92142857142858,240,0.875,2204.18,4,5,4,13,Champions,0
16349,291,1,53.5,2011-02-22 12:40:00,2011-02-22 12:40:00,United Kingdom,9,53.5,291,0.10309278350515465,66.19,1,2,1,4,Lost,1
16350,21,4,1116.47,2011-01-10 09:44:00,2011-11-18 15:53:00,United Kingdom,40,279.1175,334,0.3592814371257485,1203.38,4,4,4,12,Loyal Customers,0
16351,333,1,153.9,2011-01-11 10:26:00,2011-01-11 10:26:00,United Kingdom,8,153.9,333,0.0900900900900901,166.38,1,2,1,4,Lost,1
16352,18,2,494.44,2011-11-02 08:44:00,2011-11-22 10:32:00,United Kingdom,28,247.22,38,1.5789473684210527,4684.17,4,3,3,10,Loyal Customers,0
16353,4,23,6675.71,2010-12-05 12:09:00,2011-12-06 12:23:00,United Kingdom,51,290.24826086956523,370,1.8648648648648647,6495.29,5,5,5,15,Champions,0
16354,63,2,395.8,2011-09-27 16:28:00,2011-10-07 14:28:00,United Kingdom,38,197.9,73,0.8219178082191781,1951.89,3,3,2,8,Potential Loyalists,0
16356,198,3,211.77,2011-03-07 12:31:00,2011-05-26 11:51:00,United Kingdom,20,70.59,278,0.3237410071942446,274.23,1,4,1,6,At Risk,1
16357,33,3,658.88,2011-05-10 10:35:00,2011-11-06 16:04:00,United Kingdom,31,219.62666666666667,214,0.4205607476635514,1108.4,4,4,3,11,Loyal Customers,0
16358,1,4,2027.5,2011-06-08 15:05:00,2011-12-08 15:09:00,United Kingdom,82,506.875,184,0.6521739130434783,3966.85,5,4,4,13,Champions,0
16359,7,9,1750.92,2011-01-12 10:49:00,2011-12-02 17:04:00,United Kingdom,39,194.54666666666668,332,0.8132530120481928,1898.59,5,5,4,14,Champions,0
16360,5,6,3512.53,2011-09-12 13:50:00,2011-12-05 12:16:00,United Kingdom,365,585.4216666666667,88,2.0454545454545454,14369.44,5,5,5,15,Champions,0
16361,10,4,896.66,2011-09-29 13:13:00,2011-11-30 12:32:00,United Kingdom,87,224.165,71,1.6901408450704225,4546.45,5,4,3,12,Loyal Customers,0
16362,32,5,734.77,2011-09-09 14:47:00,2011-11-07 13:01:00,United Kingdom,58,146.954,91,1.6483516483516485,2906.78,4,4,3,11,Loyal Customers,0
16363,53,1,109.36000000000001,2011-10-17 14:14:00,2011-10-17 14:14:00,United Kingdom,5,109.36000000000001,53,0.5660377358490566,742.82,3,2,1,6,At Risk,0
16364,12,2,707.04,2011-07-25 14:35:00,2011-11-28 11:27:00,United Kingdom,48,353.52,137,0.43795620437956206,1857.92,5,3,3,11,Loyal Customers,0
16365,18,9,1540.42,2010-12-07 17:19:00,2011-11-22 11:24:00,United Kingdom,45,171.1577777777778,367,0.7356948228882835,1511.04,4,5,4,13,Champions,0
16366,19,1,327.3,2011-11-21 08:19:00,2011-11-21 08:19:00,United Kingdom,18,327.3,19,1.0,3927.6,4,2,2,8,Potential Loyalists,0
16367,37,2,804.49,2010-12-12 12:01:00,2011-11-02 13:13:00,United Kingdom,123,402.245,363,0.1652892561983471,797.84,3,3,3,9,Potential Loyalists,0
16368,2,2,497.43,2011-11-11 15:08:00,2011-12-07 13:12:00,United Kingdom,58,248.715,28,2.0,5969.16,5,3,3,11,Loyal Customers,0
16369,18,3,1553.66,2011-05-27 09:39:00,2011-11-21 16:25:00,United Kingdom,91,517.8866666666667,197,0.4568527918781726,2839.18,4,4,4,12,Loyal Customers,0
16370,82,4,1320.56,2011-04-28 16:40:00,2011-09-18 15:55:00,United Kingdom,143,330.14,225,0.5333333333333333,2112.9,2,4,4,10,Loyal Customers,0
16372,33,2,367.93,2011-11-06 12:50:00,2011-11-06 13:08:00,United Kingdom,86,183.965,34,1.7647058823529411,3895.73,4,3,2,9,Potential Loyalists,0
16374,66,2,473.03000000000003,2011-03-22 13:46:00,2011-10-04 15:21:00,United Kingdom,101,236.51500000000001,262,0.22900763358778628,649.96,3,3,2,8,Potential Loyalists,0
16376,9,2,987.01,2011-11-22 16:47:00,2011-12-01 11:38:00,United Kingdom,104,493.505,17,2.0,11844.12,5,3,4,12,Loyal Customers,0
16377,267,1,676.2,2011-03-17 15:41:00,2011-03-17 15:41:00,United Kingdom,5,676.2,267,0.11235955056179775,911.73,1,2,3,6,At Risk,1
16378,247,3,362.95,2011-02-02 12:42:00,2011-04-06 15:07:00,United Kingdom,22,120.98333333333333,311,0.28938906752411575,420.14,1,4,2,7,Potential Loyalists,1
16379,4,4,2157.4,2011-09-22 09:33:00,2011-12-05 15:38:00,United Kingdom,87,539.35,79,1.518987341772152,9831.19,5,4,5,14,Champions,0
16380,61,1,1780.59,2011-10-09 15:40:00,2011-10-09 15:40:00,United Kingdom,28,1780.59,61,0.49180327868852464,10508.4,3,2,4,9,Potential Loyalists,0
16383,75,2,668.36,2011-03-16 13:00:00,2011-09-26 12:45:00,United Kingdom,80,334.18,268,0.22388059701492538,897.8,2,3,3,8,Potential Loyalists,0
16384,90,2,584.5,2011-03-21 10:13:00,2011-09-11 11:19:00,United Kingdom,33,292.25,264,0.22727272727272727,797.05,2,3,3,8,Potential Loyalists,0
16385,60,3,555.89,2010-12-08 12:56:00,2011-10-10 13:12:00,United Kingdom,52,185.29666666666665,366,0.24590163934426232,546.78,3,4,3,10,Loyal Customers,0
16386,29,2,317.2,2011-03-31 12:19:00,2011-11-11 12:28:00,United Kingdom,76,158.6,254,0.23622047244094488,449.57,4,3,2,9,Potential Loyalists,0
16387,323,1,94.36,2011-01-21 11:34:00,2011-01-21 11:34:00,United Kingdom,4,94.36,323,0.09287925696594426,105.17,1,2,1,4,Lost,1
16389,53,4,1382.07,2011-03-01 15:47:00,2011-10-17 14:41:00,United Kingdom,33,345.5175,283,0.42402826855123676,1758.11,3,4,4,11,Loyal Customers,0
16392,270,1,221.19,2011-03-15 12:11:00,2011-03-15 12:11:00,United Kingdom,41,221.19,270,0.1111111111111111,294.92,1,2,1,4,Lost,1
16393,2,13,3046.21,2010-12-05 13:10:00,2011-12-07 12:51:00,United Kingdom,120,234.32384615384615,369,1.056910569105691,2971.91,5,5,5,15,Champions,0
16394,57,5,1555.34,2011-02-23 10:58:00,2011-10-14 09:48:00,United Kingdom,61,311.068,290,0.5172413793103449,1930.77,3,4,4,11,Loyal Customers,0
16395,61,5,1486.9,2011-01-13 12:10:00,2011-10-10 12:50:00,United Kingdom,150,297.38,331,0.45317220543806647,1617.17,3,4,4,11,Loyal Customers,0
16398,154,2,1705.8,2011-03-31 09:38:00,2011-07-08 15:16:00,United Kingdom,75,852.9,254,0.23622047244094488,2417.67,2,3,4,9,Potential Loyalists,1
16399,19,2,408.57,2011-04-18 13:46:00,2011-11-20 16:12:00,United Kingdom,68,204.285,235,0.25531914893617025,625.89,4,3,2,9,Potential Loyalists,0
16400,95,1,303.93,2011-09-06 12:27:00,2011-09-06 12:27:00,United Kingdom,28,303.93,95,0.31578947368421056,1151.73,2,2,2,6,At Risk,1
16401,1,12,4098.32,2011-01-16 10:56:00,2011-12-08 18:15:00,United Kingdom,66,341.52666666666664,328,1.0975609756097562,4498.16,5,5,5,15,Champions,0
16402,265,2,299.6,2010-12-05 13:42:00,2011-03-20 12:25:00,United Kingdom,55,149.8,369,0.16260162601626016,292.29,1,3,2,6,At Risk,1
16403,312,1,177.5,2011-01-31 13:39:00,2011-01-31 13:39:00,United Kingdom,10,177.5,312,0.09615384615384615,204.81,1,2,1,4,Lost,1
16404,70,1,443.05,2011-09-30 14:55:00,2011-09-30 14:55:00,United Kingdom,23,443.05,70,0.42857142857142855,2278.54,3,2,2,7,Potential Loyalists,0
16405,302,2,167.25,2011-02-02 17:08:00,2011-02-10 15:24:00,United Kingdom,3,83.625,310,0.1935483870967742,194.23,1,3,1,5,At Risk,1
16406,19,1,163.07,2011-11-21 11:57:00,2011-11-21 11:57:00,United Kingdom,54,163.07,19,1.0,1956.84,4,2,1,7,Potential Loyalists,0
16407,13,10,2126.93,2011-01-31 14:02:00,2011-11-27 11:05:00,United Kingdom,99,212.69299999999998,312,0.9615384615384615,2454.15,5,5,5,15,Champions,0
16409,36,5,2028.88,2011-01-26 14:51:00,2011-11-03 16:45:00,United Kingdom,145,405.776,317,0.47318611987381703,2304.09,3,4,4,11,Loyal Customers,0
16411,19,2,214.65,2010-12-05 13:26:00,2011-11-20 13:23:00,United Kingdom,41,107.325,369,0.16260162601626016,209.41,4,3,1,8,Potential Loyalists,0
16412,54,1,151.83,2011-10-17 12:35:00,2011-10-17 12:35:00,United Kingdom,25,151.83,54,0.5555555555555556,1012.2,3,2,1,6,At Risk,0
16413,57,1,262.2,2011-10-14 12:08:00,2011-10-14 12:08:00,United Kingdom,30,262.2,57,0.5263157894736842,1656.0,3,2,2,7,Potential Loyalists,0
16414,22,2,126.25,2011-03-04 13:27:00,2011-11-18 09:42:00,United Kingdom,5,63.125,280,0.21428571428571427,162.32,4,3,1,8,Potential Loyalists,0
16415,44,1,210.35,2011-10-26 13:35:00,2011-10-26 13:35:00,United Kingdom,45,210.35,44,0.6818181818181819,1721.05,3,2,1,6,At Risk,0
16416,27,3,1051.4,2011-10-14 13:35:00,2011-11-13 12:50:00,United Kingdom,59,350.4666666666667,56,1.6071428571428572,6759.0,4,4,4,12,Loyal Customers,0
16418,45,3,675.27,2011-04-27 16:54:00,2011-10-26 12:39:00,United Kingdom,76,225.09,226,0.39823008849557523,1075.65,3,4,3,10,Loyal Customers,0
16419,113,6,972.23,2011-02-01 12:25:00,2011-08-19 12:33:00,United Kingdom,36,162.03833333333333,312,0.5769230769230769,1121.8,2,5,4,11,Loyal Customers,1
16422,17,51,34684.4,2010-12-05 15:35:00,2011-11-22 14:00:00,United Kingdom,68,680.086274509804,369,4.146341463414634,33838.44,4,5,5,14,Champions,0
16423,25,1,346.12,2011-11-15 09:21:00,2011-11-15 09:21:00,United Kingdom,18,346.12,25,1.0,4153.44,4,2,2,8,Potential Loyalists,0
16424,191,1,133.56,2011-06-01 13:40:00,2011-06-01 13:40:00,United Kingdom,5,133.56,191,0.15706806282722513,251.74,1,2,1,4,Lost,1
16425,302,1,302.7,2011-02-10 14:30:00,2011-02-10 14:30:00,United Kingdom,21,302.7,302,0.09933774834437087,360.83,1,2,2,5,At Risk,1
16426,2,10,1908.25,2011-03-08 15:45:00,2011-12-07 14:01:00,United Kingdom,211,190.825,276,1.0869565217391306,2489.02,5,5,4,14,Champions,0
16427,263,2,241.06,2011-02-28 15:18:00,2011-03-21 17:10:00,United Kingdom,8,120.53,284,0.2112676056338028,305.57,1,3,1,5,At Risk,1
16429,106,1,284.55,2011-08-25 13:54:00,2011-08-25 13:54:00,United Kingdom,2,284.55,106,0.2830188679245283,966.4,2,2,2,6,At Risk,1
16430,57,1,300.85,2011-10-13 14:47:00,2011-10-13 14:47:00,United Kingdom,6,300.85,57,0.5263157894736842,1900.11,3,2,2,7,Potential Loyalists,0
16431,213,3,642.81,2011-02-15 14:02:00,2011-05-10 14:09:00,United Kingdom,51,214.26999999999998,297,0.30303030303030304,779.16,1,4,3,8,Potential Loyalists,1
16432,64,1,287.4,2011-10-06 13:59:00,2011-10-06 13:59:00,United Kingdom,8,287.4,64,0.46875,1616.62,3,2,2,7,Potential Loyalists,0
16433,28,1,184.26,2011-11-11 14:09:00,2011-11-11 14:09:00,United Kingdom,17,184.26,28,1.0,2211.12,4,2,1,7,Potential Loyalists,0
16434,29,7,1522.25,2011-02-13 12:17:00,2011-11-10 14:28:00,United Kingdom,88,217.46428571428572,300,0.7,1826.7,4,5,4,13,Champions,0
16438,6,5,798.35,2011-09-18 13:31:00,2011-12-04 10:51:00,United Kingdom,74,159.67000000000002,82,1.829268292682927,3504.95,5,4,3,12,Loyal Customers,0
16440,8,5,3640.67,2011-05-09 12:25:00,2011-12-02 12:02:00,United Kingdom,186,728.134,215,0.6976744186046512,6096.01,5,4,5,14,Champions,0
16441,67,2,381.2,2011-02-21 17:35:00,2011-10-03 17:48:00,United Kingdom,22,190.6,291,0.2061855670103093,471.59,3,3,2,8,Potential Loyalists,0
16442,2,3,616.79,2010-12-14 10:46:00,2011-12-08 11:43:00,United Kingdom,161,205.59666666666666,361,0.24930747922437674,615.08,5,4,3,12,Loyal Customers,0
16444,46,4,654.67,2011-03-20 12:14:00,2011-10-24 13:50:00,United Kingdom,68,163.6675,265,0.45283018867924524,889.36,3,4,3,10,Loyal Customers,0
16445,34,1,230.51,2011-11-06 12:32:00,2011-11-06 12:32:00,United Kingdom,62,230.51,34,0.8823529411764706,2440.69,3,2,1,6,At Risk,0
16446,1,2,168472.5,2011-05-18 09:52:00,2011-12-09 09:15:00,United Kingdom,3,84236.25,206,0.29126213592233013,294417.96,5,3,5,13,Champions,0
16447,136,1,259.01,2011-07-27 12:45:00,2011-07-27 12:45:00,United Kingdom,34,259.01,136,0.22058823529411764,685.61,2,2,2,6,At Risk,1
16448,198,1,188.89000000000001,2011-05-25 16:28:00,2011-05-25 16:28:00,United Kingdom,19,188.89000000000001,198,0.15151515151515152,343.44,1,2,1,4,Lost,1
16449,198,2,707.69,2011-03-04 12:15:00,2011-05-26 10:25:00,United Kingdom,40,353.845,281,0.21352313167259784,906.65,1,3,3,7,Potential Loyalists,1
16450,150,1,311.92,2011-07-13 11:47:00,2011-07-13 11:47:00,United Kingdom,11,311.92,150,0.2,748.61,2,2,2,6,At Risk,1
16451,88,1,266.97,2011-09-13 09:17:00,2011-09-13 09:17:00,United Kingdom,14,266.97,88,0.34090909090909094,1092.15,2,2,2,6,At Risk,0
16454,45,2,6.9,2011-10-06 16:57:00,2011-10-26 11:40:00,United Kingdom,2,3.45,64,0.9375,38.81,3,3,1,7,Potential Loyalists,0
16455,64,7,1841.18,2010-12-03 16:44:00,2011-10-07 12:17:00,United Kingdom,69,263.0257142857143,371,0.5660377358490566,1786.59,3,5,4,12,Loyal Customers,0
16456,99,5,2158.37,2010-12-01 14:11:00,2011-09-01 13:50:00,United Kingdom,80,431.674,373,0.40214477211796246,2083.15,2,4,5,11,Loyal Customers,1
16457,218,1,208.36,2011-05-05 13:19:00,2011-05-05 13:19:00,United Kingdom,9,208.36,218,0.13761467889908258,344.08,1,2,1,4,Lost,1
16458,3,18,3482.7400000000002,2010-12-14 11:51:00,2011-12-07 09:34:00,United Kingdom,52,193.48555555555558,361,1.4958448753462603,3473.09,5,5,5,15,Champions,0
16460,28,3,814.72,2011-09-19 10:15:00,2011-11-11 13:46:00,United Kingdom,128,271.5733333333333,82,1.0975609756097562,3576.82,4,4,3,11,Loyal Customers,0
16461,178,1,151.42,2011-06-15 12:07:00,2011-06-15 12:07:00,United Kingdom,31,151.42,178,0.16853932584269662,306.24,2,2,1,5,At Risk,1
16462,74,3,136.0,2011-03-01 08:58:00,2011-09-27 10:24:00,United Kingdom,1,45.333333333333336,284,0.31690140845070425,172.39,2,4,1,7,Potential Loyalists,0
16463,21,4,1422.4,2011-05-19 14:45:00,2011-11-18 14:01:00,United Kingdom,74,355.6,204,0.5882352941176471,2510.12,4,4,4,12,Loyal Customers,0
16464,20,3,1314.68,2011-07-20 13:53:00,2011-11-20 12:11:00,United Kingdom,152,438.2266666666667,142,0.6338028169014085,3332.99,4,4,4,12,Loyal Customers,0
16466,34,7,1603.46,2011-02-20 11:39:00,2011-11-06 11:35:00,United Kingdom,103,229.06571428571428,293,0.7167235494880545,1970.12,3,5,4,12,Loyal Customers,0
16468,74,1,74.9,2011-09-26 14:13:00,2011-09-26 14:13:00,United Kingdom,2,74.9,74,0.4054054054054054,364.38,2,2,1,5,At Risk,0
16469,24,4,650.43,2011-04-07 13:11:00,2011-11-16 12:25:00,United Kingdom,148,162.6075,246,0.48780487804878053,951.85,4,4,3,11,Loyal Customers,0
16470,52,4,762.39,2010-12-16 11:53:00,2011-10-19 12:11:00,United Kingdom,120,190.5975,359,0.3342618384401114,764.51,3,4,3,10,Loyal Customers,0
16471,275,1,223.95000000000002,2011-03-10 09:41:00,2011-03-10 09:41:00,United Kingdom,13,223.95000000000002,275,0.1090909090909091,293.17,1,2,1,4,Lost,1
16473,165,3,316.11,2011-01-07 10:55:00,2011-06-28 09:10:00,United Kingdom,18,105.37,337,0.26706231454005935,337.68,2,4,2,8,Potential Loyalists,1
16474,7,7,1871.5,2011-07-17 14:51:00,2011-12-02 13:02:00,United Kingdom,237,267.35714285714283,145,1.4482758620689655,4646.48,5,5,4,14,Champions,0
16475,88,4,544.3,2011-03-11 09:39:00,2011-09-12 14:37:00,United Kingdom,23,136.075,274,0.43795620437956206,715.14,2,4,3,9,Potential Loyalists,0
16477,64,7,2494.46,2010-12-03 12:48:00,2011-10-07 09:44:00,United Kingdom,111,356.3514285714286,372,0.564516129032258,2413.99,3,5,5,13,Champions,0
16478,25,3,331.0,2011-10-05 12:02:00,2011-11-14 15:51:00,United Kingdom,15,110.33333333333333,66,1.3636363636363635,1805.45,4,4,2,10,Loyal Customers,0
16479,10,2,300.83,2011-11-29 13:04:00,2011-11-29 13:40:00,United Kingdom,35,150.415,10,2.0,3609.96,5,3,2,10,Loyal Customers,0
16480,76,1,769.29,2011-09-25 11:40:00,2011-09-25 11:40:00,United Kingdom,51,769.29,76,0.39473684210526316,3644.01,2,2,3,7,Potential Loyalists,0
16482,16,1,220.62,2011-11-24 12:33:00,2011-11-24 12:33:00,United Kingdom,18,220.62,16,1.0,2647.44,4,2,1,7,Potential Loyalists,0
16483,192,1,139.35,2011-05-31 13:08:00,2011-05-31 13:08:00,United Kingdom,19,139.35,192,0.15625,261.28,1,2,1,4,Lost,1
16484,174,2,404.3,2011-06-02 10:39:00,2011-06-19 12:06:00,United Kingdom,25,202.15,191,0.31413612565445026,762.03,2,3,2,7,Potential Loyalists,1
16485,77,1,363.65,2011-09-23 15:50:00,2011-09-23 15:50:00,United Kingdom,41,363.65,77,0.3896103896103896,1700.18,2,2,2,6,At Risk,0
16488,33,3,498.8,2011-07-14 11:46:00,2011-11-06 13:42:00,United Kingdom,28,166.26666666666668,149,0.6040268456375839,1205.15,4,4,3,11,Loyal Customers,0
16491,47,1,731.5,2011-10-24 10:18:00,2011-10-24 10:18:00,United Kingdom,39,731.5,47,0.6382978723404256,5602.98,3,2,3,8,Potential Loyalists,0
16493,80,4,1351.63,2011-01-14 08:16:00,2011-09-21 11:10:00,United Kingdom,40,337.9075,330,0.36363636363636365,1474.51,2,4,4,10,Loyal Customers,0
16494,297,1,826.53,2011-02-16 12:49:00,2011-02-16 12:49:00,United Kingdom,47,826.53,297,0.10101010101010101,1001.85,1,2,3,6,At Risk,1
16495,3,3,684.41,2011-03-08 16:38:00,2011-12-06 13:20:00,United Kingdom,78,228.13666666666666,276,0.32608695652173914,892.71,5,4,3,12,Loyal Customers,0
16496,9,3,1599.52,2011-01-27 09:42:00,2011-12-01 10:31:00,United Kingdom,92,533.1733333333333,317,0.28391167192429023,1816.49,5,4,4,13,Champions,0
16497,50,6,2965.69,2011-01-10 13:20:00,2011-10-21 10:55:00,United Kingdom,128,494.2816666666667,333,0.5405405405405406,3206.15,3,5,5,13,Champions,0
16498,161,2,100.97,2011-06-30 19:52:00,2011-07-01 15:07:00,United Kingdom,15,50.485,162,0.37037037037037035,224.38,2,3,1,6,At Risk,1
16499,360,2,365.45,2010-12-10 10:27:00,2010-12-14 13:31:00,United Kingdom,18,182.725,365,0.16438356164383564,360.44,1,3,2,6,At Risk,1
16500,5,6,400.86,2011-01-13 10:28:00,2011-12-05 12:04:00,United Kingdom,8,66.81,331,0.5438066465256798,435.98,5,5,2,12,Loyal Customers,0
16503,107,4,1431.93,2010-12-14 13:50:00,2011-08-25 11:46:00,United Kingdom,71,357.9825,360,0.3333333333333333,1431.93,2,4,4,10,Loyal Customers,1
16504,25,1,484.38,2011-11-14 15:18:00,2011-11-14 15:18:00,United Kingdom,76,484.38,25,1.0,5812.56,4,2,2,8,Potential Loyalists,0
16505,32,1,777.6,2011-11-08 12:14:00,2011-11-08 12:14:00,United Kingdom,4,777.6,32,0.9375,8748.0,4,2,3,9,Potential Loyalists,0
16506,20,2,90.30000000000001,2011-10-30 15:50:00,2011-11-20 12:17:00,United Kingdom,3,45.150000000000006,40,1.5,812.7,4,3,1,8,Potential Loyalists,0
16509,297,1,363.7,2011-02-16 09:25:00,2011-02-16 09:25:00,United Kingdom,13,363.7,297,0.10101010101010101,440.85,1,2,2,5,At Risk,1
16510,372,1,248.1,2010-12-02 13:39:00,2010-12-02 13:39:00,United Kingdom,13,248.1,372,0.08064516129032258,240.1,1,2,1,4,Lost,1
16511,22,3,950.26,2011-03-18 11:24:00,2011-11-18 10:41:00,United Kingdom,135,316.75333333333333,267,0.33707865168539325,1281.25,4,4,4,12,Loyal Customers,0
16513,5,4,874.59,2011-10-27 14:56:00,2011-12-05 10:18:00,United Kingdom,33,218.6475,43,2.7906976744186047,7322.15,5,4,3,12,Loyal Customers,0
16515,52,5,1627.13,2011-02-01 13:09:00,2011-10-18 13:10:00,United Kingdom,89,325.42600000000004,311,0.4823151125401929,1883.49,3,4,4,11,Loyal Customers,0
16516,30,1,101.69999999999999,2011-11-09 14:59:00,2011-11-09 14:59:00,United Kingdom,6,101.69999999999999,30,1.0,1220.4,4,2,1,7,Potential Loyalists,0
16517,277,1,162.7,2011-03-07 13:50:00,2011-03-07 13:50:00,United Kingdom,17,162.7,277,0.10830324909747294,211.45,1,2,1,4,Lost,1
16518,61,2,484.32,2011-02-28 16:36:00,2011-10-09 15:04:00,United Kingdom,36,242.16,284,0.2112676056338028,613.93,3,3,2,8,Potential Loyalists,0
16519,25,2,215.07999999999998,2010-12-09 14:08:00,2011-11-14 15:41:00,United Kingdom,13,107.53999999999999,365,0.16438356164383564,212.13,4,3,1,8,Potential Loyalists,0
16520,186,3,1046.57,2010-12-09 13:08:00,2011-06-06 13:24:00,United Kingdom,129,348.8566666666666,365,0.24657534246575344,1032.23,1,4,4,9,Potential Loyalists,1
16523,2,21,9418.470000000001,2011-01-28 12:06:00,2011-12-08 09:06:00,United Kingdom,151,448.4985714285715,316,1.9936708860759493,10729.9,5,5,5,15,Champions,0
16525,2,26,13027.45,2010-12-08 11:31:00,2011-12-07 15:07:00,United Kingdom,75,501.0557692307693,367,2.125340599455041,12778.97,5,5,5,15,Champions,0
16526,172,1,290.36,2011-06-21 12:02:00,2011-06-21 12:02:00,United Kingdom,15,290.36,172,0.1744186046511628,607.73,2,2,2,6,At Risk,1
16527,81,1,228.06,2011-09-19 16:21:00,2011-09-19 16:21:00,United Kingdom,14,228.06,81,0.37037037037037035,1013.6,2,2,1,5,At Risk,0
16528,4,1,244.41,2011-12-06 12:45:00,2011-12-06 12:45:00,United Kingdom,17,244.41,4,1.0,2932.92,5,2,1,8,Potential Loyalists,0
16529,190,1,455.25,2011-06-02 17:23:00,2011-06-02 17:23:00,United Kingdom,30,455.25,190,0.15789473684210528,862.58,1,2,2,5,At Risk,1
16531,22,7,1244.59,2010-12-14 13:19:00,2011-11-17 16:29:00,United Kingdom,68,177.79857142857142,360,0.5833333333333334,1244.59,4,5,4,13,Champions,0
16532,18,3,6748.8,2011-01-05 12:37:00,2011-11-22 11:08:00,United Kingdom,2,2249.6,339,0.2654867256637168,7166.87,4,4,5,13,Champions,0
16533,19,3,1095.56,2011-10-02 15:07:00,2011-11-20 13:08:00,United Kingdom,112,365.18666666666667,68,1.3235294117647058,5800.02,4,4,4,12,Loyal Customers,0
16535,5,1,593.75,2011-12-04 15:18:00,2011-12-04 15:18:00,United Kingdom,31,593.75,5,1.0,7125.0,5,2,3,10,Loyal Customers,0
16536,110,1,548.97,2011-08-21 15:54:00,2011-08-21 15:54:00,United Kingdom,49,548.97,110,0.27272727272727276,1796.63,2,2,3,7,Potential Loyalists,1
16539,3,4,1388.81,2010-12-01 15:40:00,2011-12-07 08:41:00,United Kingdom,36,347.2025,373,0.32171581769436997,1340.41,5,4,4,13,Champions,0
16542,54,1,119.62,2011-10-17 10:47:00,2011-10-17 10:47:00,United Kingdom,5,119.62,54,0.5555555555555556,797.47,3,2,1,6,At Risk,0
16545,165,1,339.3,2011-06-28 10:37:00,2011-06-28 10:37:00,United Kingdom,3,339.3,165,0.18181818181818182,740.29,2,2,2,6,At Risk,1
16546,291,2,787.15,2010-12-02 12:07:00,2011-02-22 11:20:00,United Kingdom,25,393.575,373,0.16085790884718498,759.72,1,3,3,7,Potential Loyalists,1
16549,10,10,4154.64,2011-01-09 14:03:00,2011-11-29 15:06:00,United Kingdom,445,415.46400000000006,334,0.8982035928143713,4478.06,5,5,5,15,Champions,0
16550,109,5,2298.97,2010-12-06 13:53:00,2011-08-23 11:12:00,United Kingdom,162,459.794,368,0.4076086956521739,2248.99,2,4,5,11,Loyal Customers,1
16551,96,3,922.12,2011-01-07 10:24:00,2011-09-05 09:38:00,United Kingdom,26,307.37333333333333,337,0.26706231454005935,985.05,2,4,3,9,Potential Loyalists,1
16552,243,2,379.73,2010-12-01 12:36:00,2011-04-11 10:04:00,United Kingdom,17,189.865,374,0.16042780748663102,365.52,1,3,2,6,At Risk,1
16553,163,12,5719.82,2010-12-14 13:58:00,2011-06-29 15:42:00,United Kingdom,62,476.65166666666664,360,1.0,5719.82,2,5,5,12,Loyal Customers,1
16554,42,3,837.1,2011-01-12 12:41:00,2011-10-28 14:51:00,United Kingdom,51,279.03333333333336,332,0.2710843373493976,907.7,3,4,3,10,Loyal Customers,0
16555,35,2,285.89,2011-08-22 12:32:00,2011-11-04 14:31:00,United Kingdom,15,142.945,110,0.5454545454545455,935.64,3,3,2,8,Potential Loyalists,0
16556,67,7,3313.79,2010-12-14 13:32:00,2011-10-04 11:36:00,United Kingdom,144,473.3985714285714,360,0.5833333333333334,3313.79,3,5,5,13,Champions,0
16557,24,2,281.85,2011-07-25 13:28:00,2011-11-15 14:04:00,United Kingdom,11,140.925,137,0.43795620437956206,740.63,4,3,2,9,Potential Loyalists,0
16558,1,20,8338.49,2010-12-08 12:01:00,2011-12-09 10:20:00,United Kingdom,264,416.92449999999997,367,1.6348773841961854,8179.45,5,5,5,15,Champions,0
16560,27,2,841.41,2010-12-16 14:36:00,2011-11-13 10:35:00,United Kingdom,52,420.705,358,0.16759776536312848,846.11,4,3,3,10,Loyal Customers,0
16561,6,2,511.12,2011-10-11 09:53:00,2011-12-04 11:50:00,United Kingdom,29,255.56,60,1.0,3066.72,5,3,3,11,Loyal Customers,0
16563,54,1,1077.74,2011-10-17 11:51:00,2011-10-17 11:51:00,United Kingdom,19,1077.74,54,0.5555555555555556,7184.93,3,2,4,9,Potential Loyalists,0
16565,364,1,173.7,2010-12-10 15:21:00,2010-12-10 15:21:00,United Kingdom,3,173.7,364,0.08241758241758242,171.79,1,2,1,4,Lost,1
16566,15,5,614.66,2011-02-20 10:29:00,2011-11-24 16:34:00,United Kingdom,14,122.93199999999999,293,0.5119453924914675,755.21,4,4,3,11,Loyal Customers,0
16567,194,2,865.6,2011-01-07 09:31:00,2011-05-29 13:57:00,United Kingdom,34,432.8,337,0.17804154302670624,924.68,1,3,3,7,Potential Loyalists,1
16569,3,1,124.2,2011-12-06 15:32:00,2011-12-06 15:32:00,United Kingdom,5,124.2,3,1.0,1490.4,5,2,1,8,Potential Loyalists,0
16570,15,10,3738.4,2011-02-01 10:37:00,2011-11-24 17:02:00,United Kingdom,68,373.84000000000003,312,0.9615384615384615,4313.54,4,5,5,14,Champions,0
16571,27,3,1421.69,2011-03-03 09:41:00,2011-11-13 11:46:00,United Kingdom,73,473.8966666666667,282,0.3191489361702127,1814.92,4,4,4,12,Loyal Customers,0
16572,127,3,1009.6,2011-03-09 12:04:00,2011-08-04 16:34:00,United Kingdom,40,336.53333333333336,276,0.32608695652173914,1316.87,2,4,4,10,Loyal Customers,1
16573,85,2,663.61,2011-02-22 15:14:00,2011-09-16 09:13:00,United Kingdom,40,331.805,290,0.20689655172413796,823.79,2,3,3,8,Potential Loyalists,0
16574,71,1,451.44,2011-09-29 13:39:00,2011-09-29 13:39:00,United Kingdom,28,451.44,71,0.4225352112676056,2288.99,3,2,2,7,Potential Loyalists,0
16581,183,1,105.84,2011-06-10 10:05:00,2011-06-10 10:05:00,United Kingdom,9,105.84,183,0.1639344262295082,208.21,1,2,1,4,Lost,1
16582,113,1,313.62,2011-08-18 17:02:00,2011-08-18 17:02:00,United Kingdom,6,313.62,113,0.26548672566371684,999.14,2,2,2,6,At Risk,1
16583,374,1,233.45,2010-12-01 12:03:00,2010-12-01 12:03:00,United Kingdom,14,233.45,374,0.08021390374331551,224.71,1,2,1,4,Lost,1
16584,80,2,936.08,2011-03-30 13:14:00,2011-09-20 13:45:00,United Kingdom,25,468.04,254,0.23622047244094488,1326.73,2,3,3,8,Potential Loyalists,0
16586,249,1,463.95,2011-04-05 09:32:00,2011-04-05 09:32:00,United Kingdom,8,463.95,249,0.12048192771084336,670.77,1,2,2,5,At Risk,1
16587,232,1,225.15,2011-04-21 15:51:00,2011-04-21 15:51:00,United Kingdom,13,225.15,232,0.12931034482758622,349.37,1,2,1,4,Lost,1
16589,71,3,459.24,2011-07-01 13:31:00,2011-09-29 14:50:00,United Kingdom,31,153.08,161,0.5590062111801243,1026.87,3,4,2,9,Potential Loyalists,0
16591,69,1,213.5,2011-10-02 10:43:00,2011-10-02 10:43:00,United Kingdom,10,213.5,69,0.4347826086956522,1113.91,3,2,1,6,At Risk,0
16592,4,16,4113.68,2011-02-25 10:19:00,2011-12-05 13:49:00,United Kingdom,142,257.105,288,1.6666666666666667,5142.1,5,5,5,15,Champions,0
16593,51,3,330.03,2011-01-16 12:11:00,2011-10-20 12:41:00,United Kingdom,24,110.00999999999999,328,0.27439024390243905,362.23,3,4,2,9,Potential Loyalists,0
16594,75,1,181.09,2011-09-25 14:08:00,2011-09-25 14:08:00,United Kingdom,53,181.09,75,0.4,869.23,2,2,1,5,At Risk,0
16595,61,1,360.16,2011-10-09 13:15:00,2011-10-09 13:15:00,United Kingdom,83,360.16,61,0.49180327868852464,2125.53,3,2,2,7,Potential Loyalists,0
16596,16,2,250.15,2010-12-08 16:18:00,2011-11-24 10:02:00,United Kingdom,12,125.075,366,0.1639344262295082,246.05,4,3,1,8,Potential Loyalists,0
16597,4,1,90.04,2011-12-05 15:44:00,2011-12-05 15:44:00,United Kingdom,7,90.04,4,1.0,1080.48,5,2,1,8,Potential Loyalists,0
16598,286,1,145.04999999999998,2011-02-27 11:42:00,2011-02-27 11:42:00,United Kingdom,10,145.04999999999998,286,0.1048951048951049,182.58,1,2,1,4,Lost,1
16600,4,6,813.52,2011-01-05 12:13:00,2011-12-05 16:00:00,United Kingdom,50,135.58666666666667,339,0.5309734513274336,863.92,5,5,3,13,Champions,0
16601,41,1,244.79999999999998,2011-10-30 11:09:00,2011-10-30 11:09:00,United Kingdom,29,244.79999999999998,41,0.7317073170731707,2149.46,3,2,1,6,At Risk,0
16602,36,1,528.08,2011-11-03 15:54:00,2011-11-03 15:54:00,United Kingdom,29,528.08,36,0.8333333333333334,5280.8,3,2,3,8,Potential Loyalists,0
16603,75,2,482.47,2011-09-09 13:02:00,2011-09-26 10:06:00,United Kingdom,34,241.235,91,0.6593406593406593,1908.67,2,3,2,7,Potential Loyalists,0
16607,18,14,3347.71,2010-12-16 08:41:00,2011-11-22 10:24:00,United Kingdom,140,239.12214285714285,359,1.16991643454039,3357.04,4,5,5,14,Champions,0
16609,15,7,5493.46,2011-04-01 10:11:00,2011-11-24 13:32:00,United Kingdom,155,784.78,253,0.8300395256916996,7816.78,4,5,5,14,Champions,0
16610,219,1,75.66,2011-05-04 13:13:00,2011-05-04 13:13:00,United Kingdom,6,75.66,219,0.136986301369863,124.37,1,2,1,4,Lost,1
16611,186,1,129.49,2011-06-06 15:46:00,2011-06-06 15:46:00,United Kingdom,9,129.49,186,0.16129032258064516,250.63,1,2,1,4,Lost,1
16612,33,4,1187.66,2011-02-01 10:38:00,2011-11-07 07:38:00,United Kingdom,48,296.915,312,0.3846153846153846,1370.38,4,4,4,12,Loyal Customers,0
16613,70,1,618.59,2011-09-30 15:52:00,2011-09-30 15:52:00,United Kingdom,30,618.59,70,0.42857142857142855,3181.32,3,2,3,8,Potential Loyalists,0
16614,183,1,506.19,2011-06-10 11:36:00,2011-06-10 11:36:00,United Kingdom,26,506.19,183,0.1639344262295082,995.78,1,2,3,6,At Risk,1
16616,15,2,500.42,2011-07-05 13:38:00,2011-11-24 16:31:00,United Kingdom,31,250.21,157,0.38216560509554137,1147.46,4,3,3,10,Loyal Customers,0
16617,236,1,151.85,2011-04-18 10:35:00,2011-04-18 10:35:00,United Kingdom,5,151.85,236,0.1271186440677966,231.64,1,2,1,4,Lost,1
16618,31,5,2647.59,2011-01-21 11:55:00,2011-11-08 13:52:00,United Kingdom,79,529.518,323,0.46439628482972134,2950.87,4,4,5,13,Champions,0
16619,264,1,226.21,2011-03-21 08:18:00,2011-03-21 08:18:00,United Kingdom,14,226.21,264,0.11363636363636363,308.47,1,2,1,4,Lost,1
16620,4,2,178.96,2011-03-24 10:37:00,2011-12-06 12:19:00,United Kingdom,9,89.48,261,0.2298850574712644,246.84,5,3,1,9,Potential Loyalists,0
16621,52,4,813.48,2011-03-07 11:32:00,2011-10-19 11:38:00,United Kingdom,22,203.37,278,0.4316546762589928,1053.43,3,4,3,10,Loyal Customers,0
16623,246,1,129.45,2011-04-08 10:09:00,2011-04-08 10:09:00,United Kingdom,5,129.45,246,0.12195121951219513,189.44,1,2,1,4,Lost,1
16624,81,2,810.5699999999999,2011-05-26 14:20:00,2011-09-20 12:39:00,United Kingdom,44,405.28499999999997,197,0.30456852791878175,1481.24,2,3,3,8,Potential Loyalists,0
16625,275,1,333.08,2011-03-10 12:50:00,2011-03-10 12:50:00,United Kingdom,23,333.08,275,0.1090909090909091,436.03,1,2,2,5,At Risk,1
16626,1,17,4413.1,2011-03-18 12:27:00,2011-12-09 11:56:00,United Kingdom,86,259.59411764705885,267,1.9101123595505618,5950.25,5,5,5,15,Champions,0
16627,79,1,322.8,2011-09-21 14:38:00,2011-09-21 14:38:00,United Kingdom,20,322.8,79,0.379746835443038,1470.99,2,2,2,6,At Risk,0
16628,30,5,2188.05,2011-04-19 08:55:00,2011-11-10 12:45:00,United Kingdom,79,437.61,235,0.6382978723404256,3351.91,4,4,5,13,Champions,0
16629,74,2,417.73,2011-09-04 16:12:00,2011-09-27 10:34:00,United Kingdom,58,208.865,96,0.625,1566.49,2,3,2,7,Potential Loyalists,0
16633,17,6,2883.1,2011-04-19 14:36:00,2011-11-22 13:41:00,United Kingdom,115,480.51666666666665,234,0.7692307692307693,4435.54,4,5,5,14,Champions,0
16634,223,2,217.9,2010-12-02 17:41:00,2011-05-01 12:09:00,United Kingdom,9,108.95,372,0.16129032258064516,210.87,1,3,1,5,At Risk,1
16637,32,4,1154.47,2011-04-28 10:20:00,2011-11-07 13:17:00,United Kingdom,66,288.6175,226,0.5309734513274337,1838.98,4,4,4,12,Loyal Customers,0
16638,23,10,1680.72,2010-12-06 10:19:00,2011-11-17 11:09:00,United Kingdom,92,168.072,369,0.8130081300813008,1639.73,4,5,4,13,Champions,0
16639,31,3,1257.51,2011-04-18 09:31:00,2011-11-08 13:20:00,United Kingdom,48,419.17,236,0.38135593220338987,1918.24,4,4,4,12,Loyal Customers,0
16641,106,1,231.10000000000002,2011-08-26 12:49:00,2011-08-26 12:49:00,United Kingdom,12,231.10000000000002,106,0.2830188679245283,784.87,2,2,1,5,At Risk,1
16642,5,2,688.33,2011-05-16 12:35:00,2011-12-05 11:31:00,United Kingdom,32,344.165,208,0.28846153846153844,1191.34,5,3,3,11,Loyal Customers,0
16643,246,1,487.51,2011-04-08 08:24:00,2011-04-08 08:24:00,United Kingdom,27,487.51,246,0.12195121951219513,713.43,1,2,2,5,At Risk,1
16644,178,2,833.78,2011-05-11 12:53:00,2011-06-15 12:39:00,United Kingdom,62,416.89,212,0.2830188679245283,1415.85,2,3,3,8,Potential Loyalists,1
16647,170,2,214.06,2011-05-19 09:31:00,2011-06-23 11:47:00,United Kingdom,12,107.03,205,0.29268292682926833,375.91,2,3,1,6,At Risk,1
16648,43,1,290.65999999999997,2011-10-28 08:58:00,2011-10-28 08:58:00,United Kingdom,19,290.65999999999997,43,0.6976744186046512,2433.43,3,2,2,7,Potential Loyalists,0
16650,72,1,518.42,2011-09-29 09:51:00,2011-09-29 09:51:00,United Kingdom,24,518.42,72,0.4166666666666667,2592.1,3,2,3,8,Potential Loyalists,0
16652,59,7,6773.97,2011-03-11 13:13:00,2011-10-12 09:38:00,United Kingdom,74,967.71,273,0.7692307692307693,8932.71,3,5,5,13,Champions,0
16653,16,2,1212.66,2011-09-29 13:38:00,2011-11-23 14:51:00,United Kingdom,67,606.33,71,0.8450704225352113,6148.7,4,3,4,11,Loyal Customers,0
16654,141,4,601.27,2010-12-06 15:09:00,2011-07-21 15:23:00,United Kingdom,29,150.3175,368,0.32608695652173914,588.2,2,4,3,9,Potential Loyalists,1
16655,18,6,3794.52,2011-01-12 10:16:00,2011-11-22 11:25:00,United Kingdom,208,632.42,332,0.5421686746987951,4114.54,4,5,5,14,Champions,0
16656,22,15,8625.8,2010-12-10 11:23:00,2011-11-17 14:43:00,United Kingdom,14,575.0533333333333,365,1.2328767123287672,8507.64,4,5,5,14,Champions,0
16657,10,4,933.62,2011-03-30 12:02:00,2011-11-30 11:48:00,United Kingdom,158,233.405,255,0.47058823529411764,1318.05,5,4,3,12,Loyal Customers,0
16658,368,1,123.24,2010-12-06 13:47:00,2010-12-06 13:47:00,United Kingdom,8,123.24,368,0.08152173913043478,120.56,1,2,1,4,Lost,1
16659,189,1,39.12,2011-06-03 15:03:00,2011-06-03 15:03:00,United Kingdom,2,39.12,189,0.15873015873015872,74.51,1,2,1,4,Lost,1
16660,16,4,1267.6499999999999,2011-01-24 12:44:00,2011-11-23 14:53:00,United Kingdom,16,316.91249999999997,320,0.375,1426.11,4,4,4,12,Loyal Customers,0
16665,362,1,135.39999999999998,2010-12-12 14:03:00,2010-12-12 14:03:00,United Kingdom,9,135.39999999999998,362,0.08287292817679558,134.65,1,2,1,4,Lost,1
16666,19,1,118.98,2011-11-20 14:01:00,2011-11-20 14:01:00,United Kingdom,32,118.98,19,1.0,1427.76,4,2,1,7,Potential Loyalists,0
16667,68,2,570.13,2011-02-28 12:57:00,2011-10-02 15:26:00,United Kingdom,52,285.065,284,0.2112676056338028,722.7,3,3,3,9,Potential Loyalists,0
16668,15,6,306.71999999999997,2011-02-28 12:46:00,2011-11-24 17:43:00,United Kingdom,9,51.12,285,0.631578947368421,387.44,4,5,2,11,Loyal Customers,0
16669,24,3,1374.8700000000001,2011-09-22 14:13:00,2011-11-16 12:26:00,United Kingdom,141,458.29,78,1.1538461538461537,6345.55,4,4,4,12,Loyal Customers,0
16670,17,11,4095.9,2010-12-16 10:30:00,2011-11-23 09:34:00,United Kingdom,179,372.3545454545455,359,0.9192200557103064,4107.31,4,5,5,14,Champions,0
16671,28,3,1692.27,2011-06-28 11:20:00,2011-11-11 13:40:00,United Kingdom,3,564.09,165,0.5454545454545454,3692.23,4,4,4,12,Loyal Customers,0
16672,2,20,8134.9400000000005,2011-03-18 10:15:00,2011-12-07 16:29:00,United Kingdom,22,406.747,267,2.2471910112359548,10968.46,5,5,5,15,Champions,0
16674,55,2,319.61,2011-09-02 13:59:00,2011-10-16 11:31:00,United Kingdom,89,159.805,98,0.6122448979591837,1174.08,3,3,2,8,Potential Loyalists,0
16676,34,4,1592.1200000000001,2011-01-06 13:00:00,2011-11-06 12:01:00,United Kingdom,75,398.03000000000003,337,0.3560830860534125,1700.78,3,4,4,11,Loyal Customers,0
16678,3,12,3109.99,2011-03-02 09:24:00,2011-12-07 12:17:00,United Kingdom,92,259.1658333333333,283,1.2720848056537102,3956.17,5,5,5,15,Champions,0
16679,366,1,129.75,2010-12-08 13:51:00,2010-12-08 13:51:00,United Kingdom,3,129.75,366,0.0819672131147541,127.62,1,2,1,4,Lost,1
16680,43,1,183.7,2011-10-27 17:35:00,2011-10-27 17:35:00,United Kingdom,10,183.7,43,0.6976744186046512,1537.95,3,2,1,6,At Risk,0
16681,73,6,1770.34,2011-03-31 13:46:00,2011-09-28 11:11:00,United Kingdom,18,295.0566666666667,253,0.7114624505928854,2519.06,2,5,4,11,Loyal Customers,0
16682,5,5,1028.0,2011-06-05 11:02:00,2011-12-05 12:13:00,United Kingdom,15,205.6,188,0.7978723404255319,1968.51,5,4,4,13,Champions,0
16684,4,28,66653.56,2010-12-16 17:34:00,2011-12-05 14:06:00,United Kingdom,119,2380.4842857142858,358,2.346368715083799,67025.93,5,5,5,15,Champions,0
16685,61,2,324.24,2011-10-09 13:44:00,2011-10-09 13:58:00,United Kingdom,60,162.12,61,0.9836065573770493,1913.55,3,3,2,8,Potential Loyalists,0
16686,47,7,3062.83,2010-12-19 14:41:00,2011-10-23 13:49:00,United Kingdom,406,437.54714285714283,355,0.5915492957746479,3105.97,3,5,5,13,Champions,0
16688,1,4,1260.86,2011-10-10 12:23:00,2011-12-08 15:24:00,United Kingdom,52,315.215,61,1.9672131147540985,7441.14,5,4,4,13,Champions,0
16689,76,2,422.59999999999997,2011-09-18 13:29:00,2011-09-25 11:39:00,United Kingdom,12,211.29999999999998,82,0.7317073170731707,1855.32,2,3,2,7,Potential Loyalists,0
16690,72,2,225.57999999999998,2011-05-22 10:53:00,2011-09-28 15:02:00,United Kingdom,10,112.78999999999999,202,0.297029702970297,402.02,3,3,1,7,Potential Loyalists,0
16692,256,2,1276.0,2011-02-23 15:41:00,2011-03-28 14:46:00,United Kingdom,2,638.0,289,0.20761245674740486,1589.48,1,3,4,8,Potential Loyalists,1
16693,69,2,482.01,2011-03-13 11:06:00,2011-10-02 11:10:00,United Kingdom,58,241.005,272,0.22058823529411764,637.95,3,3,2,8,Potential Loyalists,0
16696,135,4,657.9000000000001,2011-04-05 15:20:00,2011-07-27 14:23:00,United Kingdom,7,164.47500000000002,248,0.48387096774193544,955.02,2,4,3,9,Potential Loyalists,1
16697,241,1,112.75,2011-04-12 17:12:00,2011-04-12 17:12:00,United Kingdom,20,112.75,241,0.12448132780082988,168.42,1,2,1,4,Lost,1
16698,227,2,1998.0,2011-03-31 13:33:00,2011-04-27 10:52:00,United Kingdom,4,999.0,253,0.23715415019762845,2843.0,1,3,4,8,Potential Loyalists,1
16700,9,13,5076.55,2010-12-08 16:34:00,2011-12-01 11:00:00,United Kingdom,159,390.50384615384615,366,1.0655737704918034,4993.33,5,5,5,15,Champions,0
16701,9,13,5398.3,2010-12-13 11:51:00,2011-12-01 11:10:00,United Kingdom,99,415.25384615384615,362,1.0773480662983426,5368.48,5,5,5,15,Champions,0
16705,1,20,14034.99,2010-12-16 10:51:00,2011-12-09 12:08:00,United Kingdom,133,701.7495,359,1.6713091922005572,14074.08,5,5,5,15,Champions,0
16706,37,3,531.35,2011-08-17 15:53:00,2011-11-02 13:50:00,United Kingdom,108,177.11666666666667,114,0.7894736842105263,1677.95,3,4,3,10,Loyal Customers,0
16708,46,1,656.63,2011-10-25 12:20:00,2011-10-25 12:20:00,United Kingdom,27,656.63,46,0.6521739130434783,5138.84,3,2,3,8,Potential Loyalists,0
16709,85,5,3029.87,2011-03-03 10:55:00,2011-09-16 10:56:00,United Kingdom,64,605.9739999999999,282,0.5319148936170213,3867.92,2,4,5,11,Loyal Customers,0
16710,19,10,2483.04,2010-12-06 13:13:00,2011-11-20 14:50:00,United Kingdom,268,248.304,368,0.8152173913043478,2429.06,4,5,5,14,Champions,0
16711,3,5,1651.03,2010-12-17 12:43:00,2011-12-06 16:32:00,United Kingdom,18,330.206,358,0.41899441340782123,1660.25,5,4,4,13,Champions,0
16712,9,11,3645.43,2011-03-08 15:07:00,2011-11-30 13:48:00,United Kingdom,259,331.40272727272725,276,1.1956521739130437,4754.91,5,5,5,15,Champions,0
16713,19,15,6923.13,2010-12-08 13:01:00,2011-11-21 12:36:00,United Kingdom,338,461.54200000000003,366,1.2295081967213115,6809.64,4,5,5,14,Champions,0
16714,219,3,1161.53,2011-01-26 13:40:00,2011-05-05 11:09:00,United Kingdom,77,387.1766666666667,317,0.28391167192429023,1319.09,1,4,4,9,Potential Loyalists,1
16715,78,1,301.71999999999997,2011-09-22 18:15:00,2011-09-22 18:15:00,United Kingdom,19,301.71999999999997,78,0.3846153846153846,1392.55,2,2,2,6,At Risk,0
16716,267,2,901.2,2011-02-01 15:35:00,2011-03-18 10:03:00,United Kingdom,1,450.6,311,0.19292604501607716,1043.19,1,3,3,7,Potential Loyalists,1
16717,24,6,3858.38,2010-12-08 16:48:00,2011-11-16 12:16:00,United Kingdom,176,643.0633333333334,366,0.49180327868852464,3795.13,4,5,5,14,Champions,0
16718,369,1,623.75,2010-12-05 13:03:00,2010-12-05 13:03:00,United Kingdom,41,623.75,369,0.08130081300813008,608.54,1,2,3,6,At Risk,1
16719,15,7,1790.42,2010-12-06 12:06:00,2011-11-25 09:27:00,United Kingdom,107,255.77428571428572,369,0.5691056910569106,1746.75,4,5,4,13,Champions,0
16720,26,1,155.24,2011-11-13 16:22:00,2011-11-13 16:22:00,United Kingdom,25,155.24,26,1.0,1862.88,4,2,1,7,Potential Loyalists,0
16721,262,1,292.47,2011-03-22 16:08:00,2011-03-22 16:08:00,United Kingdom,37,292.47,262,0.11450381679389314,401.87,1,2,2,5,At Risk,1
16722,17,13,4730.81,2010-12-06 12:59:00,2011-11-22 13:28:00,United Kingdom,96,363.90846153846155,368,1.059782608695652,4627.97,4,5,5,14,Champions,0
16723,91,2,589.15,2011-08-24 11:31:00,2011-09-09 13:01:00,United Kingdom,37,294.575,108,0.5555555555555556,1963.83,2,3,3,8,Potential Loyalists,1
16725,302,7,781.02,2010-12-03 16:02:00,2011-02-10 16:52:00,United Kingdom,110,111.57428571428571,371,0.5660377358490566,757.86,1,5,3,9,Potential Loyalists,1
16726,26,5,1382.02,2010-12-13 13:28:00,2011-11-13 14:53:00,United Kingdom,121,276.404,361,0.41551246537396125,1378.19,4,4,4,12,Loyal Customers,0
16727,364,1,272.82,2010-12-10 13:48:00,2010-12-10 13:48:00,United Kingdom,41,272.82,364,0.08241758241758242,269.82,1,2,2,5,At Risk,1
16728,46,4,1054.67,2011-03-20 13:28:00,2011-10-24 14:36:00,United Kingdom,218,263.6675,264,0.45454545454545453,1438.19,3,4,4,11,Loyal Customers,0
16729,38,21,7239.92,2011-04-12 14:22:00,2011-11-01 14:29:00,United Kingdom,234,344.7580952380952,241,2.6141078838174274,10814.82,3,5,5,13,Champions,0
16730,52,3,743.11,2011-01-24 14:01:00,2011-10-18 14:11:00,United Kingdom,75,247.70333333333335,319,0.2821316614420063,838.62,3,4,3,10,Loyal Customers,0
16732,32,1,603.75,2011-11-08 09:54:00,2011-11-08 09:54:00,United Kingdom,28,603.75,32,0.9375,6792.19,4,2,3,9,Potential Loyalists,0
16734,52,3,650.51,2011-08-17 15:00:00,2011-10-18 13:44:00,United Kingdom,44,216.83666666666667,114,0.7894736842105263,2054.24,3,4,3,10,Loyal Customers,0
16735,79,5,2300.56,2011-01-09 12:53:00,2011-09-22 11:49:00,United Kingdom,88,460.11199999999997,334,0.44910179640718567,2479.65,2,4,5,11,Loyal Customers,0
16737,53,1,417.59999999999997,2011-10-17 13:03:00,2011-10-17 13:03:00,United Kingdom,1,417.59999999999997,53,0.5660377358490566,2836.53,3,2,2,7,Potential Loyalists,0
16738,298,1,3.75,2011-02-15 09:46:00,2011-02-15 09:46:00,United Kingdom,1,3.75,298,0.10067114093959731,4.53,1,2,1,4,Lost,1
16739,177,1,323.0,2011-06-16 09:17:00,2011-06-16 09:17:00,United Kingdom,13,323.0,177,0.1694915254237288,656.95,2,2,2,6,At Risk,1
16742,47,1,464.9,2011-10-24 12:02:00,2011-10-24 12:02:00,United Kingdom,1,464.9,47,0.6382978723404256,3560.94,3,2,2,7,Potential Loyalists,0
16743,29,7,2238.09,2010-12-16 12:15:00,2011-11-10 13:13:00,United Kingdom,89,319.7271428571429,359,0.584958217270195,2244.32,4,5,5,14,Champions,0
16744,11,7,1304.76,2011-06-19 15:13:00,2011-11-28 13:06:00,United Kingdom,198,186.3942857142857,173,1.2138728323699421,2715.11,5,5,4,14,Champions,0
16745,87,17,7194.3,2011-02-01 11:31:00,2011-09-14 11:58:00,United Kingdom,148,423.1941176470588,312,1.6346153846153846,8301.12,2,5,5,12,Loyal Customers,0
16746,5,18,6697.66,2010-12-16 11:43:00,2011-12-05 12:33:00,United Kingdom,234,372.09222222222223,359,1.5041782729805013,6716.32,5,5,5,15,Champions,0
16747,38,2,836.06,2011-10-03 10:18:00,2011-11-02 11:37:00,United Kingdom,34,418.03,68,0.8823529411764706,4426.2,3,3,3,9,Potential Loyalists,0
16748,18,5,1515.9,2011-01-09 13:50:00,2011-11-22 10:17:00,United Kingdom,42,303.18,334,0.44910179640718567,1633.9,4,4,4,12,Loyal Customers,0
16750,45,5,623.93,2011-04-21 16:53:00,2011-10-26 12:48:00,United Kingdom,74,124.78599999999999,232,0.646551724137931,968.17,3,4,3,10,Loyal Customers,0
16751,31,1,1764.72,2011-11-09 10:48:00,2011-11-09 10:48:00,United Kingdom,24,1764.72,31,0.9677419354838709,20493.52,4,2,4,10,Loyal Customers,0
16752,373,1,207.5,2010-12-02 12:18:00,2010-12-02 12:18:00,United Kingdom,9,207.5,373,0.08042895442359249,200.27,1,2,1,4,Lost,1
16753,58,1,223.92000000000002,2011-10-12 13:14:00,2011-10-12 13:14:00,United Kingdom,34,223.92000000000002,58,0.5172413793103449,1389.85,3,2,1,6,At Risk,0
16754,372,1,2002.4,2010-12-02 17:38:00,2010-12-02 17:38:00,United Kingdom,2,2002.4,372,0.08064516129032258,1937.81,1,2,4,7,Potential Loyalists,1
16755,114,3,1496.83,2011-01-28 10:47:00,2011-08-17 13:21:00,United Kingdom,133,498.9433333333333,316,0.2848101265822785,1705.25,2,4,4,10,Loyal Customers,1
16756,215,1,239.4,2011-05-09 09:33:00,2011-05-09 09:33:00,United Kingdom,13,239.4,215,0.13953488372093023,400.86,1,2,1,4,Lost,1
16757,319,1,106.83000000000001,2011-01-25 11:59:00,2011-01-25 11:59:00,United Kingdom,7,106.83000000000001,319,0.09404388714733543,120.56,1,2,1,4,Lost,1
16758,65,1,369.34000000000003,2011-10-05 14:47:00,2011-10-05 14:47:00,United Kingdom,22,369.34000000000003,65,0.46153846153846156,2045.58,3,2,2,7,Potential Loyalists,0
16759,8,3,789.79,2011-11-09 09:06:00,2011-12-02 12:42:00,United Kingdom,40,263.2633333333333,31,2.9032258064516125,9171.75,5,4,3,12,Loyal Customers,0
16761,97,1,316.62,2011-09-04 11:15:00,2011-09-04 11:15:00,United Kingdom,13,316.62,97,0.30927835051546393,1175.08,2,2,2,6,At Risk,1
16762,20,3,1501.38,2011-07-18 12:52:00,2011-11-20 11:43:00,United Kingdom,51,500.46000000000004,144,0.625,3753.45,4,4,4,12,Loyal Customers,0
16763,199,1,611.85,2011-05-25 11:52:00,2011-05-25 11:52:00,United Kingdom,23,611.85,199,0.1507537688442211,1106.86,1,2,3,6,At Risk,1
16764,4,13,2799.25,2011-07-19 17:17:00,2011-12-06 11:41:00,United Kingdom,209,215.32692307692307,143,2.7272727272727275,7047.06,5,5,5,15,Champions,0
16765,294,1,34.0,2011-02-18 15:41:00,2011-02-18 15:41:00,United Kingdom,1,34.0,294,0.1020408163265306,41.63,1,2,1,4,Lost,1
16766,273,2,1145.6,2011-03-11 13:34:00,2011-03-11 15:22:00,United Kingdom,17,572.8,273,0.21978021978021978,1510.68,1,3,4,8,Potential Loyalists,1
16767,31,11,5580.6,2011-01-27 13:38:00,2011-11-09 09:42:00,United Kingdom,148,507.32727272727277,316,1.0443037974683544,6357.65,4,5,5,14,Champions,0
16768,48,3,478.09000000000003,2011-03-13 10:25:00,2011-10-23 10:38:00,United Kingdom,47,159.36333333333334,272,0.33088235294117646,632.77,3,4,2,9,Potential Loyalists,0
16769,260,1,380.39,2011-03-24 13:41:00,2011-03-24 13:41:00,United Kingdom,33,380.39,260,0.11538461538461539,526.69,1,2,2,5,At Risk,1
16770,58,5,770.1,2010-12-02 15:49:00,2011-10-13 12:21:00,United Kingdom,116,154.02,372,0.4032258064516129,745.26,3,4,3,10,Loyal Customers,0
16771,33,5,2246.81,2011-01-05 13:57:00,2011-11-06 13:28:00,United Kingdom,200,449.36199999999997,338,0.4437869822485207,2393.05,4,4,5,13,Champions,0
16773,57,1,171.59,2011-10-13 14:37:00,2011-10-13 14:37:00,United Kingdom,23,171.59,57,0.5263157894736842,1083.73,3,2,1,6,At Risk,0
16774,68,4,661.52,2011-06-14 12:45:00,2011-10-03 12:41:00,United Kingdom,36,165.38,179,0.6703910614525139,1330.43,3,4,3,10,Loyal Customers,0
16775,10,11,1695.66,2010-12-07 15:15:00,2011-11-29 15:22:00,United Kingdom,84,154.1509090909091,367,0.899182561307902,1663.32,5,5,4,14,Champions,0
16776,60,1,388.28,2011-10-10 13:04:00,2011-10-10 13:04:00,United Kingdom,61,388.28,60,0.5,2329.68,3,2,2,7,Potential Loyalists,0
16777,80,2,226.35,2011-03-27 14:34:00,2011-09-20 13:41:00,United Kingdom,45,113.175,257,0.23346303501945526,317.07,2,3,1,6,At Risk,0
16778,74,2,245.94,2011-03-10 15:21:00,2011-09-26 13:48:00,United Kingdom,16,122.97,274,0.21897810218978103,323.13,2,3,1,6,At Risk,0
16779,2,22,10629.720000000001,2010-12-08 09:56:00,2011-12-07 14:54:00,United Kingdom,161,483.169090909091,367,1.798365122615804,10426.97,5,5,5,15,Champions,0
16780,100,2,425.19,2011-03-25 17:34:00,2011-08-31 16:09:00,United Kingdom,51,212.595,259,0.23166023166023167,591.0,2,3,2,7,Potential Loyalists,1
16781,372,1,311.25,2010-12-02 14:26:00,2010-12-02 14:26:00,United Kingdom,17,311.25,372,0.08064516129032258,301.21,1,2,2,5,At Risk,1
16782,10,13,2279.9,2010-12-09 11:28:00,2011-11-29 13:20:00,United Kingdom,103,175.37692307692308,366,1.0655737704918034,2242.52,5,5,5,15,Champions,0
16784,20,1,107.6,2011-11-20 12:20:00,2011-11-20 12:20:00,United Kingdom,3,107.6,20,1.0,1291.2,4,2,1,7,Potential Loyalists,0
16788,123,2,597.48,2011-03-30 13:05:00,2011-08-08 14:53:00,United Kingdom,138,298.74,254,0.23622047244094488,846.82,2,3,3,8,Potential Loyalists,1
16789,8,1,80.8,2011-12-01 15:12:00,2011-12-01 15:12:00,United Kingdom,5,80.8,8,1.0,969.6,5,2,1,8,Potential Loyalists,0
16790,4,6,1545.6200000000001,2011-11-02 11:23:00,2011-12-06 11:53:00,United Kingdom,88,257.60333333333335,38,4.736842105263158,14642.72,5,5,4,14,Champions,0
16791,29,7,1721.78,2011-01-11 15:42:00,2011-11-10 19:12:00,United Kingdom,218,245.96857142857144,332,0.6325301204819277,1866.99,4,5,4,13,Champions,0
16792,282,2,110.38000000000001,2011-03-02 14:39:00,2011-03-02 14:41:00,United Kingdom,11,55.190000000000005,282,0.2127659574468085,140.91,1,3,1,5,At Risk,1
16793,57,1,243.84,2011-10-13 15:08:00,2011-10-13 15:08:00,United Kingdom,16,243.84,57,0.5263157894736842,1540.04,3,2,1,6,At Risk,0
16794,1,10,1222.71,2011-06-12 14:15:00,2011-12-08 17:54:00,United Kingdom,142,122.271,180,1.6666666666666667,2445.42,5,5,4,14,Champions,0
16795,365,1,414.88,2010-12-09 14:08:00,2010-12-09 14:08:00,United Kingdom,64,414.88,365,0.08219178082191782,409.2,1,2,2,5,At Risk,1
16796,89,1,305.62,2011-09-11 14:01:00,2011-09-11 14:01:00,United Kingdom,18,305.62,89,0.33707865168539325,1236.22,2,2,2,6,At Risk,0
16800,11,1,1201.49,2011-11-28 14:06:00,2011-11-28 14:06:00,United Kingdom,148,1201.49,11,1.0,14417.88,5,2,4,11,Loyal Customers,0
16801,163,4,1619.73,2011-03-11 13:56:00,2011-06-29 15:33:00,United Kingdom,72,404.9325,273,0.43956043956043955,2135.91,2,4,4,10,Loyal Customers,1
16803,65,1,332.3,2011-10-05 14:28:00,2011-10-05 14:28:00,United Kingdom,24,332.3,65,0.46153846153846156,1840.43,3,2,2,7,Potential Loyalists,0
16804,23,3,536.99,2011-03-14 15:48:00,2011-11-16 16:43:00,United Kingdom,59,178.99666666666667,270,0.3333333333333333,715.99,4,4,3,11,Loyal Customers,0
16805,174,2,460.59,2010-12-14 13:35:00,2011-06-19 11:23:00,United Kingdom,94,230.295,360,0.16666666666666666,460.59,2,3,2,7,Potential Loyalists,1
16806,103,4,801.49,2011-04-14 19:59:00,2011-08-28 15:27:00,United Kingdom,68,200.3725,239,0.502092050209205,1207.27,2,4,3,9,Potential Loyalists,1
16807,143,3,1121.59,2011-03-14 09:46:00,2011-07-20 12:00:00,United Kingdom,57,373.8633333333333,271,0.33210332103321033,1489.94,2,4,4,10,Loyal Customers,1
16808,99,2,288.42,2011-03-10 19:05:00,2011-09-01 19:34:00,United Kingdom,21,144.21,274,0.21897810218978103,378.95,2,3,2,7,Potential Loyalists,1
16809,23,5,914.69,2011-03-22 15:20:00,2011-11-16 15:45:00,United Kingdom,79,182.93800000000002,262,0.5725190839694657,1256.83,4,4,3,11,Loyal Customers,0
16810,192,1,309.54,2011-05-31 15:32:00,2011-05-31 15:32:00,United Kingdom,15,309.54,192,0.15625,580.39,1,2,2,5,At Risk,1
16811,5,2,547.07,2011-11-22 17:19:00,2011-12-05 11:39:00,United Kingdom,26,273.535,17,2.0,6564.84,5,3,3,11,Loyal Customers,0
16812,361,1,479.35,2010-12-14 12:35:00,2010-12-14 12:35:00,United Kingdom,15,479.35,361,0.08310249307479224,478.02,1,2,2,5,At Risk,1
16813,8,10,1692.98,2011-05-19 13:28:00,2011-12-01 14:03:00,United Kingdom,248,169.298,204,1.4705882352941178,2987.61,5,5,4,14,Champions,0
16814,14,21,6509.1,2010-12-05 11:45:00,2011-11-25 13:27:00,United Kingdom,122,309.95714285714286,370,1.7027027027027026,6333.18,4,5,5,14,Champions,0
16816,103,4,417.06,2010-12-16 17:01:00,2011-08-28 14:16:00,United Kingdom,28,104.265,358,0.33519553072625696,419.39,2,4,2,8,Potential Loyalists,1
16817,3,9,1604.75,2010-12-06 14:19:00,2011-12-07 11:03:00,United Kingdom,73,178.30555555555554,368,0.733695652173913,1569.86,5,5,4,14,Champions,0
16818,11,11,3349.57,2011-05-18 11:42:00,2011-11-29 10:41:00,United Kingdom,172,304.50636363636363,206,1.6019417475728157,5853.62,5,5,5,15,Champions,0
16820,96,1,497.61,2011-09-05 12:06:00,2011-09-05 12:06:00,United Kingdom,26,497.61,96,0.3125,1866.04,2,2,3,7,Potential Loyalists,1
16823,227,1,358.38,2011-04-26 15:00:00,2011-04-26 15:00:00,United Kingdom,34,358.38,227,0.13215859030837004,568.36,1,2,2,5,At Risk,1
16824,16,2,460.64,2011-06-28 13:36:00,2011-11-24 12:38:00,United Kingdom,23,230.32,164,0.36585365853658536,1011.16,4,3,2,9,Potential Loyalists,0
16825,39,2,775.1800000000001,2011-06-07 09:44:00,2011-11-01 11:51:00,United Kingdom,27,387.59000000000003,186,0.3225806451612903,1500.35,3,3,3,9,Potential Loyalists,0
16826,51,1,341.7,2011-10-19 14:05:00,2011-10-19 14:05:00,United Kingdom,22,341.7,51,0.5882352941176471,2412.0,3,2,2,7,Potential Loyalists,0
16828,93,2,128.5,2011-08-19 13:24:00,2011-09-07 15:10:00,United Kingdom,8,64.25,112,0.5357142857142857,413.04,2,3,1,6,At Risk,1
16829,157,1,197.22,2011-07-06 10:48:00,2011-07-06 10:48:00,United Kingdom,11,197.22,157,0.19108280254777069,452.22,2,2,1,5,At Risk,1
16830,39,1,325.91,2011-11-01 11:35:00,2011-11-01 11:35:00,United Kingdom,23,325.91,39,0.7692307692307692,3008.4,3,2,2,7,Potential Loyalists,0
16832,184,3,199.15,2011-05-06 14:12:00,2011-06-08 15:36:00,United Kingdom,11,66.38333333333334,217,0.4147465437788018,330.39,1,4,1,6,At Risk,1
16833,1,4,1106.53,2011-01-09 13:02:00,2011-12-08 14:39:00,United Kingdom,46,276.6325,334,0.3592814371257485,1192.67,5,4,4,13,Champions,0
16834,228,1,413.46,2011-04-26 09:37:00,2011-04-26 09:37:00,United Kingdom,24,413.46,228,0.13157894736842105,652.83,1,2,2,5,At Risk,1
16835,128,2,180.85,2010-12-01 17:15:00,2011-08-03 13:50:00,United Kingdom,10,90.425,373,0.16085790884718498,174.55,2,3,1,6,At Risk,1
16836,40,2,251.87,2011-08-15 12:38:00,2011-10-31 10:05:00,United Kingdom,11,125.935,117,0.5128205128205129,774.98,3,3,2,8,Potential Loyalists,0
16837,31,11,3170.98,2011-04-08 08:48:00,2011-11-08 14:27:00,United Kingdom,123,288.2709090909091,246,1.3414634146341464,4640.46,4,5,5,14,Champions,0
16838,197,2,588.85,2011-02-24 15:01:00,2011-05-26 13:13:00,United Kingdom,24,294.425,288,0.20833333333333334,736.06,1,3,3,7,Potential Loyalists,1
16839,9,34,16594.35,2010-12-05 11:15:00,2011-12-01 09:03:00,United Kingdom,114,488.06911764705876,370,2.7567567567567566,16145.85,5,5,5,15,Champions,0
16841,37,6,1869.82,2011-02-25 12:40:00,2011-11-03 11:51:00,United Kingdom,101,311.63666666666666,288,0.625,2337.28,3,5,4,12,Loyal Customers,0
16842,101,3,1264.19,2011-02-10 14:51:00,2011-08-31 10:42:00,United Kingdom,45,421.3966666666667,302,0.2980132450331126,1506.98,2,4,4,10,Loyal Customers,1
16843,43,16,10196.57,2011-01-16 16:10:00,2011-10-28 09:06:00,United Kingdom,226,637.285625,327,1.4678899082568806,11225.58,3,5,5,13,Champions,0
16846,50,1,214.32,2011-10-20 13:55:00,2011-10-20 13:55:00,United Kingdom,11,214.32,50,0.6,1543.1,3,2,1,6,At Risk,0
16847,43,1,193.44,2011-10-27 13:29:00,2011-10-27 13:29:00,United Kingdom,12,193.44,43,0.6976744186046512,1619.5,3,2,1,6,At Risk,0
16848,53,1,281.42,2011-10-18 08:42:00,2011-10-18 08:42:00,United Kingdom,14,281.42,53,0.5660377358490566,1911.53,3,2,2,7,Potential Loyalists,0
16849,187,1,124.57,2011-06-06 09:16:00,2011-06-06 09:16:00,United Kingdom,8,124.57,187,0.16042780748663102,239.81,1,2,1,4,Lost,1
16850,334,1,332.41,2011-01-10 11:09:00,2011-01-10 11:09:00,United Kingdom,19,332.41,334,0.08982035928143713,358.29,1,2,2,5,At Risk,1
16851,4,3,342.45,2011-10-19 09:48:00,2011-12-05 13:32:00,United Kingdom,17,114.14999999999999,52,1.7307692307692306,2370.81,5,4,2,11,Loyal Customers,0
16852,10,2,144.91000000000003,2011-06-16 15:49:00,2011-11-29 13:22:00,United Kingdom,9,72.45500000000001,176,0.34090909090909094,296.41,5,3,1,9,Potential Loyalists,0
16855,24,2,328.4,2011-10-27 16:31:00,2011-11-16 12:03:00,United Kingdom,19,164.2,43,1.3953488372093024,2749.4,4,3,2,9,Potential Loyalists,0
16856,15,1,35.400000000000006,2011-11-25 08:59:00,2011-11-25 08:59:00,United Kingdom,2,35.400000000000006,15,1.0,424.8,4,2,1,7,Potential Loyalists,0
16858,369,1,375.69000000000005,2010-12-06 09:52:00,2010-12-06 09:52:00,United Kingdom,9,375.69000000000005,369,0.08130081300813008,366.53,1,2,2,5,At Risk,1
16859,145,2,747.81,2011-03-23 13:39:00,2011-07-18 12:19:00,United Kingdom,50,373.905,261,0.2298850574712644,1031.46,2,3,3,8,Potential Loyalists,1
16861,60,2,173.76,2011-07-04 15:38:00,2011-10-11 09:05:00,United Kingdom,6,86.88,158,0.379746835443038,395.91,3,3,1,7,Potential Loyalists,0
16863,31,2,502.8,2010-12-08 08:58:00,2011-11-08 15:26:00,United Kingdom,25,251.4,367,0.16348773841961853,493.21,4,3,3,10,Loyal Customers,0
16866,141,3,207.73999999999998,2011-07-01 12:34:00,2011-07-22 10:06:00,United Kingdom,10,69.24666666666666,162,0.5555555555555555,461.64,2,4,1,7,Potential Loyalists,1
16869,23,4,825.42,2011-06-17 13:01:00,2011-11-17 12:02:00,United Kingdom,113,206.355,175,0.6857142857142857,1698.01,4,4,3,11,Loyal Customers,0
16871,22,6,2812.34,2011-03-14 10:31:00,2011-11-17 19:27:00,United Kingdom,131,468.72333333333336,271,0.6642066420664207,3735.95,4,5,5,14,Champions,0
16872,77,3,680.02,2011-06-08 14:32:00,2011-09-23 16:05:00,United Kingdom,5,226.67333333333332,184,0.48913043478260865,1330.47,2,4,3,9,Potential Loyalists,0
16873,5,6,7123.62,2010-12-10 15:45:00,2011-12-05 12:05:00,United Kingdom,179,1187.27,364,0.4945054945054945,7045.34,5,5,5,15,Champions,0
16875,67,5,2095.53,2011-01-04 10:37:00,2011-10-03 13:39:00,United Kingdom,93,419.10600000000005,340,0.4411764705882353,2218.8,3,4,5,12,Loyal Customers,0
16877,12,6,853.72,2011-05-15 16:13:00,2011-11-27 13:47:00,United Kingdom,111,142.28666666666666,208,0.8653846153846153,1477.59,5,5,3,13,Champions,0
16878,84,1,13.3,2011-09-16 17:39:00,2011-09-16 17:39:00,United Kingdom,3,13.3,84,0.35714285714285715,57.0,2,2,1,5,At Risk,0
16880,31,7,1519.08,2011-06-03 16:45:00,2011-11-09 11:33:00,United Kingdom,121,217.01142857142855,189,1.1111111111111112,2893.49,4,5,4,13,Champions,0
16881,67,1,432.0,2011-10-04 10:33:00,2011-10-04 10:33:00,United Kingdom,1,432.0,67,0.44776119402985076,2321.19,3,2,2,7,Potential Loyalists,0
16882,67,3,705.12,2011-01-26 17:43:00,2011-10-04 10:42:00,United Kingdom,39,235.04,317,0.28391167192429023,800.77,3,4,3,10,Loyal Customers,0
16883,187,2,276.73,2010-12-03 10:33:00,2011-06-05 12:51:00,United Kingdom,33,138.365,372,0.16129032258064516,267.8,1,3,2,6,At Risk,1
16884,38,2,429.84000000000003,2011-11-02 10:16:00,2011-11-02 11:52:00,United Kingdom,26,214.92000000000002,38,1.5789473684210527,4072.17,3,3,2,8,Potential Loyalists,0
16885,15,3,471.51,2010-12-17 17:23:00,2011-11-24 13:40:00,United Kingdom,82,157.17,357,0.25210084033613445,475.47,4,4,2,10,Loyal Customers,0
16887,35,1,194.88,2011-11-04 14:07:00,2011-11-04 14:07:00,United Kingdom,35,194.88,35,0.8571428571428571,2004.48,3,2,1,6,At Risk,0
16889,195,3,1578.67,2011-01-07 10:47:00,2011-05-29 11:05:00,United Kingdom,112,526.2233333333334,337,0.26706231454005935,1686.41,1,4,4,9,Potential Loyalists,1
16891,2,5,809.7,2010-12-03 11:35:00,2011-12-08 11:15:00,United Kingdom,166,161.94,372,0.4032258064516129,783.58,5,4,3,12,Loyal Customers,0
16892,1,5,525.54,2011-06-09 11:35:00,2011-12-08 13:18:00,United Kingdom,87,105.10799999999999,184,0.8152173913043478,1028.23,5,4,3,12,Loyal Customers,0
16893,367,1,145.93,2010-12-08 12:06:00,2010-12-08 12:06:00,United Kingdom,44,145.93,367,0.08174386920980926,143.15,1,2,1,4,Lost,1
16895,65,1,219.14,2011-10-06 12:15:00,2011-10-06 12:15:00,United Kingdom,57,219.14,65,0.46153846153846156,1213.7,3,2,1,6,At Risk,0
16897,299,2,289.78,2011-01-30 11:52:00,2011-02-13 15:02:00,United Kingdom,37,144.89,314,0.19108280254777069,332.23,1,3,2,6,At Risk,1
16898,26,3,508.81,2010-12-06 12:23:00,2011-11-13 15:44:00,United Kingdom,150,169.60333333333332,369,0.24390243902439024,496.4,4,4,3,11,Loyal Customers,0
16899,8,6,1281.56,2010-12-14 13:11:00,2011-12-02 12:03:00,United Kingdom,80,213.59333333333333,360,0.5,1281.56,5,5,4,14,Champions,0
16900,17,3,887.11,2011-10-07 13:17:00,2011-11-23 10:32:00,United Kingdom,78,295.7033333333333,63,1.4285714285714286,5069.2,4,4,3,11,Loyal Customers,0
16902,116,1,1706.88,2011-08-15 14:17:00,2011-08-15 14:17:00,United Kingdom,43,1706.88,116,0.25862068965517243,5297.21,2,2,4,8,Potential Loyalists,1
16903,29,1,373.24,2011-11-10 15:32:00,2011-11-10 15:32:00,United Kingdom,50,373.24,29,1.0,4478.88,4,2,2,8,Potential Loyalists,0
16904,4,16,3754.27,2010-12-07 13:29:00,2011-12-05 13:10:00,United Kingdom,387,234.641875,367,1.3079019073569482,3682.66,5,5,5,15,Champions,0
16905,5,7,3102.43,2010-12-03 10:43:00,2011-12-04 14:01:00,United Kingdom,117,443.2042857142857,372,0.564516129032258,3002.35,5,5,5,15,Champions,0
16906,82,4,579.77,2011-04-05 12:30:00,2011-09-19 11:49:00,United Kingdom,74,144.9425,249,0.48192771084337344,838.22,2,4,3,9,Potential Loyalists,0
16907,29,5,981.65,2010-12-09 16:52:00,2011-11-10 18:04:00,United Kingdom,89,196.32999999999998,365,0.4109589041095891,968.2,4,4,4,12,Loyal Customers,0
16909,72,1,379.14,2011-09-28 16:45:00,2011-09-28 16:45:00,United Kingdom,18,379.14,72,0.4166666666666667,1895.7,3,2,2,7,Potential Loyalists,0
16910,4,8,1510.06,2011-09-09 14:14:00,2011-12-05 12:51:00,United Kingdom,318,188.7575,91,2.6373626373626373,5973.86,5,5,4,14,Champions,0
16912,29,11,2575.38,2011-01-20 15:42:00,2011-11-11 12:18:00,United Kingdom,88,234.12545454545455,323,1.021671826625387,2870.39,4,5,5,14,Champions,0
16913,290,1,113.44,2011-02-22 12:56:00,2011-02-22 12:56:00,United Kingdom,8,113.44,290,0.10344827586206898,140.82,1,2,1,4,Lost,1
16914,36,1,208.46,2011-11-03 15:27:00,2011-11-03 15:27:00,United Kingdom,25,208.46,36,0.8333333333333334,2084.6,3,2,1,6,At Risk,0
16915,9,6,621.6800000000001,2011-03-01 09:52:00,2011-11-30 16:39:00,United Kingdom,46,103.61333333333334,284,0.6338028169014085,788.05,5,5,3,13,Champions,0
16916,24,2,576.26,2010-12-02 13:14:00,2011-11-16 12:08:00,United Kingdom,129,288.13,372,0.16129032258064516,557.67,4,3,3,10,Loyal Customers,0
16917,277,1,391.52,2011-03-08 11:55:00,2011-03-08 11:55:00,United Kingdom,9,391.52,277,0.10830324909747294,508.83,1,2,2,5,At Risk,1
16918,50,6,1068.82,2011-01-26 17:37:00,2011-10-21 12:50:00,United Kingdom,97,178.13666666666666,317,0.5678233438485805,1213.8,3,5,4,12,Loyal Customers,0
16919,156,11,2596.45,2010-12-06 12:52:00,2011-07-06 13:35:00,United Kingdom,141,236.04090909090908,368,0.8967391304347826,2540.01,2,5,5,12,Loyal Customers,1
16921,61,1,169.79,2011-10-09 16:22:00,2011-10-09 16:22:00,United Kingdom,50,169.79,61,0.49180327868852464,1002.04,3,2,1,6,At Risk,0
16923,12,19,7247.61,2010-12-12 11:06:00,2011-11-27 13:00:00,United Kingdom,313,381.4531578947368,363,1.5702479338842976,7187.71,5,5,5,15,Champions,0
16924,21,3,846.75,2011-09-16 12:54:00,2011-11-18 12:53:00,United Kingdom,69,282.25,84,1.0714285714285714,3628.93,4,4,3,11,Loyal Customers,0
16926,371,1,230.25,2010-12-03 13:42:00,2010-12-03 13:42:00,United Kingdom,14,230.25,371,0.08086253369272237,223.42,1,2,1,4,Lost,1
16927,116,3,543.05,2010-12-13 11:57:00,2011-08-16 11:10:00,United Kingdom,5,181.01666666666665,362,0.24861878453038674,540.05,2,4,3,9,Potential Loyalists,1
16928,80,17,2847.6,2010-12-01 15:21:00,2011-09-20 15:10:00,United Kingdom,69,167.50588235294117,373,1.3672922252010724,2748.35,2,5,5,12,Loyal Customers,0
16929,4,7,1295.39,2011-07-07 12:39:00,2011-12-06 08:37:00,United Kingdom,51,185.0557142857143,156,1.346153846153846,2989.36,5,5,4,14,Champions,0
16930,26,3,380.55,2011-10-02 14:25:00,2011-11-13 16:13:00,United Kingdom,47,126.85000000000001,68,1.3235294117647058,2014.68,4,4,2,10,Loyal Customers,0
16931,5,21,4604.22,2010-12-05 11:40:00,2011-12-04 13:15:00,United Kingdom,448,219.24857142857144,370,1.7027027027027026,4479.78,5,5,5,15,Champions,0
16932,53,1,161.94,2011-10-17 14:12:00,2011-10-17 14:12:00,United Kingdom,44,161.94,53,0.5660377358490566,1099.97,3,2,1,6,At Risk,0
16933,1,2,563.23,2011-04-14 13:33:00,2011-12-08 12:54:00,United Kingdom,42,281.615,239,0.2510460251046025,848.38,5,3,3,11,Loyal Customers,0
16934,55,2,950.9300000000001,2011-10-16 12:25:00,2011-10-16 12:40:00,United Kingdom,59,475.46500000000003,55,1.090909090909091,6224.27,3,3,4,10,Loyal Customers,0
16936,26,1,262.68,2011-11-14 11:04:00,2011-11-14 11:04:00,United Kingdom,56,262.68,26,1.0,3152.16,4,2,2,8,Potential Loyalists,0
16938,9,4,2736.38,2011-02-04 09:34:00,2011-12-01 10:20:00,United Kingdom,212,684.095,309,0.3883495145631068,3188.02,5,4,5,14,Champions,0
16940,52,3,3049.88,2011-02-23 12:27:00,2011-10-18 13:15:00,United Kingdom,226,1016.6266666666667,290,0.3103448275862069,3786.06,3,4,5,12,Loyal Customers,0
16942,13,9,1920.59,2011-04-26 11:59:00,2011-11-27 12:40:00,United Kingdom,159,213.39888888888888,228,1.1842105263157896,3032.51,5,5,4,14,Champions,0
16943,212,3,816.73,2011-01-25 14:00:00,2011-05-12 11:57:00,United Kingdom,23,272.24333333333334,318,0.2830188679245283,924.6,1,4,3,8,Potential Loyalists,1
16945,22,19,4345.5,2010-12-16 17:49:00,2011-11-18 11:39:00,United Kingdom,137,228.71052631578948,358,1.5921787709497206,4369.78,4,5,5,14,Champions,0
16947,236,1,406.48,2011-04-18 09:38:00,2011-04-18 09:38:00,United Kingdom,21,406.48,236,0.1271186440677966,620.05,1,2,2,5,At Risk,1
16948,139,3,435.02,2011-01-18 10:58:00,2011-07-24 12:46:00,United Kingdom,15,145.00666666666666,326,0.2760736196319018,480.39,2,4,2,8,Potential Loyalists,1
16949,4,6,1286.27,2011-01-27 12:11:00,2011-12-06 11:07:00,United Kingdom,57,214.37833333333333,317,0.5678233438485805,1460.75,5,5,4,14,Champions,0
16950,57,3,1178.56,2010-12-07 15:20:00,2011-10-14 09:06:00,United Kingdom,39,392.8533333333333,367,0.2452316076294278,1156.08,3,4,4,11,Loyal Customers,0
16951,135,3,1277.75,2011-02-08 14:58:00,2011-07-28 12:05:00,United Kingdom,73,425.9166666666667,304,0.2960526315789474,1513.13,2,4,4,10,Loyal Customers,1
16952,109,2,167.61,2011-08-22 12:58:00,2011-08-22 13:03:00,United Kingdom,16,83.805,109,0.5504587155963303,553.57,2,3,1,6,At Risk,1
16953,30,1,20.8,2011-11-09 15:54:00,2011-11-09 15:54:00,United Kingdom,1,20.8,30,1.0,249.6,4,2,1,7,Potential Loyalists,0
16954,1,9,2085.08,2010-12-15 10:41:00,2011-12-09 09:46:00,United Kingdom,40,231.67555555555555,360,0.75,2085.08,5,5,5,15,Champions,0
16955,185,4,518.67,2010-12-01 13:31:00,2011-06-08 10:36:00,United Kingdom,18,129.6675,373,0.32171581769436997,500.59,1,4,3,8,Potential Loyalists,1
16956,18,1,308.74,2011-11-22 08:56:00,2011-11-22 08:56:00,United Kingdom,16,308.74,18,1.0,3704.88,4,2,2,8,Potential Loyalists,0
16957,239,2,416.64,2011-03-03 09:25:00,2011-04-14 13:56:00,United Kingdom,15,208.32,282,0.2127659574468085,531.88,1,3,2,6,At Risk,1
16959,87,1,117.35000000000001,2011-09-13 15:03:00,2011-09-13 15:03:00,United Kingdom,7,117.35000000000001,87,0.3448275862068966,485.59,2,2,1,5,At Risk,0
16960,39,3,507.05,2011-04-01 11:54:00,2011-11-01 11:35:00,United Kingdom,92,169.01666666666668,253,0.3557312252964427,721.49,3,4,3,10,Loyal Customers,0
16961,116,1,234.17,2011-08-15 13:46:00,2011-08-15 13:46:00,United Kingdom,14,234.17,116,0.25862068965517243,726.73,2,2,1,5,At Risk,1
16963,187,1,110.55000000000001,2011-06-05 13:48:00,2011-06-05 13:48:00,United Kingdom,7,110.55000000000001,187,0.16042780748663102,212.82,1,2,1,4,Lost,1
16965,227,1,201.19,2011-04-27 12:08:00,2011-04-27 12:08:00,United Kingdom,26,201.19,227,0.13215859030837004,319.07,1,2,1,4,Lost,1
16966,8,7,2154.97,2011-04-13 14:17:00,2011-12-01 13:40:00,United Kingdom,8,307.8528571428571,240,0.875,3232.46,5,5,5,15,Champions,0
16967,189,1,319.02,2011-06-03 14:24:00,2011-06-03 14:24:00,United Kingdom,21,319.02,189,0.15873015873015872,607.66,1,2,2,5,At Risk,1
16968,4,2,439.43,2011-08-24 10:51:00,2011-12-05 15:02:00,United Kingdom,31,219.715,108,0.5555555555555556,1464.77,5,3,2,10,Loyal Customers,0
16969,39,3,650.41,2011-06-01 12:10:00,2011-10-31 13:12:00,United Kingdom,42,216.8033333333333,192,0.46875,1219.52,3,4,3,10,Loyal Customers,0
16971,38,1,357.21,2011-11-01 15:06:00,2011-11-01 15:06:00,United Kingdom,40,357.21,38,0.7894736842105263,3384.09,3,2,2,7,Potential Loyalists,0
16976,267,1,251.51999999999998,2011-03-17 16:33:00,2011-03-17 16:33:00,United Kingdom,2,251.51999999999998,267,0.11235955056179775,339.13,1,2,2,5,At Risk,1
16978,78,1,344.33,2011-09-23 12:50:00,2011-09-23 12:50:00,United Kingdom,39,344.33,78,0.3846153846153846,1589.22,2,2,2,6,At Risk,0
16979,4,6,1852.0,2011-02-15 09:20:00,2011-12-06 12:21:00,United Kingdom,64,308.6666666666667,298,0.6040268456375839,2237.32,5,5,4,14,Champions,0
16980,255,2,1078.96,2011-02-21 12:58:00,2011-03-29 16:36:00,United Kingdom,71,539.48,291,0.2061855670103093,1334.8,1,3,4,8,Potential Loyalists,1
16982,61,1,384.06,2011-10-10 12:28:00,2011-10-10 12:28:00,United Kingdom,22,384.06,61,0.49180327868852464,2266.58,3,2,2,7,Potential Loyalists,0
16983,13,7,1931.25,2010-12-05 12:34:00,2011-11-27 12:10:00,United Kingdom,112,275.89285714285717,370,0.5675675675675675,1879.05,5,5,4,14,Champions,0
16984,88,2,4481.35,2011-08-01 17:37:00,2011-09-12 13:43:00,United Kingdom,354,2240.675,130,0.46153846153846156,12409.89,2,3,5,10,Loyal Customers,0
16985,17,10,5464.12,2010-12-16 10:38:00,2011-11-22 13:33:00,United Kingdom,62,546.412,359,0.8356545961002786,5479.34,4,5,5,14,Champions,0
16986,30,2,1873.2,2011-11-09 15:52:00,2011-11-10 11:55:00,United Kingdom,3,936.6,30,2.0,22478.4,4,3,4,11,Loyal Customers,0
16987,3,7,1625.05,2011-05-18 15:55:00,2011-12-06 17:26:00,United Kingdom,74,232.15,205,1.024390243902439,2853.75,5,5,4,14,Champions,0
16988,5,1,126.12,2011-12-04 16:02:00,2011-12-04 16:02:00,United Kingdom,7,126.12,5,1.0,1513.44,5,2,1,8,Potential Loyalists,0
16989,7,6,1133.25,2011-07-12 09:11:00,2011-12-02 16:39:00,United Kingdom,7,188.875,151,1.1920529801324504,2701.79,5,5,4,14,Champions,0
16990,219,1,179.0,2011-05-05 08:30:00,2011-05-05 08:30:00,United Kingdom,1,179.0,219,0.136986301369863,294.25,1,2,1,4,Lost,1
16992,11,5,1614.31,2011-02-28 10:37:00,2011-11-29 11:50:00,United Kingdom,84,322.86199999999997,285,0.5263157894736842,2039.13,5,4,4,13,Champions,0
16996,30,6,1456.96,2010-12-21 13:22:00,2011-11-09 16:43:00,United Kingdom,13,242.82666666666668,353,0.509915014164306,1485.85,4,5,4,13,Champions,0
16997,288,3,702.0,2011-01-18 11:51:00,2011-02-24 17:28:00,United Kingdom,7,234.0,326,0.2760736196319018,775.21,1,4,3,8,Potential Loyalists,1
16998,150,4,295.0,2011-02-08 15:42:00,2011-07-13 09:44:00,United Kingdom,1,73.75,304,0.39473684210526316,349.34,2,4,2,8,Potential Loyalists,1
16999,23,2,484.82,2011-09-26 15:43:00,2011-11-16 13:53:00,United Kingdom,21,242.41,74,0.8108108108108107,2358.58,4,3,2,9,Potential Loyalists,0
17001,1,11,3989.57,2010-12-16 09:35:00,2011-12-09 09:38:00,United Kingdom,75,362.6881818181818,359,0.9192200557103064,4000.68,5,5,5,15,Champions,0
17002,86,3,1493.73,2011-02-22 11:46:00,2011-09-15 12:40:00,United Kingdom,41,497.91,291,0.30927835051546393,1847.91,2,4,4,10,Loyal Customers,0
17004,46,2,1412.94,2011-09-08 12:16:00,2011-10-24 14:25:00,United Kingdom,38,706.47,93,0.6451612903225806,5469.45,3,3,4,10,Loyal Customers,0
17006,5,4,781.78,2011-09-25 12:15:00,2011-12-05 12:09:00,United Kingdom,37,195.445,76,1.5789473684210527,3703.17,5,4,3,12,Loyal Customers,0
17007,51,6,889.9300000000001,2010-12-17 13:57:00,2011-10-20 10:47:00,United Kingdom,50,148.3216666666667,357,0.5042016806722689,897.41,3,5,3,11,Loyal Customers,0
17010,18,1,195.36,2011-11-21 14:49:00,2011-11-21 14:49:00,United Kingdom,11,195.36,18,1.0,2344.32,4,2,1,7,Potential Loyalists,0
17011,30,1,270.9,2011-11-09 13:30:00,2011-11-09 13:30:00,United Kingdom,15,270.9,30,1.0,3250.8,4,2,2,8,Potential Loyalists,0
17014,8,3,586.33,2011-10-04 11:36:00,2011-12-01 14:09:00,United Kingdom,63,195.44333333333336,67,1.3432835820895521,3150.43,5,4,3,12,Loyal Customers,0
17015,29,3,1842.56,2011-06-07 13:19:00,2011-11-11 10:45:00,United Kingdom,182,614.1866666666666,185,0.48648648648648646,3585.52,4,4,4,12,Loyal Customers,0
17017,3,20,8694.26,2010-12-02 10:17:00,2011-12-07 09:32:00,United Kingdom,88,434.713,373,1.6085790884718498,8391.24,5,5,5,15,Champions,0
17018,41,2,920.1,2011-01-18 08:46:00,2011-10-30 11:42:00,United Kingdom,15,460.05,326,0.18404907975460122,1016.06,3,3,3,9,Potential Loyalists,0
17019,11,4,1272.61,2010-12-06 12:55:00,2011-11-28 13:06:00,United Kingdom,166,318.1525,368,0.32608695652173914,1244.94,5,4,4,13,Champions,0
17022,31,1,71.0,2011-11-08 17:09:00,2011-11-08 17:09:00,United Kingdom,7,71.0,31,0.9677419354838709,824.52,4,2,1,7,Potential Loyalists,0
17024,45,3,95.85,2011-07-05 09:31:00,2011-10-25 13:47:00,United Kingdom,2,31.95,158,0.569620253164557,218.39,3,4,1,8,Potential Loyalists,0
17025,61,3,357.77,2010-12-01 15:45:00,2011-10-10 09:06:00,United Kingdom,8,119.25666666666666,373,0.24128686327077747,345.3,3,4,2,9,Potential Loyalists,0
17026,185,2,154.82999999999998,2010-12-05 12:47:00,2011-06-07 14:28:00,United Kingdom,4,77.41499999999999,370,0.16216216216216214,150.65,1,3,1,5,At Risk,1
17027,79,6,890.29,2011-01-26 14:19:00,2011-09-22 12:24:00,United Kingdom,110,148.38166666666666,317,0.5678233438485805,1011.05,2,5,3,10,Loyal Customers,0
17029,111,2,716.0,2011-04-17 10:57:00,2011-08-21 11:06:00,United Kingdom,1,358.0,237,0.2531645569620253,1087.59,2,3,3,8,Potential Loyalists,1
17030,64,1,146.87,2011-10-07 08:49:00,2011-10-07 08:49:00,United Kingdom,11,146.87,64,0.46875,826.14,3,2,1,6,At Risk,0
17031,12,2,380.35,2011-07-08 09:38:00,2011-11-28 10:23:00,United Kingdom,19,190.175,155,0.3870967741935484,883.39,5,3,2,10,Loyal Customers,0
17033,86,3,1030.14,2010-12-15 13:21:00,2011-09-14 14:34:00,United Kingdom,24,343.38000000000005,359,0.25069637883008355,1033.01,2,4,4,10,Loyal Customers,0
17034,16,3,745.52,2011-02-25 10:10:00,2011-11-23 15:14:00,United Kingdom,28,248.50666666666666,288,0.3125,931.9,4,4,3,11,Loyal Customers,0
17035,246,2,433.53000000000003,2011-02-01 12:27:00,2011-04-08 11:23:00,United Kingdom,27,216.76500000000001,312,0.1923076923076923,500.23,1,3,2,6,At Risk,1
17037,88,1,1267.32,2011-09-13 12:49:00,2011-09-13 12:49:00,United Kingdom,75,1267.32,88,0.34090909090909094,5184.49,2,2,4,8,Potential Loyalists,0
17038,30,1,112.4,2011-11-09 13:50:00,2011-11-09 13:50:00,United Kingdom,22,112.4,30,1.0,1348.8,4,2,1,7,Potential Loyalists,0
17040,138,1,449.73,2011-07-25 10:19:00,2011-07-25 10:19:00,United Kingdom,15,449.73,138,0.2173913043478261,1173.21,2,2,2,6,At Risk,1
17041,27,3,1081.57,2010-12-14 11:43:00,2011-11-13 11:21:00,United Kingdom,59,360.5233333333333,361,0.24930747922437674,1078.57,4,4,4,12,Loyal Customers,0
17042,3,5,1044.3799999999999,2011-04-06 14:53:00,2011-12-07 12:26:00,United Kingdom,74,208.87599999999998,247,0.6072874493927126,1522.17,5,4,4,13,Champions,0
17043,32,4,1735.18,2011-03-18 14:53:00,2011-11-07 15:33:00,United Kingdom,100,433.795,266,0.45112781954887216,2348.36,4,4,4,12,Loyal Customers,0
17044,25,1,948.48,2011-11-14 14:28:00,2011-11-14 14:28:00,United Kingdom,6,948.48,25,1.0,11381.76,4,2,4,10,Loyal Customers,0
17045,113,3,339.44,2011-04-06 12:08:00,2011-08-18 17:09:00,United Kingdom,20,113.14666666666666,248,0.36290322580645157,492.74,2,4,2,8,Potential Loyalists,1
17046,157,1,642.02,2011-07-05 14:24:00,2011-07-05 14:24:00,United Kingdom,22,642.02,157,0.19108280254777069,1472.15,2,2,3,7,Potential Loyalists,1
17047,85,3,1100.9,2011-05-18 16:50:00,2011-09-15 13:27:00,United Kingdom,59,366.9666666666667,205,0.43902439024390244,1933.29,2,4,4,10,Loyal Customers,0
17048,118,3,925.35,2011-01-12 16:51:00,2011-08-14 11:49:00,United Kingdom,41,308.45,331,0.2719033232628399,1006.42,2,4,3,9,Potential Loyalists,1
17049,3,9,5659.9800000000005,2011-03-09 08:33:00,2011-12-07 10:48:00,United Kingdom,201,628.8866666666668,276,0.9782608695652175,7382.58,5,5,5,15,Champions,0
17050,96,6,3228.84,2011-02-13 12:41:00,2011-09-04 13:48:00,United Kingdom,169,538.14,300,0.6,3874.61,2,5,5,12,Loyal Customers,1
17051,194,1,247.14000000000001,2011-05-29 14:13:00,2011-05-29 14:13:00,United Kingdom,40,247.14000000000001,194,0.15463917525773196,458.61,1,2,1,4,Lost,1
17052,28,1,413.75,2011-11-11 14:50:00,2011-11-11 14:50:00,United Kingdom,72,413.75,28,1.0,4965.0,4,2,2,8,Potential Loyalists,0
17053,131,1,498.48,2011-08-01 10:23:00,2011-08-01 10:23:00,United Kingdom,13,498.48,131,0.22900763358778628,1369.87,2,2,3,7,Potential Loyalists,1
17054,28,5,1356.33,2011-04-08 13:14:00,2011-11-11 12:56:00,United Kingdom,64,271.26599999999996,245,0.6122448979591837,1992.97,4,4,4,12,Loyal Customers,0
17058,82,3,1179.89,2011-04-14 09:18:00,2011-09-19 10:13:00,United Kingdom,51,393.2966666666667,240,0.375,1769.84,2,4,4,10,Loyal Customers,0
17059,30,5,3095.04,2010-12-05 12:35:00,2011-11-10 12:27:00,United Kingdom,292,619.008,370,0.4054054054054054,3011.39,4,4,5,13,Champions,0
17060,266,1,234.24,2011-03-18 13:27:00,2011-03-18 13:27:00,United Kingdom,5,234.24,266,0.11278195488721804,317.02,1,2,1,4,Lost,1
17061,74,11,5232.2300000000005,2011-04-21 13:29:00,2011-09-27 11:24:00,United Kingdom,57,475.65727272727275,232,1.4224137931034482,8118.98,2,5,5,12,Loyal Customers,0
17062,314,4,538.37,2010-12-05 11:59:00,2011-01-30 11:01:00,United Kingdom,52,134.5925,370,0.3243243243243243,523.82,1,4,3,8,Potential Loyalists,1
17063,21,7,1461.14,2011-02-23 13:44:00,2011-11-18 16:19:00,United Kingdom,66,208.73428571428573,289,0.726643598615917,1820.11,4,5,4,13,Champions,0
17064,59,3,859.35,2011-01-16 16:10:00,2011-10-12 10:18:00,United Kingdom,53,286.45,327,0.27522935779816515,946.07,3,4,3,10,Loyal Customers,0
17068,12,21,4552.14,2010-12-06 13:58:00,2011-11-27 13:14:00,United Kingdom,116,216.76857142857145,368,1.7119565217391304,4453.18,5,5,5,15,Champions,0
17069,28,9,2709.7000000000003,2010-12-01 16:49:00,2011-11-11 17:13:00,United Kingdom,111,301.0777777777778,373,0.7238605898123325,2615.26,4,5,5,14,Champions,0
17070,114,1,312.14,2011-08-17 17:01:00,2011-08-17 17:01:00,United Kingdom,62,312.14,114,0.2631578947368421,985.71,2,2,2,6,At Risk,1
17071,28,9,2429.03,2011-02-03 08:18:00,2011-11-11 16:31:00,United Kingdom,102,269.89222222222224,310,0.8709677419354839,2820.81,4,5,5,14,Champions,0
17073,18,4,1446.09,2011-08-22 14:37:00,2011-11-22 11:47:00,United Kingdom,142,361.5225,109,1.1009174311926606,4776.08,4,4,4,12,Loyal Customers,0
17075,18,4,834.12,2011-01-26 13:20:00,2011-11-22 11:58:00,United Kingdom,62,208.53,317,0.37854889589905366,947.27,4,4,3,11,Loyal Customers,0
17076,36,3,841.0799999999999,2010-12-10 10:08:00,2011-11-03 17:53:00,United Kingdom,17,280.35999999999996,365,0.24657534246575344,829.56,3,4,3,10,Loyal Customers,0
17078,36,2,378.2,2011-11-03 18:49:00,2011-11-03 19:17:00,United Kingdom,28,189.1,36,1.6666666666666667,3782.0,3,3,2,8,Potential Loyalists,0
17079,78,1,118.80000000000001,2011-09-22 15:34:00,2011-09-22 15:34:00,United Kingdom,2,118.80000000000001,78,0.3846153846153846,548.31,2,2,1,5,At Risk,0
17080,22,2,287.62,2011-03-15 12:05:00,2011-11-17 12:59:00,United Kingdom,8,143.81,270,0.2222222222222222,383.49,4,3,2,9,Potential Loyalists,0
17081,25,2,290.16,2011-10-24 13:08:00,2011-11-14 12:56:00,United Kingdom,55,145.08,46,1.3043478260869565,2270.82,4,3,2,9,Potential Loyalists,0
17082,33,2,2003.85,2011-01-25 14:36:00,2011-11-06 15:17:00,United Kingdom,75,1001.925,318,0.18867924528301888,2268.51,4,3,4,11,Loyal Customers,0
17083,109,3,1405.78,2011-02-09 11:38:00,2011-08-22 15:43:00,United Kingdom,24,468.5933333333333,304,0.2960526315789474,1664.74,2,4,4,10,Loyal Customers,1
17084,35,2,2949.75,2011-11-04 14:49:00,2011-11-04 14:54:00,United Kingdom,146,1474.875,35,1.7142857142857142,30340.29,3,3,5,11,Loyal Customers,0
17085,123,5,1566.65,2010-12-12 12:24:00,2011-08-08 14:15:00,United Kingdom,115,313.33000000000004,363,0.4132231404958678,1553.7,2,4,4,10,Loyal Customers,1
17086,7,6,2050.08,2011-10-07 11:22:00,2011-12-02 13:54:00,United Kingdom,76,341.68,64,2.8125,11531.7,5,5,4,14,Champions,0
17088,28,4,1991.01,2011-03-31 09:48:00,2011-11-11 14:23:00,United Kingdom,96,497.7525,254,0.47244094488188976,2821.9,4,4,4,12,Loyal Customers,0
17090,4,7,2043.95,2010-12-20 13:52:00,2011-12-05 13:44:00,United Kingdom,45,291.99285714285713,354,0.5932203389830508,2078.59,5,5,4,14,Champions,0
17091,3,9,3827.76,2010-12-07 09:55:00,2011-12-07 10:43:00,United Kingdom,119,425.3066666666667,368,0.733695652173913,3744.55,5,5,5,15,Champions,0
17092,50,4,1777.78,2011-03-07 14:51:00,2011-10-20 19:51:00,United Kingdom,99,444.445,277,0.43321299638989175,2310.47,3,4,4,11,Loyal Customers,0
17094,322,1,302.0,2011-01-21 13:09:00,2011-01-21 13:09:00,United Kingdom,14,302.0,322,0.09316770186335405,337.64,1,2,2,5,At Risk,1
17095,23,3,1324.16,2011-01-09 11:05:00,2011-11-17 12:21:00,United Kingdom,69,441.3866666666667,335,0.26865671641791045,1422.98,4,4,4,12,Loyal Customers,0
17096,15,4,1022.13,2011-03-23 12:05:00,2011-11-24 15:01:00,United Kingdom,46,255.5325,262,0.45801526717557256,1404.45,4,4,4,12,Loyal Customers,0
17097,2,8,954.42,2010-12-09 14:55:00,2011-12-07 17:05:00,Spain,153,119.3025,365,0.6575342465753425,941.35,5,5,4,14,Champions,0
17100,18,2,971.74,2011-11-21 16:36:00,2011-11-21 16:36:00,United Kingdom,65,485.87,18,2.0,11660.88,4,3,4,11,Loyal Customers,0
17101,10,4,1621.73,2011-06-14 14:49:00,2011-11-29 13:57:00,United Kingdom,28,405.4325,178,0.6741573033707865,3279.9,5,4,4,13,Champions,0
17102,262,1,25.5,2011-03-23 10:08:00,2011-03-23 10:08:00,United Kingdom,1,25.5,262,0.11450381679389314,35.04,1,2,1,4,Lost,1
17105,159,2,665.78,2011-02-06 14:46:00,2011-07-03 15:53:00,United Kingdom,80,332.89,306,0.19607843137254904,783.27,2,3,3,8,Potential Loyalists,1
17107,33,6,10815.43,2011-03-06 15:17:00,2011-11-06 14:14:00,United Kingdom,269,1802.5716666666667,278,0.6474820143884892,14005.59,4,5,5,14,Champions,0
17109,29,6,885.04,2011-04-21 15:46:00,2011-11-10 16:59:00,United Kingdom,107,147.50666666666666,232,0.7758620689655172,1373.34,4,5,3,12,Loyal Customers,0
17110,165,1,163.29999999999998,2011-06-27 12:58:00,2011-06-27 12:58:00,United Kingdom,12,163.29999999999998,165,0.18181818181818182,356.29,2,2,1,5,At Risk,1
17111,47,1,248.61,2011-10-23 15:59:00,2011-10-23 15:59:00,United Kingdom,29,248.61,47,0.6382978723404256,1904.25,3,2,1,6,At Risk,0
17114,6,8,808.62,2011-01-09 11:39:00,2011-12-04 12:17:00,United Kingdom,85,101.0775,335,0.7164179104477613,868.96,5,5,3,13,Champions,0
17115,8,3,837.5,2011-04-20 14:46:00,2011-12-01 14:30:00,United Kingdom,33,279.1666666666667,233,0.38626609442060084,1293.99,5,4,3,12,Loyal Customers,0
17117,288,1,116.19999999999999,2011-02-24 13:54:00,2011-02-24 13:54:00,United Kingdom,9,116.19999999999999,288,0.10416666666666667,145.25,1,2,1,4,Lost,1
17118,318,1,157.02,2011-01-26 12:19:00,2011-01-26 12:19:00,United Kingdom,10,157.02,318,0.09433962264150944,177.76,1,2,1,4,Lost,1
17119,3,2,606.91,2011-10-11 11:03:00,2011-12-06 14:40:00,United Kingdom,35,303.455,60,1.0,3641.46,5,3,3,11,Loyal Customers,0
17120,233,1,307.46,2011-04-20 15:21:00,2011-04-20 15:21:00,United Kingdom,18,307.46,233,0.12875536480686695,475.05,1,2,2,5,At Risk,1
17122,119,1,138.32,2011-08-12 14:33:00,2011-08-12 14:33:00,United Kingdom,7,138.32,119,0.25210084033613445,418.45,2,2,1,5,At Risk,1
17123,162,1,345.29999999999995,2011-07-01 10:47:00,2011-07-01 10:47:00,United Kingdom,9,345.29999999999995,162,0.18518518518518517,767.33,2,2,2,6,At Risk,1
17124,185,1,298.89,2011-06-07 14:02:00,2011-06-07 14:02:00,United Kingdom,31,298.89,185,0.16216216216216214,581.62,1,2,2,5,At Risk,1
17125,50,1,259.35,2011-10-20 14:41:00,2011-10-20 14:41:00,United Kingdom,34,259.35,50,0.6,1867.32,3,2,2,7,Potential Loyalists,0
17126,152,5,1004.75,2010-12-12 11:26:00,2011-07-10 13:52:00,United Kingdom,187,200.95,363,0.4132231404958678,996.45,2,4,4,10,Loyal Customers,1
17128,335,1,157.09,2011-01-09 12:02:00,2011-01-09 12:02:00,United Kingdom,14,157.09,335,0.08955223880597016,168.81,1,2,1,4,Lost,1
17131,5,5,2463.17,2011-09-25 12:42:00,2011-12-04 12:52:00,United Kingdom,78,492.634,76,1.973684210526316,11667.65,5,4,5,14,Champions,0
17133,16,7,4892.240000000001,2011-03-18 13:47:00,2011-11-24 12:27:00,United Kingdom,13,698.8914285714287,266,0.7894736842105263,6621.08,4,5,5,14,Champions,0
17134,107,2,425.0,2011-03-20 11:56:00,2011-08-25 09:53:00,United Kingdom,21,212.5,265,0.22641509433962262,577.36,2,3,2,7,Potential Loyalists,1
17135,16,7,1139.73,2010-12-03 09:31:00,2011-11-23 16:48:00,United Kingdom,34,162.81857142857143,372,0.564516129032258,1102.96,4,5,4,13,Champions,0
17138,276,1,380.5,2011-03-09 11:54:00,2011-03-09 11:54:00,United Kingdom,24,380.5,276,0.10869565217391305,496.3,1,2,2,5,At Risk,1
17139,16,12,10668.47,2011-02-24 09:32:00,2011-11-24 10:12:00,United Kingdom,309,889.0391666666666,289,1.245674740484429,13289.44,4,5,5,14,Champions,0
17140,247,1,465.32,2011-04-06 13:33:00,2011-04-06 13:33:00,United Kingdom,16,465.32,247,0.12145748987854252,678.2,1,2,2,5,At Risk,1
17142,239,1,579.0,2011-04-14 18:22:00,2011-04-14 18:22:00,United Kingdom,15,579.0,239,0.12552301255230125,872.13,1,2,3,6,At Risk,1
17144,1,2,984.57,2011-09-16 12:50:00,2011-12-08 17:57:00,United Kingdom,42,492.285,85,0.7058823529411764,4169.94,5,3,4,12,Loyal Customers,0
17146,106,3,749.78,2010-12-16 12:20:00,2011-08-26 12:44:00,United Kingdom,33,249.92666666666665,359,0.25069637883008355,751.87,2,4,3,9,Potential Loyalists,1
17147,23,4,1714.59,2011-02-01 09:36:00,2011-11-17 12:32:00,United Kingdom,68,428.6475,312,0.3846153846153846,1978.37,4,4,4,12,Loyal Customers,0
17148,52,1,124.88,2011-10-19 09:59:00,2011-10-19 09:59:00,United Kingdom,9,124.88,52,0.5769230769230769,864.55,3,2,1,6,At Risk,0
17152,195,3,1689.5,2011-03-21 16:20:00,2011-05-29 12:19:00,United Kingdom,9,563.1666666666666,263,0.34220532319391633,2312.62,1,4,4,9,Potential Loyalists,1
17153,24,1,213.78,2011-11-15 13:42:00,2011-11-15 13:42:00,United Kingdom,14,213.78,24,1.0,2565.36,4,2,1,7,Potential Loyalists,0
17154,75,1,329.34,2011-09-25 13:42:00,2011-09-25 13:42:00,United Kingdom,23,329.34,75,0.4,1580.83,2,2,2,6,At Risk,0
17155,18,2,251.70000000000002,2011-06-15 10:22:00,2011-11-22 12:38:00,United Kingdom,19,125.85000000000001,178,0.33707865168539325,509.06,4,3,2,9,Potential Loyalists,0
17157,8,2,319.0,2011-06-16 15:08:00,2011-12-02 09:10:00,United Kingdom,11,159.5,176,0.34090909090909094,652.5,5,3,2,10,Loyal Customers,0
17158,32,3,1266.97,2010-12-14 13:03:00,2011-11-07 15:15:00,United Kingdom,53,422.3233333333333,360,0.25,1266.97,4,4,4,12,Loyal Customers,0
17159,22,3,1538.88,2011-06-21 09:49:00,2011-11-18 10:52:00,United Kingdom,96,512.96,172,0.5232558139534884,3220.91,4,4,4,12,Loyal Customers,0
17160,31,6,3518.03,2011-04-12 12:00:00,2011-11-08 14:05:00,United Kingdom,111,586.3383333333334,242,0.7438016528925621,5233.43,4,5,5,14,Champions,0
17162,29,10,1715.46,2011-02-07 12:27:00,2011-11-11 11:34:00,United Kingdom,81,171.546,306,0.9803921568627452,2018.19,4,5,4,13,Champions,0
17163,22,2,293.1,2011-09-22 15:54:00,2011-11-18 08:57:00,United Kingdom,3,146.55,78,0.7692307692307692,1352.77,4,3,2,9,Potential Loyalists,0
17164,33,7,2467.35,2011-03-11 14:26:00,2011-11-07 09:14:00,United Kingdom,92,352.4785714285714,273,0.7692307692307693,3253.65,4,5,5,14,Champions,0
17165,284,1,158.68,2011-02-28 16:39:00,2011-02-28 16:39:00,United Kingdom,10,158.68,284,0.1056338028169014,201.14,1,2,1,4,Lost,1
17166,39,2,206.34,2011-05-20 08:18:00,2011-11-01 09:46:00,United Kingdom,11,103.17,204,0.29411764705882354,364.13,3,3,1,7,Potential Loyalists,0
17169,58,2,835.78,2011-06-09 13:16:00,2011-10-13 10:25:00,United Kingdom,51,417.89,183,0.3278688524590164,1644.16,3,3,3,9,Potential Loyalists,0
17171,289,1,224.91,2011-02-23 16:37:00,2011-02-23 16:37:00,United Kingdom,16,224.91,289,0.10380622837370243,280.16,1,2,1,4,Lost,1
17172,79,1,317.76,2011-09-22 09:36:00,2011-09-22 09:36:00,United Kingdom,15,317.76,79,0.379746835443038,1448.02,2,2,2,6,At Risk,0
17173,5,8,3766.6,2011-07-31 15:26:00,2011-12-04 14:40:00,United Kingdom,36,470.825,131,1.8320610687022902,10350.96,5,5,5,15,Champions,0
17174,218,1,59.9,2011-05-06 11:47:00,2011-05-06 11:47:00,United Kingdom,4,59.9,218,0.13761467889908258,98.92,1,2,1,4,Lost,1
17175,44,4,1443.69,2011-02-16 14:56:00,2011-10-26 15:31:00,United Kingdom,42,360.9225,296,0.4054054054054054,1755.84,3,4,4,11,Loyal Customers,0
17176,202,1,306.13,2011-05-22 12:41:00,2011-05-22 12:41:00,United Kingdom,15,306.13,202,0.1485148514851485,545.58,1,2,2,5,At Risk,1
17179,178,3,711.79,2010-12-13 14:24:00,2011-06-14 16:48:00,United Kingdom,56,237.26333333333332,361,0.24930747922437674,709.82,2,4,3,9,Potential Loyalists,1
17180,56,4,796.03,2011-01-27 18:05:00,2011-10-14 15:46:00,United Kingdom,91,199.0075,316,0.379746835443038,906.87,3,4,3,10,Loyal Customers,0
17181,57,2,239.92000000000002,2010-12-01 12:38:00,2011-10-13 14:48:00,United Kingdom,23,119.96000000000001,374,0.16042780748663102,230.94,3,3,1,7,Potential Loyalists,0
17183,8,6,3347.31,2011-08-26 15:25:00,2011-12-02 10:07:00,United Kingdom,42,557.885,105,1.7142857142857142,11476.49,5,5,5,15,Champions,0
17186,47,2,144.0,2011-10-10 12:52:00,2011-10-24 10:20:00,United Kingdom,1,72.0,60,1.0,864.0,3,3,1,7,Potential Loyalists,0
17187,227,1,203.95,2011-04-27 12:39:00,2011-04-27 12:39:00,United Kingdom,10,203.95,227,0.13215859030837004,323.44,1,2,1,4,Lost,1
17188,11,7,2474.23,2010-12-12 12:56:00,2011-11-28 13:53:00,United Kingdom,71,353.4614285714286,362,0.580110497237569,2460.56,5,5,5,15,Champions,0
17189,106,2,384.40000000000003,2010-12-15 17:28:00,2011-08-25 19:39:00,United Kingdom,52,192.20000000000002,359,0.1671309192200557,385.47,2,3,2,7,Potential Loyalists,1
17190,59,2,444.74,2011-05-16 15:29:00,2011-10-12 11:33:00,United Kingdom,19,222.37,207,0.2898550724637681,773.46,3,3,2,8,Potential Loyalists,0
17191,28,7,2095.13,2010-12-06 14:36:00,2011-11-11 16:58:00,United Kingdom,163,299.30428571428575,368,0.5706521739130435,2049.58,4,5,5,14,Champions,0
17193,36,7,1699.3000000000002,2011-06-16 10:04:00,2011-11-04 12:47:00,United Kingdom,17,242.7571428571429,177,1.1864406779661016,3456.2,3,5,4,12,Loyal Customers,0
17194,274,2,262.62,2010-12-14 12:06:00,2011-03-11 12:05:00,United Kingdom,26,131.31,361,0.16620498614958448,261.89,1,3,2,6,At Risk,1
17197,30,1,1013.01,2011-11-10 10:32:00,2011-11-10 10:32:00,United Kingdom,29,1013.01,30,1.0,12156.12,4,2,4,10,Loyal Customers,0
17198,24,3,692.22,2010-12-03 14:54:00,2011-11-16 10:39:00,United Kingdom,89,230.74,371,0.2425876010781671,671.7,4,4,3,11,Loyal Customers,0
17201,54,1,342.63,2011-10-17 11:55:00,2011-10-17 11:55:00,United Kingdom,38,342.63,54,0.5555555555555556,2284.2,3,2,2,7,Potential Loyalists,0
17203,36,6,3563.85,2011-10-10 14:37:00,2011-11-04 12:27:00,United Kingdom,116,593.975,60,3.0,21383.1,3,5,5,13,Champions,0
17204,175,4,1564.56,2011-03-21 12:42:00,2011-06-17 14:46:00,United Kingdom,44,391.14,264,0.45454545454545453,2133.49,2,4,4,10,Loyal Customers,1
17205,54,1,384.08,2011-10-17 12:46:00,2011-10-17 12:46:00,United Kingdom,13,384.08,54,0.5555555555555556,2560.53,3,2,2,7,Potential Loyalists,0
17206,53,1,204.24,2011-10-17 13:25:00,2011-10-17 13:25:00,United Kingdom,7,204.24,53,0.5660377358490566,1387.29,3,2,1,6,At Risk,0
17211,27,8,2317.2200000000003,2010-12-05 12:44:00,2011-11-13 12:03:00,United Kingdom,150,289.65250000000003,370,0.6486486486486486,2254.59,4,5,5,14,Champions,0
17212,253,1,226.85,2011-03-31 19:42:00,2011-03-31 19:42:00,United Kingdom,4,226.85,253,0.11857707509881422,322.79,1,2,1,4,Lost,1
17213,40,7,2781.23,2010-12-08 13:03:00,2011-10-30 14:53:00,United Kingdom,85,397.31857142857143,366,0.5737704918032788,2735.64,3,5,5,13,Champions,0
17214,60,6,1069.1200000000001,2010-12-15 15:14:00,2011-10-10 13:17:00,United Kingdom,79,178.1866666666667,359,0.5013927576601671,1072.1,3,5,4,12,Loyal Customers,0
17217,234,1,113.5,2011-04-19 17:19:00,2011-04-19 17:19:00,United Kingdom,9,113.5,234,0.12820512820512822,174.62,1,2,1,4,Lost,1
17218,4,10,1960.72,2010-12-06 15:25:00,2011-12-05 13:52:00,United Kingdom,146,196.072,368,0.8152173913043478,1918.1,5,5,4,14,Champions,0
17219,32,1,114.23,2011-11-08 11:25:00,2011-11-08 11:25:00,United Kingdom,24,114.23,32,0.9375,1285.09,4,2,1,7,Potential Loyalists,0
17220,24,14,3198.25,2010-12-10 14:54:00,2011-11-15 13:47:00,United Kingdom,303,228.44642857142858,364,1.153846153846154,3163.1,4,5,5,14,Champions,0
17221,7,2,335.13,2011-11-03 17:39:00,2011-12-02 13:35:00,United Kingdom,59,167.565,36,1.6666666666666667,3351.3,5,3,2,10,Loyal Customers,0
17222,65,1,354.15,2011-10-05 13:58:00,2011-10-05 13:58:00,United Kingdom,27,354.15,65,0.46153846153846156,1961.45,3,2,2,7,Potential Loyalists,0
17223,310,2,426.79,2010-12-06 14:08:00,2011-02-02 15:57:00,United Kingdom,43,213.395,368,0.16304347826086957,417.51,1,3,2,6,At Risk,1
17226,309,1,393.49,2011-02-04 11:52:00,2011-02-04 11:52:00,United Kingdom,21,393.49,309,0.0970873786407767,458.43,1,2,2,5,At Risk,1
17227,19,6,939.32,2010-12-06 11:16:00,2011-11-21 10:51:00,United Kingdom,28,156.55333333333334,369,0.4878048780487805,916.41,4,5,3,12,Loyal Customers,0
17228,16,8,1906.09,2010-12-02 16:00:00,2011-11-24 10:24:00,United Kingdom,140,238.26125,372,0.6451612903225806,1844.6,4,5,4,13,Champions,0
17229,96,2,318.76,2011-07-20 12:38:00,2011-09-04 13:56:00,United Kingdom,39,159.38,143,0.4195804195804196,802.47,2,3,2,7,Potential Loyalists,1
17230,264,8,3638.41,2010-12-15 11:22:00,2011-03-20 16:12:00,United Kingdom,51,454.80125,360,0.6666666666666666,3638.41,1,5,5,11,Loyal Customers,1
17231,12,10,3174.32,2010-12-13 14:16:00,2011-11-27 15:18:00,United Kingdom,292,317.432,361,0.8310249307479225,3165.53,5,5,5,15,Champions,0
17232,3,2,421.52,2011-11-25 12:24:00,2011-12-07 12:21:00,United Kingdom,30,210.76,15,2.0,5058.24,5,3,2,10,Loyal Customers,0
17233,35,1,190.88,2011-11-04 14:06:00,2011-11-04 14:06:00,United Kingdom,25,190.88,35,0.8571428571428571,1963.34,3,2,1,6,At Risk,0
17234,183,1,149.89000000000001,2011-06-10 11:20:00,2011-06-10 11:20:00,United Kingdom,14,149.89000000000001,183,0.1639344262295082,294.87,1,2,1,4,Lost,1
17235,25,2,550.06,2010-12-02 13:38:00,2011-11-14 15:51:00,United Kingdom,24,275.03,372,0.16129032258064516,532.32,4,3,3,10,Loyal Customers,0
17236,13,6,916.13,2010-12-12 11:49:00,2011-11-27 12:00:00,United Kingdom,88,152.68833333333333,363,0.49586776859504134,908.56,5,5,3,13,Champions,0
17237,11,2,314.69,2011-11-17 12:55:00,2011-11-28 15:02:00,United Kingdom,18,157.345,22,2.0,3776.28,5,3,2,10,Loyal Customers,0
17238,3,17,3744.65,2010-12-03 15:05:00,2011-12-07 11:35:00,United Kingdom,297,220.2735294117647,371,1.3746630727762803,3633.62,5,5,5,15,Champions,0
17239,313,1,382.5,2011-01-31 09:41:00,2011-01-31 09:41:00,United Kingdom,15,382.5,313,0.09584664536741214,439.94,1,2,2,5,At Risk,1
17242,108,2,1135.04,2011-06-12 13:04:00,2011-08-23 14:55:00,United Kingdom,30,567.52,180,0.3333333333333333,2270.08,2,3,4,9,Potential Loyalists,1
17243,1,26,8676.85,2010-12-05 10:03:00,2011-12-08 13:26:00,United Kingdom,180,333.725,370,2.108108108108108,8442.34,5,5,5,15,Champions,0
17244,53,1,954.9,2011-10-17 15:19:00,2011-10-17 15:19:00,United Kingdom,31,954.9,53,0.5660377358490566,6486.11,3,2,4,9,Potential Loyalists,0
17245,205,1,171.45,2011-05-19 10:43:00,2011-05-19 10:43:00,United Kingdom,9,171.45,205,0.14634146341463417,301.08,1,2,1,4,Lost,1
17247,15,1,282.19,2011-11-24 15:21:00,2011-11-24 15:21:00,United Kingdom,53,282.19,15,1.0,3386.28,4,2,2,8,Potential Loyalists,0
17248,120,1,318.65,2011-08-11 13:34:00,2011-08-11 13:34:00,United Kingdom,68,318.65,120,0.25,955.95,2,2,2,6,At Risk,1
17250,4,2,384.52,2011-03-23 16:45:00,2011-12-06 12:15:00,United Kingdom,55,192.26,261,0.2298850574712644,530.37,5,3,2,10,Loyal Customers,0
17251,363,1,283.28000000000003,2010-12-12 11:06:00,2010-12-12 11:06:00,United Kingdom,37,283.28000000000003,363,0.08264462809917356,280.94,1,2,2,5,At Risk,1
17252,117,2,353.86,2011-06-06 16:41:00,2011-08-15 09:45:00,United Kingdom,86,176.93,186,0.3225806451612903,684.89,2,3,2,7,Potential Loyalists,1
17253,18,1,178.26,2011-11-21 12:59:00,2011-11-21 12:59:00,United Kingdom,18,178.26,18,1.0,2139.12,4,2,1,7,Potential Loyalists,0
17254,5,2,272.44,2011-11-24 14:09:00,2011-12-05 12:46:00,United Kingdom,100,136.22,15,2.0,3269.28,5,3,2,10,Loyal Customers,0
17255,41,2,298.41,2011-02-13 15:18:00,2011-10-30 12:18:00,United Kingdom,69,149.205,299,0.20066889632107024,359.29,3,3,2,8,Potential Loyalists,0
17256,107,2,240.0,2011-01-31 14:53:00,2011-08-24 13:30:00,United Kingdom,12,120.0,312,0.1923076923076923,276.92,2,3,1,6,At Risk,1
17259,148,2,603.37,2010-12-06 12:55:00,2011-07-14 15:01:00,United Kingdom,104,301.685,368,0.16304347826086957,590.25,2,3,3,8,Potential Loyalists,1
17262,52,5,1253.3600000000001,2010-12-08 13:30:00,2011-10-18 12:56:00,United Kingdom,9,250.67200000000003,366,0.4098360655737705,1232.81,3,4,4,11,Loyal Customers,0
17263,208,1,63.440000000000005,2011-05-15 14:32:00,2011-05-15 14:32:00,United Kingdom,23,63.440000000000005,208,0.14423076923076922,109.8,1,2,1,4,Lost,1
17265,139,2,562.9,2011-06-12 12:00:00,2011-07-24 10:49:00,United Kingdom,106,281.45,181,0.3314917127071823,1119.58,2,3,3,8,Potential Loyalists,1
17266,2,3,310.64,2011-07-15 11:57:00,2011-12-07 14:12:00,United Kingdom,60,103.54666666666667,148,0.6081081081081081,755.61,5,4,2,11,Loyal Customers,0
17267,127,2,317.62,2011-08-04 17:19:00,2011-08-04 17:22:00,United Kingdom,37,158.81,127,0.47244094488188976,900.34,2,3,2,7,Potential Loyalists,1
17268,108,4,763.64,2011-04-08 13:20:00,2011-08-24 10:06:00,United Kingdom,3,190.91,245,0.489795918367347,1122.08,2,4,3,9,Potential Loyalists,1
17272,42,4,2148.63,2011-03-22 12:05:00,2011-10-28 16:37:00,United Kingdom,70,537.1575,263,0.4562737642585551,2941.09,3,4,5,12,Loyal Customers,0
17274,35,1,111.97999999999999,2011-11-04 13:16:00,2011-11-04 13:16:00,United Kingdom,24,111.97999999999999,35,0.8571428571428571,1151.79,3,2,1,6,At Risk,0
17277,228,2,1065.3500000000001,2011-01-21 12:37:00,2011-04-26 12:47:00,United Kingdom,67,532.6750000000001,323,0.18575851393188852,1187.39,1,3,4,8,Potential Loyalists,1
17278,241,1,246.04,2011-04-12 13:10:00,2011-04-12 13:10:00,United Kingdom,15,246.04,241,0.12448132780082988,367.53,1,2,1,4,Lost,1
17279,58,1,187.82999999999998,2011-10-13 11:58:00,2011-10-13 11:58:00,United Kingdom,8,187.82999999999998,58,0.5172413793103449,1165.84,3,2,1,6,At Risk,0
17282,130,3,1703.41,2011-02-13 11:36:00,2011-08-01 14:29:00,United Kingdom,79,567.8033333333334,300,0.3,2044.09,2,4,4,10,Loyal Customers,1
17284,60,6,1652.58,2011-01-07 14:31:00,2011-10-10 14:38:00,United Kingdom,229,275.43,336,0.5357142857142857,1770.62,3,5,4,12,Loyal Customers,0
17286,22,1,153.92,2011-11-18 12:47:00,2011-11-18 12:47:00,United Kingdom,44,153.92,22,1.0,1847.04,4,2,1,7,Potential Loyalists,0
17287,26,7,1064.11,2010-12-02 12:22:00,2011-11-13 13:27:00,United Kingdom,88,152.01571428571427,373,0.5630026809651475,1027.02,4,5,4,13,Champions,0
17288,9,7,1419.73,2010-12-16 13:33:00,2011-11-30 16:09:00,United Kingdom,118,202.81857142857143,358,0.5865921787709497,1427.66,5,5,4,14,Champions,0
17289,32,3,944.41,2011-06-12 13:51:00,2011-11-08 12:01:00,United Kingdom,86,314.80333333333334,180,0.5,1888.82,4,4,4,12,Loyal Customers,0
17290,4,2,525.24,2011-11-23 15:53:00,2011-12-06 12:38:00,United Kingdom,92,262.62,16,2.0,6302.88,5,3,3,11,Loyal Customers,0
17291,308,1,550.8000000000001,2011-02-04 13:04:00,2011-02-04 13:04:00,United Kingdom,1,550.8000000000001,308,0.0974025974025974,643.79,1,2,3,6,At Risk,1
17293,8,9,1875.1100000000001,2010-12-13 14:55:00,2011-12-01 14:37:00,United Kingdom,93,208.34555555555556,361,0.7479224376731302,1869.92,5,5,4,14,Champions,0
17295,29,3,556.95,2011-10-06 12:22:00,2011-11-11 10:49:00,United Kingdom,53,185.65,65,1.3846153846153848,3084.65,4,4,3,11,Loyal Customers,0
17297,17,1,131.78,2011-11-22 14:43:00,2011-11-22 14:43:00,United Kingdom,49,131.78,17,1.0,1581.36,4,2,1,7,Potential Loyalists,0
17298,101,2,498.42,2011-08-07 12:21:00,2011-08-30 16:43:00,United Kingdom,30,249.21,125,0.48,1435.45,2,3,3,8,Potential Loyalists,1
17299,12,4,669.11,2011-06-19 16:04:00,2011-11-28 12:01:00,United Kingdom,50,167.2775,173,0.6936416184971098,1392.37,5,4,3,12,Loyal Customers,0
17301,21,1,197.63,2011-11-18 13:43:00,2011-11-18 13:43:00,United Kingdom,59,197.63,21,1.0,2371.56,4,2,1,7,Potential Loyalists,0
17302,15,5,1135.63,2011-02-07 10:14:00,2011-11-25 09:36:00,United Kingdom,68,227.12600000000003,306,0.4901960784313726,1336.04,4,4,4,12,Loyal Customers,0
17303,361,1,250.04,2010-12-13 13:32:00,2010-12-13 13:32:00,United Kingdom,53,250.04,361,0.08310249307479224,249.35,1,2,1,4,Lost,1
17306,11,19,8631.31,2010-12-21 13:34:00,2011-11-29 12:14:00,United Kingdom,13,454.2794736842105,353,1.6147308781869687,8802.47,5,5,5,15,Champions,0
17309,95,1,82.75,2011-09-05 15:20:00,2011-09-05 15:20:00,United Kingdom,11,82.75,95,0.31578947368421056,313.58,2,2,1,5,At Risk,1
17311,78,2,1384.85,2011-01-27 10:56:00,2011-09-22 14:11:00,United Kingdom,55,692.425,317,0.18927444794952683,1572.7,2,3,4,9,Potential Loyalists,0
17312,139,3,644.3,2011-07-03 13:12:00,2011-07-24 11:52:00,United Kingdom,11,214.76666666666665,159,0.5660377358490566,1458.79,2,4,3,9,Potential Loyalists,1
17313,31,1,2328.84,2011-11-08 15:45:00,2011-11-08 15:45:00,United Kingdom,24,2328.84,31,0.9677419354838709,27044.59,4,2,5,11,Loyal Customers,0
17314,25,8,2527.92,2011-01-31 11:25:00,2011-11-15 09:41:00,United Kingdom,120,315.99,313,0.7667731629392971,2907.51,4,5,5,14,Champions,0
17315,2,38,6292.26,2010-12-17 12:24:00,2011-12-08 12:15:00,United Kingdom,256,165.58578947368423,358,3.184357541899441,6327.41,5,5,5,15,Champions,0
17317,46,3,2600.34,2011-09-11 12:45:00,2011-10-24 17:19:00,United Kingdom,8,866.7800000000001,90,1.0,10401.36,3,4,5,12,Loyal Customers,0
17320,100,3,1200.6200000000001,2010-12-06 15:38:00,2011-08-31 13:31:00,United Kingdom,57,400.2066666666667,368,0.24456521739130432,1174.52,2,4,4,10,Loyal Customers,1
17321,8,2,700.86,2011-10-03 11:34:00,2011-12-01 13:41:00,United Kingdom,94,350.43,68,0.8823529411764706,3710.44,5,3,3,11,Loyal Customers,0
17323,15,7,921.07,2011-02-20 14:38:00,2011-11-24 17:29:00,United Kingdom,125,131.58142857142857,292,0.7191780821917809,1135.57,4,5,3,12,Loyal Customers,0
17324,18,4,990.23,2010-12-08 12:45:00,2011-11-22 10:34:00,United Kingdom,43,247.5575,367,0.32697547683923706,971.34,4,4,4,12,Loyal Customers,0
17325,280,1,96.8,2011-03-04 13:09:00,2011-03-04 13:09:00,United Kingdom,6,96.8,280,0.10714285714285714,124.46,1,2,1,4,Lost,1
17329,14,2,523.11,2011-01-28 15:29:00,2011-11-25 14:24:00,United Kingdom,29,261.555,315,0.19047619047619047,597.84,4,3,3,10,Loyal Customers,0
17330,23,2,363.9,2011-10-03 11:26:00,2011-11-17 08:56:00,United Kingdom,5,181.95,68,0.8823529411764706,1926.53,4,3,2,9,Potential Loyalists,0
17331,124,1,175.2,2011-08-08 11:55:00,2011-08-08 11:55:00,United Kingdom,1,175.2,124,0.24193548387096772,508.65,2,2,1,5,At Risk,1
17333,86,1,494.25,2011-09-15 10:11:00,2011-09-15 10:11:00,United Kingdom,28,494.25,86,0.3488372093023256,2068.95,2,2,3,7,Potential Loyalists,0
17334,302,2,307.02,2011-02-04 09:03:00,2011-02-10 14:59:00,United Kingdom,11,153.51,309,0.1941747572815534,357.69,1,3,2,6,At Risk,1
17337,151,4,2027.8700000000001,2011-02-02 17:06:00,2011-07-11 14:55:00,United Kingdom,421,506.96750000000003,310,0.3870967741935484,2354.95,2,4,4,10,Loyal Customers,1
17338,17,8,6643.93,2010-12-13 12:57:00,2011-11-22 14:23:00,United Kingdom,389,830.49125,361,0.6648199445983379,6625.53,4,5,5,14,Champions,0
17339,94,2,243.36,2010-12-09 14:44:00,2011-09-06 13:29:00,United Kingdom,9,121.68,365,0.16438356164383564,240.03,2,3,1,6,At Risk,1
17340,30,11,12353.29,2010-12-08 15:56:00,2011-11-10 10:45:00,United Kingdom,229,1123.0263636363636,366,0.9016393442622951,12150.78,4,5,5,14,Champions,0
17341,157,3,781.36,2010-12-08 12:46:00,2011-07-06 12:33:00,United Kingdom,147,260.4533333333333,367,0.2452316076294278,766.46,2,4,3,9,Potential Loyalists,1
17343,355,1,193.64,2010-12-19 15:07:00,2010-12-19 15:07:00,United Kingdom,17,193.64,355,0.08450704225352113,196.37,1,2,1,4,Lost,1
17344,46,1,160.57,2011-10-24 12:56:00,2011-10-24 12:56:00,United Kingdom,31,160.57,46,0.6521739130434783,1256.63,3,2,1,6,At Risk,0
17345,15,4,537.74,2011-05-27 12:26:00,2011-11-24 15:03:00,United Kingdom,70,134.435,197,0.6091370558375635,982.67,4,4,3,11,Loyal Customers,0
17346,4,15,2676.56,2010-12-01 14:34:00,2011-12-06 12:18:00,United Kingdom,299,178.43733333333333,373,1.2064343163538873,2583.28,5,5,5,15,Champions,0
17347,86,1,228.96,2011-09-14 13:12:00,2011-09-14 13:12:00,United Kingdom,1,228.96,86,0.3488372093023256,958.44,2,2,1,5,At Risk,0
17348,15,5,1159.52,2011-02-15 10:49:00,2011-11-25 11:25:00,United Kingdom,180,231.904,298,0.5033557046979865,1400.76,4,4,4,12,Loyal Customers,0
17349,179,1,110.75,2011-06-13 14:29:00,2011-06-13 14:29:00,United Kingdom,8,110.75,179,0.16759776536312848,222.74,2,2,1,5,At Risk,1
17350,8,4,1286.07,2011-10-19 16:05:00,2011-12-01 15:47:00,United Kingdom,66,321.5175,51,2.3529411764705883,9078.14,5,4,4,13,Champions,0
17351,36,3,587.15,2011-03-11 16:05:00,2011-11-03 18:45:00,United Kingdom,22,195.71666666666667,273,0.32967032967032966,774.26,3,4,3,10,Loyal Customers,0
17353,129,2,1740.0,2011-07-08 16:17:00,2011-08-02 17:19:00,United Kingdom,5,870.0,154,0.3896103896103896,4067.53,2,3,4,9,Potential Loyalists,1
17354,51,1,1393.06,2011-10-20 10:34:00,2011-10-20 10:34:00,United Kingdom,15,1393.06,51,0.5882352941176471,9833.36,3,2,4,9,Potential Loyalists,0
17356,312,1,178.22,2011-02-01 11:07:00,2011-02-01 11:07:00,United Kingdom,19,178.22,312,0.09615384615384615,205.64,1,2,1,4,Lost,1
17357,24,2,388.14,2011-11-15 16:29:00,2011-11-15 16:30:00,United Kingdom,41,194.07,24,2.0,4657.68,4,3,2,9,Potential Loyalists,0
17358,303,2,365.85,2010-12-19 14:16:00,2011-02-09 16:57:00,United Kingdom,55,182.925,355,0.16901408450704225,371.0,1,3,2,6,At Risk,1
17359,11,1,127.86,2011-11-28 14:37:00,2011-11-28 14:37:00,United Kingdom,13,127.86,11,1.0,1534.32,5,2,1,8,Potential Loyalists,0
17360,17,3,585.79,2011-06-08 17:09:00,2011-11-22 13:11:00,United Kingdom,113,195.26333333333332,184,0.48913043478260865,1146.11,4,4,3,11,Loyal Customers,0
17361,49,3,488.2,2011-02-21 09:55:00,2011-10-21 15:43:00,United Kingdom,26,162.73333333333332,292,0.3082191780821918,601.89,3,4,2,9,Potential Loyalists,0
17362,239,2,312.23,2011-02-03 10:26:00,2011-04-14 14:43:00,United Kingdom,30,156.115,310,0.1935483870967742,362.59,1,3,2,6,At Risk,1
17364,1,11,4481.18,2011-01-12 16:57:00,2011-12-09 09:00:00,United Kingdom,288,407.38000000000005,331,0.9969788519637462,4873.79,5,5,5,15,Champions,0
17365,13,8,4801.56,2011-01-11 12:11:00,2011-11-27 12:13:00,United Kingdom,278,600.195,333,0.7207207207207208,5190.88,5,5,5,15,Champions,0
17367,238,1,168.4,2011-04-15 14:21:00,2011-04-15 14:21:00,United Kingdom,33,168.4,238,0.12605042016806722,254.72,1,2,1,4,Lost,1
17368,23,8,1912.67,2011-01-06 11:57:00,2011-11-16 15:26:00,United Kingdom,93,239.08375,338,0.7100591715976331,2037.16,4,5,4,13,Champions,0
17370,73,4,446.18,2011-06-23 11:50:00,2011-09-28 10:14:00,United Kingdom,31,111.545,170,0.7058823529411764,944.85,2,4,2,8,Potential Loyalists,0
17371,17,3,423.89,2010-12-13 15:20:00,2011-11-22 13:30:00,United Kingdom,83,141.29666666666665,361,0.24930747922437674,422.72,4,4,2,10,Loyal Customers,0
17372,41,8,1342.68,2010-12-12 12:00:00,2011-10-30 11:37:00,United Kingdom,215,167.835,363,0.6611570247933884,1331.58,3,5,4,12,Loyal Customers,0
17373,40,4,646.92,2011-01-31 11:46:00,2011-10-30 15:28:00,United Kingdom,47,161.73,313,0.38338658146964855,744.06,3,4,3,10,Loyal Customers,0
17374,219,2,495.77,2011-03-03 12:53:00,2011-05-05 09:05:00,United Kingdom,24,247.885,281,0.21352313167259784,635.15,1,3,3,7,Potential Loyalists,1
17375,199,3,400.1,2010-12-13 15:16:00,2011-05-24 15:45:00,United Kingdom,63,133.36666666666667,361,0.24930747922437674,398.99,1,4,2,7,Potential Loyalists,1
17376,71,2,203.2,2011-02-01 14:12:00,2011-09-30 12:36:00,United Kingdom,23,101.6,311,0.19292604501607716,235.22,3,3,1,7,Potential Loyalists,0
17377,24,20,4100.92,2010-12-01 12:35:00,2011-11-16 11:17:00,United Kingdom,190,205.046,374,1.6042780748663101,3947.41,4,5,5,14,Champions,0
17379,11,1,404.66,2011-11-28 13:56:00,2011-11-28 13:56:00,United Kingdom,71,404.66,11,1.0,4855.92,5,2,2,9,Potential Loyalists,0
17381,9,29,20275.61,2010-12-02 12:58:00,2011-12-01 11:59:00,United Kingdom,40,699.1589655172414,372,2.338709677419355,19621.56,5,5,5,15,Champions,0
17382,65,1,65.4,2011-10-05 13:05:00,2011-10-05 13:05:00,United Kingdom,2,65.4,65,0.46153846153846156,362.22,3,2,1,6,At Risk,0
17383,4,1,199.29,2011-12-05 17:36:00,2011-12-05 17:36:00,United Kingdom,49,199.29,4,1.0,2391.48,5,2,1,8,Potential Loyalists,0
17384,19,2,336.4,2011-05-04 16:07:00,2011-11-20 15:48:00,United Kingdom,12,168.2,219,0.273972602739726,552.99,4,3,2,9,Potential Loyalists,0
17385,15,1,261.11,2011-11-25 11:02:00,2011-11-25 11:02:00,United Kingdom,42,261.11,15,1.0,3133.32,4,2,2,8,Potential Loyalists,0
17386,8,6,2686.42,2011-06-27 12:11:00,2011-12-02 11:28:00,United Kingdom,23,447.7366666666667,166,1.0843373493975903,5825.97,5,5,5,15,Champions,0
17387,20,2,784.11,2011-11-06 11:25:00,2011-11-20 11:00:00,United Kingdom,71,392.055,34,1.7647058823529411,8302.34,4,3,3,10,Loyal Customers,0
17388,78,4,1259.56,2011-02-25 12:28:00,2011-09-23 10:31:00,United Kingdom,13,314.89,288,0.4166666666666667,1574.45,2,4,4,10,Loyal Customers,0
17389,1,34,31833.68,2011-01-12 15:48:00,2011-12-09 09:38:00,United Kingdom,45,936.2847058823529,331,3.081570996978852,34622.73,5,5,5,15,Champions,0
17391,164,2,508.8,2011-06-28 12:21:00,2011-06-29 09:58:00,United Kingdom,2,254.4,165,0.36363636363636365,1110.11,2,3,3,8,Potential Loyalists,1
17392,307,2,457.91,2010-12-16 19:04:00,2011-02-06 12:48:00,United Kingdom,53,228.955,358,0.16759776536312848,460.47,1,3,2,6,At Risk,1
17394,219,1,203.86999999999998,2011-05-04 13:22:00,2011-05-04 13:22:00,United Kingdom,4,203.86999999999998,219,0.136986301369863,335.13,1,2,1,4,Lost,1
17396,39,8,7330.8,2010-12-03 09:45:00,2011-10-31 14:12:00,United Kingdom,24,916.35,372,0.6451612903225806,7094.32,3,5,5,13,Champions,0
17397,22,2,696.41,2011-11-17 13:58:00,2011-11-17 14:08:00,United Kingdom,88,348.205,22,2.0,8356.92,4,3,3,10,Loyal Customers,0
17398,115,3,653.38,2011-03-29 13:04:00,2011-08-17 09:48:00,United Kingdom,30,217.79333333333332,255,0.35294117647058826,922.42,2,4,3,9,Potential Loyalists,1
17400,126,5,2129.96,2010-12-21 17:16:00,2011-08-05 15:38:00,United Kingdom,175,425.992,353,0.4249291784702549,2172.2,2,4,5,11,Loyal Customers,1
17402,5,13,2633.85,2010-12-05 13:53:00,2011-12-05 10:15:00,United Kingdom,33,202.60384615384615,369,1.056910569105691,2569.61,5,5,5,15,Champions,0
17403,36,1,281.62,2011-11-03 15:18:00,2011-11-03 15:18:00,United Kingdom,32,281.62,36,0.8333333333333334,2816.2,3,2,2,7,Potential Loyalists,0
17404,4,15,31906.82,2010-12-14 13:28:00,2011-12-05 16:26:00,Sweden,111,2127.1213333333335,360,1.25,31906.82,5,5,5,15,Champions,0
17405,1,3,1031.41,2011-07-12 14:17:00,2011-12-08 17:12:00,United Kingdom,77,343.80333333333334,150,0.6,2475.38,5,4,4,13,Champions,0
17406,333,3,2200.42,2010-12-08 10:35:00,2011-01-10 15:07:00,United Kingdom,99,733.4733333333334,367,0.2452316076294278,2158.45,1,4,5,10,Loyal Customers,1
17408,163,1,32.65,2011-06-29 12:53:00,2011-06-29 12:53:00,United Kingdom,2,32.65,163,0.18404907975460122,72.11,2,2,1,5,At Risk,1
17409,185,2,771.85,2011-04-05 16:42:00,2011-06-08 10:36:00,United Kingdom,13,385.925,248,0.24193548387096772,1120.43,1,3,3,7,Potential Loyalists,1
17410,16,5,1214.72,2011-05-08 15:21:00,2011-11-23 15:46:00,United Kingdom,57,242.94400000000002,215,0.6976744186046512,2033.95,4,4,4,12,Loyal Customers,0
17411,12,3,778.94,2011-03-23 13:44:00,2011-11-27 14:25:00,United Kingdom,39,259.6466666666667,261,0.3448275862068966,1074.4,5,4,3,12,Loyal Customers,0
17412,3,7,1258.06,2010-12-02 16:29:00,2011-12-07 11:36:00,United Kingdom,48,179.72285714285712,372,0.564516129032258,1217.48,5,5,4,14,Champions,0
17414,44,2,778.0,2011-06-08 11:43:00,2011-10-27 12:13:00,United Kingdom,5,389.0,185,0.3243243243243243,1513.95,3,3,3,9,Potential Loyalists,0
17415,80,1,507.84,2011-09-21 12:50:00,2011-09-21 12:50:00,United Kingdom,14,507.84,80,0.375,2285.28,2,2,3,7,Potential Loyalists,0
17416,30,7,6893.42,2011-03-03 13:45:00,2011-11-10 12:47:00,United Kingdom,186,984.7742857142857,281,0.7473309608540925,8831.43,4,5,5,14,Champions,0
17418,42,2,463.46000000000004,2011-01-20 11:39:00,2011-10-28 13:00:00,United Kingdom,29,231.73000000000002,324,0.18518518518518517,514.96,3,3,2,8,Potential Loyalists,0
17419,11,12,4226.57,2010-12-07 15:03:00,2011-11-28 13:47:00,United Kingdom,155,352.21416666666664,367,0.9809264305177112,4145.95,5,5,5,15,Champions,0
17420,50,3,598.83,2010-12-01 09:56:00,2011-10-20 14:52:00,United Kingdom,28,199.61,374,0.24064171122994651,576.41,3,4,3,10,Loyal Customers,0
17422,16,6,1979.37,2011-02-16 14:44:00,2011-11-23 13:27:00,United Kingdom,93,329.895,296,0.6081081081081081,2407.34,4,5,4,13,Champions,0
17423,46,2,698.41,2011-05-06 09:14:00,2011-10-24 13:36:00,United Kingdom,26,349.205,218,0.27522935779816515,1153.34,3,3,3,9,Potential Loyalists,0
17425,19,2,759.17,2011-10-10 11:37:00,2011-11-20 15:30:00,United Kingdom,42,379.585,61,0.9836065573770493,4480.35,4,3,3,10,Loyal Customers,0
17426,8,6,5037.26,2011-03-02 16:34:00,2011-12-01 18:07:00,United Kingdom,179,839.5433333333334,282,0.6382978723404255,6430.54,5,5,5,15,Champions,0
17427,72,1,100.8,2011-09-29 11:29:00,2011-09-29 11:29:00,United Kingdom,2,100.8,72,0.4166666666666667,504.0,3,2,1,6,At Risk,0
17428,1,28,17256.85,2010-12-06 09:37:00,2011-12-09 09:45:00,United Kingdom,252,616.3160714285714,369,2.2764227642276422,16835.95,5,5,5,15,Champions,0
17429,128,3,524.9200000000001,2011-05-05 09:53:00,2011-08-03 13:22:00,United Kingdom,36,174.97333333333336,219,0.4109589041095891,862.88,2,4,3,9,Potential Loyalists,1
17430,33,2,265.76,2010-12-09 13:05:00,2011-11-07 09:24:00,United Kingdom,14,132.88,365,0.16438356164383564,262.12,4,3,2,9,Potential Loyalists,0
17431,313,1,403.3,2011-01-30 14:36:00,2011-01-30 14:36:00,United Kingdom,41,403.3,313,0.09584664536741214,463.86,1,2,2,5,At Risk,1
17432,18,2,365.76,2011-11-02 17:30:00,2011-11-21 17:33:00,United Kingdom,44,182.88,37,1.6216216216216215,3558.75,4,3,2,9,Potential Loyalists,0
17433,88,1,303.15999999999997,2011-09-12 14:24:00,2011-09-12 14:24:00,United Kingdom,53,303.15999999999997,88,0.34090909090909094,1240.2,2,2,2,6,At Risk,0
17434,2,7,2373.82,2011-09-15 13:54:00,2011-12-07 13:16:00,United Kingdom,100,339.1171428571429,85,2.4705882352941173,10053.83,5,5,5,15,Champions,0
17436,2,2,216.29999999999998,2011-04-27 11:33:00,2011-12-08 12:30:00,United Kingdom,7,108.14999999999999,227,0.2643171806167401,343.03,5,3,1,9,Potential Loyalists,0
17438,254,1,388.45000000000005,2011-03-31 10:26:00,2011-03-31 10:26:00,United Kingdom,17,388.45000000000005,254,0.11811023622047244,550.56,1,2,2,5,At Risk,1
17440,157,3,186.42000000000002,2011-04-06 12:05:00,2011-07-06 11:54:00,United Kingdom,3,62.14000000000001,248,0.36290322580645157,270.61,2,4,1,7,Potential Loyalists,1
17442,37,6,2248.56,2011-02-22 13:02:00,2011-11-03 09:17:00,United Kingdom,96,374.76,290,0.6206896551724138,2791.32,3,5,5,13,Champions,0
17443,220,1,534.24,2011-05-04 10:47:00,2011-05-04 10:47:00,Canada,1,534.24,220,0.13636363636363638,874.21,1,2,3,6,At Risk,1
17444,148,3,2940.04,2011-06-20 09:04:00,2011-07-15 12:05:00,Canada,132,980.0133333333333,173,0.5202312138728323,6118.0,2,4,5,11,Loyal Customers,1
17446,177,2,120.9,2011-02-02 14:40:00,2011-06-16 10:42:00,United Kingdom,6,60.45,310,0.1935483870967742,140.4,2,3,1,6,At Risk,1
17447,40,2,541.53,2011-09-29 10:10:00,2011-10-30 14:18:00,United Kingdom,33,270.765,72,0.8333333333333334,2707.65,3,3,3,9,Potential Loyalists,0
17449,2,7,2520.86,2010-12-15 10:57:00,2011-12-07 16:56:00,United Kingdom,178,360.1228571428572,360,0.5833333333333334,2520.86,5,5,5,15,Champions,0
17450,8,46,194550.79,2010-12-07 09:23:00,2011-12-01 13:29:00,United Kingdom,124,4229.365,368,3.7499999999999996,190321.42,5,5,5,15,Champions,0
17451,1,7,1721.4,2011-08-26 11:54:00,2011-12-08 15:02:00,United Kingdom,83,245.91428571428574,106,1.9811320754716981,5846.26,5,5,4,14,Champions,0
17453,18,2,486.71999999999997,2011-10-06 17:02:00,2011-11-22 09:42:00,United Kingdom,19,243.35999999999999,64,0.9375,2737.8,4,3,2,9,Potential Loyalists,0
17454,192,4,517.53,2010-12-15 10:54:00,2011-05-31 13:58:00,United Kingdom,57,129.3825,360,0.3333333333333333,517.53,1,4,3,8,Potential Loyalists,1
17455,204,1,131.7,2011-05-20 12:31:00,2011-05-20 12:31:00,United Kingdom,8,131.7,204,0.14705882352941177,232.41,1,2,1,4,Lost,1
17456,365,1,249.86,2010-12-09 15:23:00,2010-12-09 15:23:00,United Kingdom,17,249.86,365,0.08219178082191782,246.44,1,2,1,4,Lost,1
17457,127,5,1737.7,2011-01-04 14:33:00,2011-08-05 12:48:00,United Kingdom,14,347.54,339,0.44247787610619466,1845.35,2,4,4,10,Loyal Customers,1
17458,15,1,316.5,2011-11-24 13:01:00,2011-11-24 13:01:00,United Kingdom,52,316.5,15,1.0,3798.0,4,2,2,8,Potential Loyalists,0
17459,43,2,657.3,2011-10-10 17:00:00,2011-10-27 13:25:00,United Kingdom,88,328.65,60,1.0,3943.8,3,3,3,9,Potential Loyalists,0
17460,94,6,622.4300000000001,2010-12-01 16:24:00,2011-09-06 15:04:00,United Kingdom,18,103.73833333333334,373,0.48257372654155495,600.74,2,5,3,10,Loyal Customers,1
17461,23,3,757.46,2011-11-10 12:01:00,2011-11-17 10:21:00,United Kingdom,104,252.48666666666668,30,3.0,9089.52,4,4,3,11,Loyal Customers,0
17462,60,2,675.69,2011-02-28 17:01:00,2011-10-10 13:56:00,United Kingdom,25,337.845,284,0.2112676056338028,856.51,3,3,3,9,Potential Loyalists,0
17463,16,5,1896.41,2011-01-30 15:48:00,2011-11-23 13:40:00,United Kingdom,162,379.28200000000004,313,0.4792332268370607,2181.17,4,4,4,12,Loyal Customers,0
17464,158,1,289.96000000000004,2011-07-04 13:19:00,2011-07-04 13:19:00,United Kingdom,9,289.96000000000004,158,0.189873417721519,660.67,2,2,2,6,At Risk,1
17466,10,2,763.28,2011-09-22 09:16:00,2011-11-29 13:15:00,United Kingdom,41,381.64,79,0.759493670886076,3478.24,5,3,3,11,Loyal Customers,0
17468,10,2,137.0,2011-11-25 12:52:00,2011-11-29 15:33:00,United Kingdom,5,68.5,14,2.0,1644.0,5,3,1,9,Potential Loyalists,0
17469,16,5,1870.97,2011-05-19 08:55:00,2011-11-23 13:15:00,United Kingdom,61,374.194,205,0.7317073170731707,3285.61,4,4,4,12,Loyal Customers,0
17470,45,5,1125.07,2010-12-07 09:57:00,2011-10-26 12:42:00,United Kingdom,67,225.01399999999998,368,0.4076086956521739,1100.61,3,4,4,11,Loyal Customers,0
17472,191,3,710.29,2011-02-13 14:40:00,2011-06-01 14:57:00,United Kingdom,142,236.76333333333332,299,0.3010033444816054,855.2,1,4,3,8,Potential Loyalists,1
17475,79,1,194.37,2011-09-21 14:55:00,2011-09-21 14:55:00,United Kingdom,14,194.37,79,0.379746835443038,885.74,2,2,1,5,At Risk,0
17480,78,1,511.82,2011-09-23 11:39:00,2011-09-23 11:39:00,United Kingdom,29,511.82,78,0.3846153846153846,2362.25,2,2,3,7,Potential Loyalists,0
17481,4,4,1255.59,2011-09-07 09:57:00,2011-12-06 12:28:00,United Kingdom,69,313.8975,94,1.2765957446808511,4808.64,5,4,4,13,Champions,0
17483,65,3,414.04,2011-06-09 19:40:00,2011-10-05 13:10:00,United Kingdom,18,138.01333333333335,183,0.49180327868852464,814.5,3,4,2,9,Potential Loyalists,0
17486,261,1,396.87,2011-03-23 14:00:00,2011-03-23 14:00:00,United Kingdom,24,396.87,261,0.1149425287356322,547.41,1,2,2,5,At Risk,1
17489,59,2,376.64,2011-05-11 11:34:00,2011-10-12 08:56:00,United Kingdom,28,188.32,213,0.28169014084507044,636.57,3,3,2,8,Potential Loyalists,0
17490,1,7,2092.32,2011-06-16 09:15:00,2011-12-09 09:08:00,United Kingdom,63,298.90285714285716,177,1.1864406779661016,4255.57,5,5,5,15,Champions,0
17491,1,10,3558.87,2010-12-07 12:18:00,2011-12-08 16:18:00,United Kingdom,72,355.887,368,0.8152173913043478,3481.5,5,5,5,15,Champions,0
17492,248,1,374.57,2011-04-05 15:21:00,2011-04-05 15:21:00,United Kingdom,12,374.57,248,0.12096774193548386,543.73,1,2,2,5,At Risk,1
17495,8,2,497.56,2011-11-01 12:06:00,2011-12-02 12:08:00,United Kingdom,21,248.78,39,1.5384615384615383,4592.86,5,3,3,11,Loyal Customers,0
17496,359,1,271.05,2010-12-16 08:39:00,2010-12-16 08:39:00,United Kingdom,10,271.05,359,0.08356545961002786,271.81,1,2,2,5,At Risk,1
17498,76,1,272.22,2011-09-25 12:25:00,2011-09-25 12:25:00,United Kingdom,17,272.22,76,0.39473684210526316,1289.46,2,2,2,6,At Risk,0
17499,290,1,622.88,2011-02-23 09:14:00,2011-02-23 09:14:00,United Kingdom,40,622.88,290,0.10344827586206898,773.23,1,2,3,6,At Risk,1
17500,17,3,1138.0,2011-11-10 09:08:00,2011-11-22 14:25:00,United Kingdom,3,379.3333333333333,30,3.0,13656.0,4,4,4,12,Loyal Customers,0
17501,221,2,288.6,2011-05-03 09:46:00,2011-05-03 09:47:00,United Kingdom,18,144.3,221,0.2714932126696833,470.12,1,3,2,6,At Risk,1
17502,9,4,689.1,2011-11-10 16:39:00,2011-11-30 13:13:00,United Kingdom,25,172.275,29,4.0,8269.2,5,4,3,12,Loyal Customers,0
17503,3,2,558.96,2011-11-01 11:12:00,2011-12-07 09:18:00,United Kingdom,36,279.48,39,1.5384615384615383,5159.63,5,3,3,11,Loyal Customers,0
17504,206,9,2997.0299999999997,2011-01-21 11:09:00,2011-05-17 12:59:00,United Kingdom,112,333.00333333333333,323,0.8359133126934983,3340.34,1,5,5,11,Loyal Customers,1
17505,162,2,1145.84,2011-05-18 09:01:00,2011-07-01 12:50:00,United Kingdom,48,572.92,206,0.29126213592233013,2002.44,2,3,4,9,Potential Loyalists,1
17506,76,1,302.2,2011-09-25 11:39:00,2011-09-25 11:39:00,United Kingdom,14,302.2,76,0.39473684210526316,1431.47,2,2,2,6,At Risk,0
17507,262,2,605.58,2011-02-03 18:08:00,2011-03-23 11:48:00,United Kingdom,79,302.79,309,0.1941747572815534,705.53,1,3,3,7,Potential Loyalists,1
17508,281,1,387.31,2011-03-04 08:10:00,2011-03-04 08:10:00,Greece,22,387.31,281,0.10676156583629892,496.2,1,2,2,5,At Risk,1
17509,58,8,6115.14,2011-10-07 13:14:00,2011-10-13 10:26:00,United Kingdom,75,764.3925,63,3.8095238095238093,34943.66,3,5,5,13,Champions,0
17510,25,1,308.48,2011-11-15 10:00:00,2011-11-15 10:00:00,United Kingdom,20,308.48,25,1.0,3701.76,4,2,2,8,Potential Loyalists,0
17511,3,31,91062.38,2010-12-01 10:19:00,2011-12-07 10:12:00,United Kingdom,453,2937.496129032258,374,2.486631016042781,87653.63,5,5,5,15,Champions,0
17512,29,10,2924.9900000000002,2011-02-11 12:22:00,2011-11-11 12:11:00,United Kingdom,61,292.499,302,0.9933774834437087,3486.74,4,5,5,14,Champions,0
17513,72,1,513.2,2011-09-28 16:42:00,2011-09-28 16:42:00,United Kingdom,6,513.2,72,0.4166666666666667,2566.0,3,2,3,8,Potential Loyalists,0
17514,128,1,208.65,2011-08-03 15:45:00,2011-08-03 15:45:00,United Kingdom,40,208.65,128,0.234375,586.83,2,2,1,5,At Risk,1
17515,31,4,639.02,2011-01-25 14:33:00,2011-11-08 14:04:00,United Kingdom,49,159.755,318,0.37735849056603776,723.42,4,4,3,11,Loyal Customers,0
17516,15,5,768.08,2011-02-27 12:41:00,2011-11-24 16:51:00,United Kingdom,113,153.616,286,0.5244755244755245,966.81,4,4,3,11,Loyal Customers,0
17517,309,1,153.94,2011-02-04 11:48:00,2011-02-04 11:48:00,United Kingdom,11,153.94,309,0.0970873786407767,179.35,1,2,1,4,Lost,1
17519,17,6,1844.02,2010-12-06 15:18:00,2011-11-22 16:43:00,United Kingdom,60,307.33666666666664,368,0.48913043478260865,1803.93,4,5,4,13,Champions,0
17520,54,1,546.81,2011-10-17 12:04:00,2011-10-17 12:04:00,United Kingdom,30,546.81,54,0.5555555555555556,3645.4,3,2,3,8,Potential Loyalists,0
17521,30,3,723.2099999999999,2011-05-24 15:14:00,2011-11-10 11:22:00,United Kingdom,38,241.06999999999996,199,0.4522613065326633,1308.32,4,4,3,11,Loyal Customers,0
17522,2,5,1070.71,2011-05-05 16:31:00,2011-12-08 12:31:00,United Kingdom,59,214.142,218,0.6880733944954128,1768.14,5,4,4,13,Champions,0
17523,11,4,652.74,2011-11-20 13:40:00,2011-11-28 13:20:00,United Kingdom,25,163.185,19,4.0,7832.88,5,4,3,12,Loyal Customers,0
17524,361,1,145.0,2010-12-13 14:32:00,2010-12-13 14:32:00,United Kingdom,6,145.0,361,0.08310249307479224,144.6,1,2,1,4,Lost,1
17525,360,1,422.70000000000005,2010-12-15 12:05:00,2010-12-15 12:05:00,United Kingdom,9,422.70000000000005,360,0.08333333333333333,422.7,1,2,2,5,At Risk,1
17526,5,4,1195.8999999999999,2010-12-09 12:20:00,2011-12-05 11:05:00,United Kingdom,17,298.97499999999997,366,0.3278688524590164,1176.3,5,4,4,13,Champions,0
17527,54,4,939.37,2011-05-05 13:43:00,2011-10-17 12:32:00,United Kingdom,45,234.8425,218,0.5504587155963303,1551.25,3,4,3,10,Loyal Customers,0
17528,1,8,3628.5,2011-09-29 13:04:00,2011-12-08 13:27:00,United Kingdom,183,453.5625,71,3.380281690140845,18398.03,5,5,5,15,Champions,0
17530,1,10,2385.0,2010-12-09 20:01:00,2011-12-08 18:42:00,United Kingdom,306,238.5,365,0.8219178082191781,2352.33,5,5,5,15,Champions,0
17531,190,1,296.7,2011-06-02 19:17:00,2011-06-02 19:17:00,United Kingdom,14,296.7,190,0.15789473684210528,562.17,1,2,2,5,At Risk,1
17534,54,1,223.36,2011-10-17 12:47:00,2011-10-17 12:47:00,United Kingdom,9,223.36,54,0.5555555555555556,1489.07,3,2,1,6,At Risk,0
17535,280,1,164.4,2011-03-04 15:20:00,2011-03-04 15:20:00,United Kingdom,13,164.4,280,0.10714285714285714,211.37,1,2,1,4,Lost,1
17536,177,1,76.5,2011-06-15 13:23:00,2011-06-15 13:23:00,United Kingdom,3,76.5,177,0.1694915254237288,155.59,2,2,1,5,At Risk,1
17537,30,2,897.62,2011-02-09 13:37:00,2011-11-10 10:56:00,United Kingdom,74,448.81,303,0.19801980198019803,1066.48,4,3,3,10,Loyal Customers,0
17538,26,1,98.42,2011-11-14 12:12:00,2011-11-14 12:12:00,United Kingdom,9,98.42,26,1.0,1181.04,4,2,1,7,Potential Loyalists,0
17540,25,2,578.9,2011-01-27 14:35:00,2011-11-15 11:56:00,United Kingdom,20,289.45,316,0.189873417721519,659.51,4,3,3,10,Loyal Customers,0
17542,270,1,170.75,2011-03-15 11:45:00,2011-03-15 11:45:00,United Kingdom,24,170.75,270,0.1111111111111111,227.67,1,2,1,4,Lost,1
17545,43,3,645.96,2011-10-27 13:48:00,2011-10-27 14:04:00,United Kingdom,122,215.32000000000002,43,2.0930232558139537,5408.04,3,4,3,10,Loyal Customers,0
17548,234,1,103.3,2011-04-20 12:01:00,2011-04-20 12:01:00,United Kingdom,5,103.3,234,0.12820512820512822,158.92,1,2,1,4,Lost,1
17549,24,2,148.86,2011-10-19 10:05:00,2011-11-16 09:59:00,United Kingdom,5,74.43,52,1.1538461538461537,1030.57,4,3,1,8,Potential Loyalists,0
17550,197,3,267.16,2011-04-10 15:19:00,2011-05-26 14:09:00,United Kingdom,42,89.05333333333334,243,0.3703703703703704,395.79,1,4,2,7,Potential Loyalists,1
17551,359,1,306.84,2010-12-15 14:12:00,2010-12-15 14:12:00,United Kingdom,39,306.84,359,0.08356545961002786,307.69,1,2,2,5,At Risk,1
17552,60,4,930.41,2010-12-02 18:45:00,2011-10-10 17:00:00,United Kingdom,43,232.6025,372,0.3225806451612903,900.4,3,4,3,10,Loyal Customers,0
17553,130,1,1487.6,2011-08-02 10:00:00,2011-08-02 10:00:00,United Kingdom,2,1487.6,130,0.23076923076923078,4119.51,2,2,4,8,Potential Loyalists,1
17554,1,5,1952.45,2011-07-14 20:01:00,2011-12-08 14:15:00,United Kingdom,58,390.49,148,1.0135135135135134,4749.2,5,4,4,13,Champions,0
17555,20,2,483.26,2011-01-09 12:31:00,2011-11-20 12:22:00,United Kingdom,101,241.63,335,0.17910447761194032,519.32,4,3,2,9,Potential Loyalists,0
17556,206,1,157.9,2011-05-18 10:48:00,2011-05-18 10:48:00,United Kingdom,6,157.9,206,0.14563106796116507,275.94,1,2,1,4,Lost,1
17557,14,3,541.46,2011-09-19 14:23:00,2011-11-25 12:57:00,United Kingdom,27,180.48666666666668,81,1.111111111111111,2406.49,4,4,3,11,Loyal Customers,0
17560,95,4,854.95,2011-02-02 11:14:00,2011-09-06 09:18:00,United Kingdom,22,213.7375,311,0.3858520900321543,989.65,2,4,3,9,Potential Loyalists,1
17561,19,1,167.62,2011-11-20 12:53:00,2011-11-20 12:53:00,United Kingdom,44,167.62,19,1.0,2011.44,4,2,1,7,Potential Loyalists,0
17562,14,7,1122.38,2011-06-19 13:06:00,2011-11-25 14:21:00,United Kingdom,48,160.34,173,1.2138728323699421,2335.59,4,5,4,13,Champions,0
17564,24,3,454.01,2011-09-20 14:00:00,2011-11-15 13:27:00,United Kingdom,38,151.33666666666667,80,1.125,2043.04,4,4,2,10,Loyal Customers,0
17566,8,2,901.21,2011-11-14 13:42:00,2011-12-01 19:54:00,United Kingdom,113,450.605,25,2.0,10814.52,5,3,3,11,Loyal Customers,0
17567,7,8,4331.48,2010-12-02 15:18:00,2011-12-02 15:48:00,United Kingdom,110,541.435,372,0.6451612903225806,4191.75,5,5,5,15,Champions,0
17569,332,1,344.14,2011-01-11 14:15:00,2011-01-11 14:15:00,United Kingdom,29,344.14,332,0.09036144578313253,373.16,1,2,2,5,At Risk,1
17571,50,4,1498.51,2011-02-14 15:15:00,2011-10-20 15:57:00,United Kingdom,247,374.6275,298,0.40268456375838924,1810.28,3,4,4,11,Loyal Customers,0
17572,71,4,226.75000000000003,2010-12-01 12:51:00,2011-09-29 17:53:00,United Kingdom,7,56.68750000000001,373,0.32171581769436997,218.85,3,4,1,8,Potential Loyalists,0
17573,29,3,380.6,2011-09-07 10:36:00,2011-11-10 13:01:00,United Kingdom,24,126.86666666666667,94,0.9574468085106383,1457.62,4,4,2,10,Loyal Customers,0
17574,243,1,185.65,2011-04-11 09:47:00,2011-04-11 09:47:00,United Kingdom,8,185.65,243,0.1234567901234568,275.04,1,2,1,4,Lost,1
17576,8,19,3622.68,2010-12-09 16:57:00,2011-12-01 17:56:00,United Kingdom,245,190.66736842105263,365,1.5616438356164384,3573.05,5,5,5,15,Champions,0
17578,218,1,143.45999999999998,2011-05-05 18:38:00,2011-05-05 18:38:00,United Kingdom,5,143.45999999999998,218,0.13761467889908258,236.91,1,2,1,4,Lost,1
17579,5,3,448.90000000000003,2011-06-13 14:12:00,2011-12-05 12:28:00,United Kingdom,46,149.63333333333335,179,0.5027932960893855,902.82,5,4,2,11,Loyal Customers,0
17580,253,3,215.72,2010-12-16 15:27:00,2011-04-01 12:41:00,United Kingdom,43,71.90666666666667,358,0.25139664804469275,216.93,1,4,1,6,At Risk,1
17581,1,25,11045.04,2010-12-02 14:47:00,2011-12-09 12:21:00,United Kingdom,229,441.8016,372,2.0161290322580645,10688.75,5,5,5,15,Champions,0
17582,236,1,175.27,2011-04-17 13:18:00,2011-04-17 13:18:00,United Kingdom,28,175.27,236,0.1271186440677966,267.36,1,2,1,4,Lost,1
17584,7,2,1242.3,2011-08-04 14:12:00,2011-12-02 17:12:00,United Kingdom,30,621.15,127,0.47244094488188976,3521.48,5,3,4,12,Loyal Customers,0
17585,109,4,1133.07,2011-01-05 15:09:00,2011-08-22 13:30:00,United Kingdom,176,283.2675,338,0.35502958579881655,1206.82,2,4,4,10,Loyal Customers,1
17588,100,3,1240.2,2011-04-21 10:31:00,2011-08-31 13:37:00,United Kingdom,19,413.40000000000003,233,0.38626609442060084,1916.19,2,4,4,10,Loyal Customers,1
17589,60,4,2404.17,2011-04-13 13:47:00,2011-10-10 16:58:00,United Kingdom,172,601.0425,240,0.5,3606.26,3,4,5,12,Loyal Customers,0
17590,2,3,1479.22,2011-10-30 14:05:00,2011-12-07 12:55:00,United Kingdom,162,493.0733333333333,40,2.25,13312.98,5,4,4,13,Champions,0
17591,73,7,2225.9700000000003,2010-12-07 15:39:00,2011-09-27 13:42:00,United Kingdom,81,317.9957142857143,367,0.5722070844686649,2183.51,2,5,5,12,Loyal Customers,0
17593,4,5,3927.34,2010-12-22 10:29:00,2011-12-06 10:30:00,United Kingdom,190,785.4680000000001,353,0.4249291784702549,4005.22,5,4,5,14,Champions,0
17594,85,2,993.18,2011-03-30 10:32:00,2011-09-15 16:34:00,United Kingdom,42,496.59,255,0.23529411764705882,1402.14,2,3,4,9,Potential Loyalists,0
17595,12,2,388.79,2011-11-02 16:19:00,2011-11-27 16:08:00,United Kingdom,68,194.395,37,1.6216216216216215,3782.82,5,3,2,10,Loyal Customers,0
17596,23,7,2827.93,2010-12-06 12:34:00,2011-11-16 14:11:00,United Kingdom,168,403.98999999999995,369,0.5691056910569106,2758.96,4,5,5,14,Champions,0
17597,214,1,2044.3700000000001,2011-05-10 11:54:00,2011-05-10 11:54:00,United Kingdom,55,2044.3700000000001,214,0.14018691588785046,3439.13,1,2,4,7,Potential Loyalists,1
17600,18,1,161.67000000000002,2011-11-22 09:43:00,2011-11-22 09:43:00,United Kingdom,13,161.67000000000002,18,1.0,1940.04,4,2,1,7,Potential Loyalists,0
17601,239,1,116.00999999999999,2011-04-14 18:02:00,2011-04-14 18:02:00,United Kingdom,9,116.00999999999999,239,0.12552301255230125,174.74,1,2,1,4,Lost,1
17602,2,6,5102.97,2011-01-19 16:18:00,2011-12-07 13:53:00,United Kingdom,335,850.495,324,0.5555555555555555,5669.97,5,5,5,15,Champions,0
17603,78,1,394.72,2011-09-22 14:18:00,2011-09-22 14:18:00,United Kingdom,11,394.72,78,0.3846153846153846,1821.78,2,2,2,6,At Risk,0
17604,217,2,309.36,2011-01-31 15:09:00,2011-05-06 13:43:00,United Kingdom,57,154.68,312,0.1923076923076923,356.95,1,3,2,6,At Risk,1
17608,33,2,193.42,2011-11-06 13:00:00,2011-11-06 13:06:00,United Kingdom,54,96.71,33,1.8181818181818181,2110.04,4,3,1,8,Potential Loyalists,0
17609,41,5,1112.22,2011-01-16 16:23:00,2011-10-30 12:28:00,United Kingdom,199,222.44400000000002,327,0.4587155963302752,1224.46,3,4,4,11,Loyal Customers,0
17611,7,15,3984.22,2010-12-13 13:52:00,2011-12-02 13:29:00,United Kingdom,440,265.61466666666666,361,1.2465373961218837,3973.18,5,5,5,15,Champions,0
17612,53,6,2048.45,2011-02-15 10:40:00,2011-10-17 14:59:00,United Kingdom,116,341.4083333333333,298,0.6040268456375839,2474.64,3,5,4,12,Loyal Customers,0
17613,23,14,4559.150000000001,2011-02-07 11:20:00,2011-11-17 10:51:00,United Kingdom,211,325.65357142857147,306,1.3725490196078431,5363.71,4,5,5,14,Champions,0
17614,57,1,390.07,2011-10-13 16:01:00,2011-10-13 16:01:00,United Kingdom,97,390.07,57,0.5263157894736842,2463.6,3,2,2,7,Potential Loyalists,0
17615,130,3,329.6,2011-05-01 15:33:00,2011-08-01 14:06:00,United Kingdom,13,109.86666666666667,222,0.4054054054054054,534.49,2,4,2,8,Potential Loyalists,1
17616,174,3,571.1999999999999,2010-12-07 10:04:00,2011-06-19 10:11:00,United Kingdom,1,190.39999999999998,368,0.24456521739130432,558.78,2,4,3,9,Potential Loyalists,1
17618,6,3,971.58,2010-12-12 16:05:00,2011-12-04 11:50:00,United Kingdom,56,323.86,362,0.24861878453038674,966.21,5,4,4,13,Champions,0
17619,312,1,218.52,2011-01-31 14:18:00,2011-01-31 14:18:00,United Kingdom,71,218.52,312,0.09615384615384615,252.14,1,2,1,4,Lost,1
17620,60,1,81.44,2011-10-11 12:08:00,2011-10-11 12:08:00,United Kingdom,4,81.44,60,0.5,488.64,3,2,1,6,At Risk,0
17621,21,3,1379.9,2010-12-20 13:31:00,2011-11-18 17:11:00,United Kingdom,24,459.9666666666667,354,0.2542372881355932,1403.29,4,4,4,12,Loyal Customers,0
17623,33,1,527.0500000000001,2011-11-07 11:32:00,2011-11-07 11:32:00,United Kingdom,33,527.0500000000001,33,0.9090909090909091,5749.64,4,2,3,9,Potential Loyalists,0
17624,15,2,843.48,2011-05-05 17:59:00,2011-11-25 10:52:00,United Kingdom,49,421.74,218,0.27522935779816515,1392.9,4,3,3,10,Loyal Customers,0
17625,18,4,2047.0,2011-03-27 12:21:00,2011-11-21 13:36:00,United Kingdom,223,511.75,258,0.46511627906976744,2856.28,4,4,4,12,Loyal Customers,0
17628,81,1,75.75,2011-09-19 15:21:00,2011-09-19 15:21:00,United Kingdom,5,75.75,81,0.37037037037037035,336.67,2,2,1,5,At Risk,0
17629,6,8,1814.12,2010-12-15 09:58:00,2011-12-04 10:56:00,United Kingdom,106,226.765,360,0.6666666666666666,1814.12,5,5,4,14,Champions,0
17630,170,2,503.59999999999997,2011-04-21 14:03:00,2011-06-23 11:58:00,United Kingdom,24,251.79999999999998,232,0.25862068965517243,781.45,2,3,3,8,Potential Loyalists,1
17631,2,3,528.33,2011-04-21 13:22:00,2011-12-08 09:47:00,United Kingdom,39,176.11,232,0.3879310344827586,819.82,5,4,3,12,Loyal Customers,0
17633,31,4,1324.84,2011-08-11 15:43:00,2011-11-08 13:25:00,United Kingdom,59,331.21,120,1.0,3974.52,4,4,4,12,Loyal Customers,0
17634,36,9,2361.9700000000003,2011-01-06 12:45:00,2011-11-03 13:09:00,United Kingdom,209,262.4411111111111,338,0.7988165680473372,2515.71,3,5,5,13,Champions,0
17636,19,1,285.56,2011-11-20 14:40:00,2011-11-20 14:40:00,United Kingdom,20,285.56,19,1.0,3426.72,4,2,2,8,Potential Loyalists,0
17637,31,2,547.0600000000001,2011-08-16 13:25:00,2011-11-08 12:51:00,United Kingdom,35,273.53000000000003,115,0.5217391304347826,1712.54,4,3,3,10,Loyal Customers,0
17639,276,1,108.5,2011-03-08 15:22:00,2011-03-08 15:22:00,United Kingdom,7,108.5,276,0.10869565217391305,141.52,1,2,1,4,Lost,1
17640,87,1,621.66,2011-09-14 09:13:00,2011-09-14 09:13:00,United Kingdom,5,621.66,87,0.3448275862068966,2572.39,2,2,3,7,Potential Loyalists,0
17642,120,2,712.29,2011-06-16 12:55:00,2011-08-12 09:11:00,United Kingdom,34,356.145,176,0.34090909090909094,1456.96,2,3,3,8,Potential Loyalists,1
17643,373,1,101.55,2010-12-01 14:38:00,2010-12-01 14:38:00,United Kingdom,8,101.55,373,0.08042895442359249,98.01,1,2,1,4,Lost,1
17644,1,11,2895.64,2011-03-24 09:44:00,2011-12-08 13:43:00,United Kingdom,102,263.24,261,1.264367816091954,3993.99,5,5,5,15,Champions,0
17646,219,3,1008.39,2010-12-09 14:28:00,2011-05-04 13:17:00,United Kingdom,46,336.13,365,0.24657534246575344,994.58,1,4,4,9,Potential Loyalists,1
17647,65,1,133.06,2011-10-05 15:38:00,2011-10-05 15:38:00,United Kingdom,7,133.06,65,0.46153846153846156,736.95,3,2,1,6,At Risk,0
17648,61,4,1797.5,2011-04-04 10:29:00,2011-10-10 09:41:00,United Kingdom,81,449.375,250,0.48,2588.4,3,4,4,11,Loyal Customers,0
17649,138,1,868.49,2011-07-24 15:53:00,2011-07-24 15:53:00,United Kingdom,52,868.49,138,0.2173913043478261,2265.63,2,2,3,7,Potential Loyalists,1
17650,21,1,166.08,2011-11-18 14:52:00,2011-11-18 14:52:00,United Kingdom,8,166.08,21,1.0,1992.96,4,2,1,7,Potential Loyalists,0
17651,12,10,3945.0,2011-06-15 15:57:00,2011-11-28 10:29:00,United Kingdom,149,394.5,177,1.694915254237288,8023.73,5,5,5,15,Champions,0
17652,25,12,4867.72,2011-03-03 14:05:00,2011-11-14 12:55:00,United Kingdom,118,405.6433333333334,281,1.281138790035587,6236.22,4,5,5,14,Champions,0
17653,37,4,1207.56,2011-08-11 15:24:00,2011-11-03 12:46:00,United Kingdom,44,301.89,120,1.0,3622.68,3,4,4,11,Loyal Customers,0
17654,277,1,117.55,2011-03-07 13:17:00,2011-03-07 13:17:00,United Kingdom,22,117.55,277,0.10830324909747294,152.77,1,2,1,4,Lost,1
17655,11,7,2638.94,2010-12-08 16:45:00,2011-11-29 11:34:00,United Kingdom,66,376.99142857142857,366,0.5737704918032788,2595.68,5,5,5,15,Champions,0
17656,73,5,1674.69,2011-08-03 10:45:00,2011-09-27 13:04:00,United Kingdom,67,334.938,129,1.1627906976744187,4673.55,2,4,4,10,Loyal Customers,0
17658,26,2,595.42,2011-05-12 15:23:00,2011-11-14 12:07:00,United Kingdom,17,297.71,211,0.2843601895734597,1015.88,4,3,3,10,Loyal Customers,0
17659,17,12,2999.46,2010-12-02 16:46:00,2011-11-22 13:29:00,United Kingdom,127,249.955,372,0.9677419354838709,2902.7,4,5,5,14,Champions,0
17660,141,1,196.0,2011-07-21 13:37:00,2011-07-21 13:37:00,United Kingdom,37,196.0,141,0.2127659574468085,500.43,2,2,1,5,At Risk,1
17663,26,7,1802.91,2011-02-25 14:11:00,2011-11-14 08:56:00,United Kingdom,63,257.55857142857144,287,0.7317073170731707,2261.49,4,5,4,13,Champions,0
17664,19,2,604.64,2011-05-11 14:17:00,2011-11-21 11:29:00,United Kingdom,41,302.32,212,0.2830188679245283,1026.75,4,3,3,10,Loyal Customers,0
17666,4,2,728.16,2011-10-05 11:06:00,2011-12-06 09:06:00,United Kingdom,14,364.08,66,0.9090909090909091,3971.78,5,3,3,11,Loyal Customers,0
17667,66,5,2055.51,2011-02-14 09:24:00,2011-10-04 14:32:00,United Kingdom,85,411.10200000000003,299,0.5016722408026756,2474.86,3,4,4,11,Loyal Customers,0
17668,1,2,347.75,2011-11-01 14:45:00,2011-12-08 13:25:00,United Kingdom,14,173.875,38,1.5789473684210527,3294.47,5,3,2,10,Loyal Customers,0
17669,43,7,3406.7200000000003,2011-04-04 10:11:00,2011-10-28 08:53:00,United Kingdom,45,486.67428571428576,250,0.84,4905.68,3,5,5,13,Champions,0
17670,228,1,205.7,2011-04-26 09:12:00,2011-04-26 09:12:00,United Kingdom,11,205.7,228,0.13157894736842105,324.79,1,2,1,4,Lost,1
17671,16,4,1572.71,2010-12-09 14:27:00,2011-11-24 12:21:00,United Kingdom,40,393.1775,365,0.32876712328767127,1551.17,4,4,4,12,Loyal Customers,0
17672,50,2,3178.17,2011-02-03 13:29:00,2011-10-20 14:18:00,United Kingdom,105,1589.085,309,0.1941747572815534,3702.72,3,3,5,11,Loyal Customers,0
17673,2,6,1629.12,2011-01-23 15:16:00,2011-12-08 12:50:00,United Kingdom,118,271.52,320,0.5625,1832.76,5,5,4,14,Champions,0
17674,74,2,551.04,2010-12-06 10:20:00,2011-09-26 13:35:00,United Kingdom,19,275.52,369,0.16260162601626016,537.6,2,3,3,8,Potential Loyalists,0
17675,1,31,20374.28,2010-12-07 13:22:00,2011-12-08 18:03:00,United Kingdom,239,657.2348387096774,367,2.5340599455040875,19985.67,5,5,5,15,Champions,0
17676,4,6,1387.68,2010-12-08 13:49:00,2011-12-05 15:16:00,United Kingdom,49,231.28,366,0.49180327868852464,1364.93,5,5,4,14,Champions,0
17677,2,30,16363.23,2010-12-06 08:42:00,2011-12-08 09:56:00,United Kingdom,178,545.441,369,2.4390243902439024,15964.13,5,5,5,15,Champions,0
17678,264,1,298.11,2011-03-21 11:52:00,2011-03-21 11:52:00,United Kingdom,16,298.11,264,0.11363636363636363,406.51,1,2,2,5,At Risk,1
17679,53,2,1992.1100000000001,2011-09-15 10:35:00,2011-10-18 07:43:00,United Kingdom,29,996.0550000000001,86,0.6976744186046512,8339.07,3,3,4,10,Loyal Customers,0
17680,24,1,184.4,2011-11-16 12:42:00,2011-11-16 12:42:00,United Kingdom,11,184.4,24,1.0,2212.8,4,2,1,7,Potential Loyalists,0
17682,10,6,2474.33,2010-12-06 13:35:00,2011-11-29 15:59:00,United Kingdom,48,412.3883333333333,368,0.48913043478260865,2420.54,5,5,5,15,Champions,0
17684,44,1,239.41,2011-10-27 11:10:00,2011-10-27 11:10:00,United Kingdom,15,239.41,44,0.6818181818181819,1958.81,3,2,1,6,At Risk,0
17685,17,7,3191.53,2010-12-02 14:42:00,2011-11-23 11:36:00,United Kingdom,88,455.9328571428572,372,0.564516129032258,3088.58,4,5,5,14,Champions,0
17686,7,7,5739.46,2011-02-10 10:18:00,2011-12-02 15:39:00,United Kingdom,205,819.9228571428572,303,0.6930693069306931,6819.16,5,5,5,15,Champions,0
17690,30,15,4757.95,2010-12-01 16:15:00,2011-11-09 15:17:00,United Kingdom,186,317.19666666666666,373,1.2064343163538873,4592.12,4,5,5,14,Champions,0
17691,358,2,290.40000000000003,2010-12-06 11:10:00,2010-12-16 17:20:00,United Kingdom,18,145.20000000000002,369,0.16260162601626016,283.32,1,3,2,6,At Risk,1
17692,127,4,740.9399999999999,2010-12-15 13:37:00,2011-08-04 14:01:00,United Kingdom,34,185.23499999999999,359,0.3342618384401114,743.0,2,4,3,9,Potential Loyalists,1
17693,137,1,200.47,2011-07-25 15:48:00,2011-07-25 15:48:00,United Kingdom,16,200.47,137,0.21897810218978103,526.78,2,2,1,5,At Risk,1
17694,142,1,283.12,2011-07-21 12:00:00,2011-07-21 12:00:00,United Kingdom,15,283.12,142,0.2112676056338028,717.77,2,2,2,6,At Risk,1
17695,132,2,765.34,2011-06-21 12:35:00,2011-07-31 10:40:00,United Kingdom,30,382.67,172,0.3488372093023256,1601.87,2,3,3,8,Potential Loyalists,1
17696,38,8,2285.71,2010-12-10 09:51:00,2011-11-01 13:43:00,United Kingdom,78,285.71375,365,0.6575342465753425,2254.4,3,5,5,13,Champions,0
17697,236,1,338.95,2011-04-17 15:40:00,2011-04-17 15:40:00,United Kingdom,19,338.95,236,0.1271186440677966,517.04,1,2,2,5,At Risk,1
17698,261,1,154.95,2011-03-24 11:34:00,2011-03-24 11:34:00,United Kingdom,8,154.95,261,0.1149425287356322,213.72,1,2,1,4,Lost,1
17700,17,4,2534.64,2011-03-03 16:34:00,2011-11-23 11:51:00,United Kingdom,116,633.66,281,0.4270462633451957,3247.23,4,4,5,13,Champions,0
17701,253,1,417.95,2011-04-01 12:25:00,2011-04-01 12:25:00,United Kingdom,24,417.95,253,0.11857707509881422,594.71,1,2,2,5,At Risk,1
17702,30,4,1824.37,2011-05-17 16:23:00,2011-11-09 16:03:00,United Kingdom,58,456.0925,206,0.5825242718446603,3188.22,4,4,4,12,Loyal Customers,0
17703,35,3,798.74,2011-07-24 13:30:00,2011-11-04 15:51:00,United Kingdom,47,266.24666666666667,138,0.6521739130434783,2083.67,3,4,3,10,Loyal Customers,0
17704,169,2,885.19,2011-04-14 09:28:00,2011-06-24 09:40:00,United Kingdom,27,442.595,240,0.25,1327.78,2,3,3,8,Potential Loyalists,1
17705,3,9,1823.52,2011-02-11 10:57:00,2011-12-06 13:45:00,United Kingdom,63,202.61333333333334,302,0.8940397350993378,2173.73,5,5,4,14,Champions,0
17706,4,17,10504.49,2010-12-08 11:02:00,2011-12-05 13:34:00,United Kingdom,270,617.9111764705882,367,1.3896457765667576,10304.13,5,5,5,15,Champions,0
17707,185,2,152.4,2011-01-07 13:30:00,2011-06-07 15:03:00,United Kingdom,3,76.2,336,0.17857142857142858,163.29,1,3,1,5,At Risk,1
17708,188,2,267.08,2011-01-19 10:09:00,2011-06-05 10:12:00,United Kingdom,28,133.54,325,0.1846153846153846,295.84,1,3,2,6,At Risk,1
17709,170,1,137.45,2011-06-23 11:55:00,2011-06-23 11:55:00,United Kingdom,7,137.45,170,0.1764705882352941,291.07,2,2,1,5,At Risk,1
17711,11,2,385.1,2011-02-23 11:32:00,2011-11-29 11:40:00,United Kingdom,22,192.55,290,0.20689655172413796,478.06,5,3,2,10,Loyal Customers,0
17712,45,1,522.91,2011-10-26 12:28:00,2011-10-26 12:28:00,United Kingdom,29,522.91,45,0.6666666666666666,4183.28,3,2,3,8,Potential Loyalists,0
17714,321,1,153.0,2011-01-23 10:32:00,2011-01-23 10:32:00,United Kingdom,10,153.0,321,0.09345794392523366,171.59,1,2,1,4,Lost,1
17715,201,1,326.4,2011-05-23 12:32:00,2011-05-23 12:32:00,United Kingdom,1,326.4,201,0.14925373134328357,584.6,1,2,2,5,At Risk,1
17716,23,11,5655.99,2011-03-17 10:38:00,2011-11-17 12:00:00,United Kingdom,171,514.180909090909,268,1.2313432835820894,7597.6,4,5,5,14,Champions,0
17718,232,1,139.35,2011-04-21 13:39:00,2011-04-21 13:39:00,United Kingdom,6,139.35,232,0.12931034482758622,216.23,1,2,1,4,Lost,1
17719,38,15,5396.04,2011-03-29 11:29:00,2011-11-02 10:36:00,United Kingdom,111,359.736,256,1.7578125,7588.18,3,5,5,13,Champions,0
17720,26,4,1195.94,2010-12-07 10:43:00,2011-11-13 15:04:00,United Kingdom,39,298.985,368,0.32608695652173914,1169.94,4,4,4,12,Loyal Customers,0
17722,96,4,2424.04,2010-12-08 12:41:00,2011-09-04 15:22:00,United Kingdom,111,606.01,367,0.32697547683923706,2377.8,2,4,5,11,Loyal Customers,1
17723,127,6,3276.4000000000005,2011-05-09 14:44:00,2011-08-04 18:37:00,United Kingdom,4,546.0666666666667,214,0.8411214953271028,5511.7,2,5,5,12,Loyal Customers,1
17724,71,3,1033.0,2011-07-24 13:26:00,2011-09-29 15:26:00,United Kingdom,38,344.3333333333333,138,0.6521739130434783,2694.78,3,4,4,11,Loyal Customers,0
17725,16,11,3439.08,2011-03-17 19:47:00,2011-11-23 16:34:00,United Kingdom,115,312.64363636363635,267,1.2359550561797752,4636.96,4,5,5,14,Champions,0
17727,15,1,1060.25,2011-11-24 17:06:00,2011-11-24 17:06:00,United Kingdom,66,1060.25,15,1.0,12723.0,4,2,4,10,Loyal Customers,0
17728,4,3,2876.01,2011-09-14 11:39:00,2011-12-06 08:52:00,United Kingdom,153,958.6700000000001,87,1.0344827586206897,11900.73,5,4,5,14,Champions,0
17730,3,13,5298.4800000000005,2011-01-17 14:49:00,2011-12-06 15:43:00,United Kingdom,127,407.5753846153847,326,1.196319018404908,5851.08,5,5,5,15,Champions,0
17731,79,4,1240.11,2011-06-09 14:18:00,2011-09-21 15:02:00,United Kingdom,54,310.0275,183,0.6557377049180328,2439.56,2,4,4,10,Loyal Customers,0
17732,373,1,303.97,2010-12-02 09:29:00,2010-12-02 09:29:00,United Kingdom,18,303.97,373,0.08042895442359249,293.38,1,2,2,5,At Risk,1
17733,39,2,692.19,2011-03-23 09:54:00,2011-11-01 08:16:00,United Kingdom,33,346.095,262,0.22900763358778628,951.1,3,3,3,9,Potential Loyalists,0
17734,54,3,700.63,2011-04-20 10:04:00,2011-10-17 12:33:00,United Kingdom,40,233.54333333333332,234,0.38461538461538464,1077.89,3,4,3,10,Loyal Customers,0
17735,2,19,13110.02,2010-12-07 10:32:00,2011-12-07 16:47:00,United Kingdom,319,690.001052631579,368,1.5489130434782608,12825.02,5,5,5,15,Champions,0
17736,9,3,377.44,2011-08-18 14:33:00,2011-11-30 15:36:00,United Kingdom,24,125.81333333333333,113,0.7964601769911505,1202.46,5,4,2,11,Loyal Customers,0
17737,9,2,168.24,2011-10-12 14:42:00,2011-11-30 15:16:00,United Kingdom,8,84.12,58,1.0344827586206897,1044.25,5,3,1,9,Potential Loyalists,0
17738,19,4,1879.05,2011-03-02 16:26:00,2011-11-20 15:05:00,United Kingdom,89,469.7625,282,0.425531914893617,2398.79,4,4,4,12,Loyal Customers,0
17739,12,7,2791.35,2010-12-14 14:26:00,2011-11-28 09:12:00,United Kingdom,29,398.7642857142857,360,0.5833333333333334,2791.35,5,5,5,15,Champions,0
17742,113,2,355.11,2011-01-11 10:04:00,2011-08-18 15:28:00,United Kingdom,13,177.555,333,0.1801801801801802,383.9,2,3,2,7,Potential Loyalists,1
17744,4,6,2322.4,2010-12-16 14:17:00,2011-12-06 12:11:00,United Kingdom,110,387.06666666666666,358,0.5027932960893855,2335.37,5,5,5,15,Champions,0
17746,240,1,110.25,2011-04-13 14:31:00,2011-04-13 14:31:00,United Kingdom,6,110.25,240,0.125,165.38,1,2,1,4,Lost,1
17747,113,1,71.4,2011-08-19 08:13:00,2011-08-19 08:13:00,United Kingdom,1,71.4,113,0.26548672566371684,227.47,2,2,1,5,At Risk,1
17749,178,2,674.52,2011-03-28 13:39:00,2011-06-14 15:45:00,United Kingdom,33,337.26,256,0.234375,948.54,2,3,3,8,Potential Loyalists,1
17750,5,9,1797.57,2011-06-28 15:44:00,2011-12-04 14:09:00,United Kingdom,101,199.73,164,1.646341463414634,3945.89,5,5,4,14,Champions,0
17752,359,1,80.64,2010-12-15 16:19:00,2010-12-15 16:19:00,United Kingdom,1,80.64,359,0.08356545961002786,80.86,1,2,1,4,Lost,1
17754,1,5,1772.26,2011-03-24 13:54:00,2011-12-09 11:20:00,United Kingdom,82,354.452,260,0.576923076923077,2453.9,5,4,4,13,Champions,0
17757,1,30,5605.29,2010-12-02 17:17:00,2011-12-08 15:31:00,United Kingdom,275,186.843,372,2.4193548387096775,5424.47,5,5,5,15,Champions,0
17758,19,8,3456.7000000000003,2011-04-03 15:22:00,2011-11-20 14:45:00,United Kingdom,310,432.08750000000003,250,0.96,4977.65,4,5,5,14,Champions,0
17759,17,3,834.99,2011-06-23 13:35:00,2011-11-22 16:02:00,United Kingdom,82,278.33,169,0.5325443786982248,1778.68,4,4,3,11,Loyal Customers,0
17760,22,2,287.59,2010-12-01 15:08:00,2011-11-18 10:56:00,United Kingdom,25,143.795,373,0.16085790884718498,277.57,4,3,2,9,Potential Loyalists,0
17761,33,1,712.78,2011-11-07 10:23:00,2011-11-07 10:23:00,United Kingdom,19,712.78,33,0.9090909090909091,7775.78,4,2,3,9,Potential Loyalists,0
17763,263,1,15.0,2011-03-21 14:25:00,2011-03-21 14:25:00,United Kingdom,1,15.0,263,0.11406844106463877,20.53,1,2,1,4,Lost,1
17764,51,2,818.8199999999999,2011-05-12 16:11:00,2011-10-20 11:03:00,United Kingdom,71,409.40999999999997,211,0.2843601895734597,1397.04,3,3,3,9,Potential Loyalists,0
17765,159,3,371.88,2011-03-28 11:58:00,2011-07-04 12:41:00,United Kingdom,51,123.96,257,0.3501945525291829,520.92,2,4,2,8,Potential Loyalists,1
17767,15,1,271.2,2011-11-24 14:42:00,2011-11-24 14:42:00,United Kingdom,21,271.2,15,1.0,3254.4,4,2,2,8,Potential Loyalists,0
17768,8,3,2273.1800000000003,2011-06-26 13:46:00,2011-12-01 13:22:00,United Kingdom,77,757.7266666666668,166,0.5421686746987951,4929.79,5,4,5,14,Champions,0
17769,13,10,3997.98,2011-01-23 11:15:00,2011-11-27 11:18:00,United Kingdom,200,399.798,321,0.9345794392523366,4483.72,5,5,5,15,Champions,0
17770,199,5,1143.27,2011-03-02 13:35:00,2011-05-25 12:34:00,United Kingdom,33,228.654,282,0.5319148936170213,1459.49,1,4,4,9,Potential Loyalists,1
17771,57,2,245.81,2011-01-20 14:13:00,2011-10-14 11:43:00,United Kingdom,51,122.905,323,0.18575851393188852,273.97,3,3,1,7,Potential Loyalists,0
17772,11,2,182.77,2011-11-29 10:57:00,2011-11-29 11:05:00,United Kingdom,50,91.385,11,2.0,2193.24,5,3,1,9,Potential Loyalists,0
17774,97,4,1225.41,2011-02-07 13:13:00,2011-09-04 12:49:00,United Kingdom,123,306.3525,305,0.3934426229508197,1446.39,2,4,4,10,Loyal Customers,1
17775,255,1,56.4,2011-03-30 10:50:00,2011-03-30 10:50:00,United Kingdom,3,56.4,255,0.11764705882352941,79.62,1,2,1,4,Lost,1
17777,25,3,665.86,2011-08-31 14:35:00,2011-11-15 12:02:00,United Kingdom,141,221.95333333333335,100,0.8999999999999999,2397.1,4,4,3,11,Loyal Customers,0
17779,21,3,658.57,2011-07-19 12:19:00,2011-11-18 14:15:00,United Kingdom,73,219.52333333333334,144,0.625,1646.43,4,4,3,11,Loyal Customers,0
17781,159,2,188.02,2011-03-31 19:54:00,2011-07-03 16:00:00,United Kingdom,12,94.01,253,0.23715415019762845,267.54,2,3,1,6,At Risk,1
17783,72,2,283.47,2011-04-06 10:07:00,2011-09-28 16:07:00,United Kingdom,67,141.735,248,0.24193548387096772,411.49,3,3,2,8,Potential Loyalists,0
17785,53,1,131.94,2011-10-17 13:43:00,2011-10-17 13:43:00,United Kingdom,13,131.94,53,0.5660377358490566,896.2,3,2,1,6,At Risk,0
17786,85,2,278.74,2011-01-26 14:35:00,2011-09-15 12:51:00,United Kingdom,57,139.37,317,0.18927444794952683,316.55,2,3,2,7,Potential Loyalists,0
17787,153,4,1865.19,2010-12-03 13:43:00,2011-07-10 11:24:00,United Kingdom,94,466.2975,371,0.32345013477088946,1809.89,2,4,4,10,Loyal Customers,1
17788,74,2,1117.9,2011-08-02 10:38:00,2011-09-27 10:09:00,United Kingdom,3,558.95,130,0.46153846153846156,3095.72,2,3,4,9,Potential Loyalists,0
17789,281,1,225.9,2011-03-03 13:14:00,2011-03-03 13:14:00,United Kingdom,14,225.9,281,0.10676156583629892,289.41,1,2,1,4,Lost,1
17790,27,14,1965.55,2010-12-10 10:47:00,2011-11-13 11:30:00,United Kingdom,121,140.39642857142857,365,1.1506849315068495,1938.62,4,5,4,13,Champions,0
17791,30,1,106.1,2011-11-10 12:09:00,2011-11-10 12:09:00,United Kingdom,10,106.1,30,1.0,1273.2,4,2,1,7,Potential Loyalists,0
17793,25,1,323.04,2011-11-14 14:24:00,2011-11-14 14:24:00,United Kingdom,49,323.04,25,1.0,3876.48,4,2,2,8,Potential Loyalists,0
17795,180,2,350.39,2011-03-20 12:02:00,2011-06-13 12:36:00,United Kingdom,43,175.195,265,0.22641509433962262,476.0,1,3,2,6,At Risk,1
17796,40,4,697.9,2010-12-05 12:23:00,2011-10-30 15:38:00,United Kingdom,63,174.475,370,0.3243243243243243,679.04,3,4,3,10,Loyal Customers,0
17797,22,3,780.43,2011-06-10 11:29:00,2011-11-17 13:21:00,United Kingdom,102,260.1433333333333,183,0.49180327868852464,1535.27,4,4,3,11,Loyal Customers,0
17799,22,10,3055.93,2010-12-13 13:10:00,2011-11-17 15:16:00,United Kingdom,280,305.59299999999996,361,0.8310249307479225,3047.46,4,5,5,14,Champions,0
17800,37,9,1199.01,2011-01-09 13:50:00,2011-11-02 12:57:00,United Kingdom,51,133.22333333333333,334,0.8083832335329342,1292.35,3,5,4,12,Loyal Customers,0
17802,82,3,1285.04,2010-12-02 13:44:00,2011-09-18 14:56:00,United Kingdom,102,428.34666666666664,372,0.24193548387096772,1243.59,2,4,4,10,Loyal Customers,0
17805,74,1,512.31,2011-09-27 11:49:00,2011-09-27 11:49:00,United Kingdom,10,512.31,74,0.4054054054054054,2492.32,2,2,3,7,Potential Loyalists,0
17806,11,1,546.04,2011-11-28 14:12:00,2011-11-28 14:12:00,United Kingdom,43,546.04,11,1.0,6552.48,5,2,3,10,Loyal Customers,0
17809,16,12,5411.91,2010-12-01 09:41:00,2011-11-23 12:59:00,United Kingdom,46,450.9925,374,0.9625668449197861,5209.33,4,5,5,14,Champions,0
17811,4,39,7837.7300000000005,2011-01-10 10:58:00,2011-12-05 13:46:00,United Kingdom,359,200.9674358974359,334,3.502994011976048,8447.85,5,5,5,15,Champions,0
17812,13,4,732.16,2010-12-06 15:27:00,2011-11-27 11:47:00,United Kingdom,113,183.04,368,0.32608695652173914,716.24,5,4,3,12,Loyal Customers,0
17813,14,5,1770.8799999999999,2011-09-29 15:57:00,2011-11-25 16:13:00,United Kingdom,297,354.176,71,2.112676056338028,8979.11,4,4,4,12,Loyal Customers,0
17816,37,4,36.56,2010-12-09 14:10:00,2011-11-03 11:34:00,United Kingdom,16,9.14,365,0.32876712328767127,36.06,3,4,1,8,Potential Loyalists,0
17817,4,3,387.68,2011-03-07 17:30:00,2011-12-05 14:39:00,United Kingdom,32,129.22666666666666,277,0.3249097472924188,503.84,5,4,2,11,Loyal Customers,0
17819,72,7,3704.87,2010-12-03 14:26:00,2011-09-29 10:52:00,United Kingdom,36,529.2671428571429,371,0.5660377358490566,3595.02,3,5,5,13,Champions,0
17824,51,1,298.4,2011-10-19 14:14:00,2011-10-19 14:14:00,United Kingdom,13,298.4,51,0.5882352941176471,2106.35,3,2,2,7,Potential Loyalists,0
17827,5,5,1995.46,2010-12-10 10:18:00,2011-12-04 15:00:00,United Kingdom,190,399.092,365,0.4109589041095891,1968.12,5,4,4,13,Champions,0
17828,23,4,1820.09,2011-06-08 08:31:00,2011-11-17 08:41:00,Malta,54,455.0225,185,0.6486486486486486,3541.8,4,4,4,12,Loyal Customers,0
17829,299,1,889.24,2011-02-14 12:46:00,2011-02-14 12:46:00,United Arab Emirates,30,889.24,299,0.10033444816053512,1070.66,1,2,3,6,At Risk,1
17830,2,3,398.7,2011-02-24 10:15:00,2011-12-08 12:28:00,United Kingdom,18,132.9,289,0.31141868512110726,496.65,5,4,2,11,Loyal Customers,0
17831,33,1,35.400000000000006,2011-11-06 15:09:00,2011-11-06 15:09:00,United Kingdom,2,35.400000000000006,33,0.9090909090909091,386.18,4,2,1,7,Potential Loyalists,0
17832,50,1,155.37,2011-10-21 11:43:00,2011-10-21 11:43:00,United Kingdom,61,155.37,50,0.6,1118.66,3,2,1,6,At Risk,0
17835,3,3,350.64,2011-11-16 16:30:00,2011-12-07 11:48:00,United Kingdom,45,116.88,23,3.0,4207.68,5,4,2,11,Loyal Customers,0
17836,47,1,110.21000000000001,2011-10-23 16:13:00,2011-10-23 16:13:00,United Kingdom,23,110.21000000000001,47,0.6382978723404256,844.16,3,2,1,6,At Risk,0
17837,42,8,1593.38,2011-06-29 16:44:00,2011-10-28 16:13:00,United Kingdom,110,199.1725,163,1.4723926380368098,3519.12,3,5,4,12,Loyal Customers,0
17838,27,5,2779.3,2010-12-02 15:55:00,2011-11-13 11:20:00,United Kingdom,96,555.86,372,0.4032258064516129,2689.65,4,4,5,13,Champions,0
17839,42,1,338.8,2011-10-28 17:27:00,2011-10-28 17:27:00,United Kingdom,50,338.8,42,0.7142857142857143,2904.0,3,2,2,7,Potential Loyalists,0
17841,2,124,40991.57,2010-12-01 14:41:00,2011-12-08 12:07:00,United Kingdom,1323,330.5771774193548,373,9.973190348525469,39562.91,5,5,5,15,Champions,0
17843,303,1,205.48,2011-02-09 15:33:00,2011-02-09 15:33:00,United Kingdom,36,205.48,303,0.09900990099009901,244.13,1,2,1,4,Lost,1
17844,107,1,51.559999999999995,2011-08-25 11:27:00,2011-08-25 11:27:00,Canada,5,51.559999999999995,107,0.2803738317757009,173.47,2,2,1,5,At Risk,1
17846,85,1,2033.1,2011-09-15 15:20:00,2011-09-15 15:20:00,United Kingdom,1,2033.1,85,0.3529411764705882,8610.78,2,2,4,8,Potential Loyalists,0
17848,81,9,901.1999999999999,2010-12-16 18:38:00,2011-09-19 16:49:00,United Kingdom,41,100.13333333333333,358,0.7541899441340782,906.23,2,5,3,10,Loyal Customers,0
17849,218,4,605.8000000000001,2011-01-10 11:59:00,2011-05-05 13:46:00,United Kingdom,14,151.45000000000002,334,0.3592814371257485,652.96,1,4,3,8,Potential Loyalists,1
17850,372,34,5391.21,2010-12-01 08:26:00,2010-12-02 15:27:00,United Kingdom,21,158.565,374,2.727272727272727,5189.4,1,5,5,11,Loyal Customers,1
17852,12,2,114.34,2011-11-28 12:31:00,2011-11-28 12:36:00,United Kingdom,21,57.17,12,2.0,1372.08,5,3,1,9,Potential Loyalists,0
17854,185,2,311.26,2011-04-26 16:53:00,2011-06-07 16:21:00,United Kingdom,15,155.63,227,0.2643171806167401,493.63,1,3,2,6,At Risk,1
17855,373,1,208.97,2010-12-02 09:44:00,2010-12-02 09:44:00,United Kingdom,17,208.97,373,0.08042895442359249,201.69,1,2,1,4,Lost,1
17856,2,4,1418.03,2011-03-03 11:40:00,2011-12-08 09:40:00,United Kingdom,12,354.5075,282,0.425531914893617,1810.25,5,4,4,13,Champions,0
17857,4,23,26879.04,2010-12-09 11:35:00,2011-12-05 13:13:00,United Kingdom,19,1168.6539130434783,366,1.8852459016393444,26438.4,5,5,5,15,Champions,0
17858,6,12,5155.66,2010-12-05 13:08:00,2011-12-04 11:56:00,United Kingdom,101,429.6383333333333,369,0.975609756097561,5029.91,5,5,5,15,Champions,0
17859,305,1,148.21,2011-02-08 10:32:00,2011-02-08 10:32:00,United Kingdom,23,148.21,305,0.09836065573770493,174.94,1,2,1,4,Lost,1
17860,369,1,252.8,2010-12-06 12:41:00,2010-12-06 12:41:00,United Kingdom,49,252.8,369,0.08130081300813008,246.63,1,2,2,5,At Risk,1
17861,3,8,2100.8,2011-01-24 11:34:00,2011-12-06 16:21:00,United Kingdom,172,262.6,320,0.75,2363.4,5,5,5,15,Champions,0
17862,324,1,330.9,2011-01-20 12:23:00,2011-01-20 12:23:00,United Kingdom,11,330.9,324,0.09259259259259259,367.67,1,2,2,5,At Risk,1
17863,59,6,3160.0,2010-12-05 13:21:00,2011-10-11 13:45:00,United Kingdom,110,526.6666666666666,369,0.4878048780487805,3082.93,3,5,5,13,Champions,0
17864,13,3,597.5,2011-03-09 11:44:00,2011-11-27 11:15:00,United Kingdom,70,199.16666666666666,276,0.32608695652173914,779.35,5,4,3,12,Loyal Customers,0
17865,31,20,10526.32,2010-12-10 14:53:00,2011-11-09 12:08:00,United Kingdom,191,526.316,364,1.6483516483516485,10410.65,4,5,5,14,Champions,0
17866,143,1,329.65,2011-07-20 11:07:00,2011-07-20 11:07:00,United Kingdom,9,329.65,143,0.2097902097902098,829.89,2,2,2,6,At Risk,1
17867,30,6,1197.1000000000001,2011-02-24 12:25:00,2011-11-09 14:15:00,United Kingdom,62,199.51666666666668,289,0.6228373702422145,1491.2,4,5,4,13,Champions,0
17869,107,5,428.18,2010-12-06 17:16:00,2011-08-24 16:16:00,United Kingdom,37,85.636,368,0.4076086956521739,418.87,2,4,2,8,Potential Loyalists,1
17870,2,12,1894.35,2010-12-08 08:12:00,2011-12-07 15:07:00,United Kingdom,214,157.86249999999998,367,0.9809264305177112,1858.22,5,5,4,14,Champions,0
17871,205,1,155.9,2011-05-19 11:32:00,2011-05-19 11:32:00,United Kingdom,10,155.9,205,0.14634146341463417,273.78,1,2,1,4,Lost,1
17873,80,5,1859.16,2010-12-01 14:54:00,2011-09-20 16:41:00,United Kingdom,24,371.832,373,0.40214477211796246,1794.36,2,4,4,10,Loyal Customers,0
17874,185,6,683.46,2011-03-29 11:25:00,2011-06-07 12:54:00,United Kingdom,37,113.91000000000001,256,0.703125,961.12,1,5,3,9,Potential Loyalists,1
17877,170,1,237.61,2011-06-22 13:00:00,2011-06-22 13:00:00,United Kingdom,12,237.61,170,0.1764705882352941,503.17,2,2,1,5,At Risk,1
17878,44,1,379.45,2011-10-27 11:24:00,2011-10-27 11:24:00,United Kingdom,26,379.45,44,0.6818181818181819,3104.59,3,2,2,7,Potential Loyalists,0
17879,174,1,178.51999999999998,2011-06-19 12:36:00,2011-06-19 12:36:00,United Kingdom,6,178.51999999999998,174,0.1724137931034483,369.35,2,2,1,5,At Risk,1
17880,365,1,458.92,2010-12-10 10:21:00,2010-12-10 10:21:00,United Kingdom,26,458.92,365,0.08219178082191782,452.63,1,2,2,5,At Risk,1
17881,304,1,133.35000000000002,2011-02-08 17:16:00,2011-02-08 17:16:00,United Kingdom,8,133.35000000000002,304,0.09868421052631579,157.91,1,2,1,4,Lost,1
17883,3,4,671.77,2011-04-07 19:16:00,2011-12-06 17:49:00,United Kingdom,133,167.9425,246,0.48780487804878053,983.08,5,4,3,12,Loyal Customers,0
17884,4,4,717.45,2010-12-03 12:11:00,2011-12-06 11:33:00,United Kingdom,107,179.3625,372,0.3225806451612903,694.31,5,4,3,12,Loyal Customers,0
17885,12,1,190.19,2011-11-27 14:40:00,2011-11-27 14:40:00,United Kingdom,50,190.19,12,1.0,2282.28,5,2,1,8,Potential Loyalists,0
17886,32,3,899.61,2011-04-04 12:34:00,2011-11-08 10:09:00,United Kingdom,93,299.87,250,0.36,1295.44,4,4,3,11,Loyal Customers,0
17887,129,1,111.35,2011-08-02 17:29:00,2011-08-02 17:29:00,United Kingdom,10,111.35,129,0.23255813953488372,310.74,2,2,1,5,At Risk,1
17888,21,8,726.05,2010-12-17 13:56:00,2011-11-18 13:45:00,United Kingdom,60,90.75625,357,0.6722689075630252,732.15,4,5,3,12,Loyal Customers,0
17889,212,2,203.87,2011-01-21 17:14:00,2011-05-11 16:26:00,United Kingdom,20,101.935,322,0.1863354037267081,227.93,1,3,1,5,At Risk,1
17890,323,2,602.09,2010-12-13 15:12:00,2011-01-21 11:19:00,United Kingdom,88,301.045,361,0.16620498614958448,600.42,1,3,3,7,Potential Loyalists,1
17891,162,1,203.85999999999999,2011-06-30 20:08:00,2011-06-30 20:08:00,United Kingdom,34,203.85999999999999,162,0.18518518518518517,453.02,2,2,1,5,At Risk,1
17892,56,3,244.1,2011-07-07 12:56:00,2011-10-14 16:49:00,United Kingdom,27,81.36666666666666,155,0.5806451612903225,566.94,3,4,1,8,Potential Loyalists,0
17893,225,1,112.25,2011-04-28 13:50:00,2011-04-28 13:50:00,United Kingdom,15,112.25,225,0.13333333333333333,179.6,1,2,1,4,Lost,1
17894,72,8,1119.81,2010-12-08 14:50:00,2011-09-29 09:23:00,United Kingdom,127,139.97625,366,0.6557377049180328,1101.45,3,5,4,12,Loyal Customers,0
17895,44,1,98.0,2011-10-26 17:00:00,2011-10-26 17:00:00,United Kingdom,15,98.0,44,0.6818181818181819,801.82,3,2,1,6,At Risk,0
17896,23,1,256.32,2011-11-16 13:59:00,2011-11-16 13:59:00,United Kingdom,2,256.32,23,1.0,3075.84,4,2,2,8,Potential Loyalists,0
17897,173,3,566.6,2010-12-01 12:31:00,2011-06-20 11:23:00,United Kingdom,100,188.86666666666667,374,0.24064171122994651,545.39,2,4,3,9,Potential Loyalists,1
17898,85,2,152.06,2011-05-16 17:13:00,2011-09-15 14:56:00,United Kingdom,27,76.03,207,0.2898550724637681,264.45,2,3,1,6,At Risk,0
17899,159,1,155.8,2011-07-03 14:58:00,2011-07-03 14:58:00,United Kingdom,29,155.8,159,0.18867924528301888,352.75,2,2,1,5,At Risk,1
17900,190,2,112.19999999999999,2011-06-02 14:28:00,2011-06-02 14:38:00,United Kingdom,4,56.099999999999994,190,0.31578947368421056,212.59,1,3,1,5,At Risk,1
17901,29,1,110.38,2011-11-10 17:29:00,2011-11-10 17:29:00,United Kingdom,19,110.38,29,1.0,1324.56,4,2,1,7,Potential Loyalists,0
17904,21,1,191.67,2011-11-18 12:57:00,2011-11-18 12:57:00,United Kingdom,33,191.67,21,1.0,2300.04,4,2,1,7,Potential Loyalists,0
17905,71,4,800.24,2010-12-01 13:21:00,2011-09-29 17:33:00,United Kingdom,33,200.06,373,0.32171581769436997,772.35,3,4,3,10,Loyal Customers,0
17906,247,1,72.9,2011-04-06 17:25:00,2011-04-06 17:25:00,United Kingdom,12,72.9,247,0.12145748987854252,106.25,1,2,1,4,Lost,1
17908,374,1,243.28,2010-12-01 11:45:00,2010-12-01 11:45:00,United Kingdom,51,243.28,374,0.08021390374331551,234.17,1,2,1,4,Lost,1
17911,9,1,366.23,2011-11-30 14:52:00,2011-11-30 14:52:00,United Kingdom,39,366.23,9,1.0,4394.76,5,2,2,9,Potential Loyalists,0
17912,310,5,311.01,2010-12-10 11:11:00,2011-02-02 14:25:00,United Kingdom,35,62.202,365,0.4109589041095891,306.75,1,4,2,7,Potential Loyalists,1
17913,59,2,411.6,2010-12-19 11:35:00,2011-10-12 10:45:00,United Kingdom,55,205.8,356,0.16853932584269662,416.22,3,3,2,8,Potential Loyalists,0
17914,4,1,336.43,2011-12-06 11:58:00,2011-12-06 11:58:00,United Kingdom,72,336.43,4,1.0,4037.16,5,2,2,9,Potential Loyalists,0
17917,45,3,341.28,2010-12-12 12:08:00,2011-10-25 13:20:00,United Kingdom,77,113.75999999999999,363,0.24793388429752067,338.46,3,4,2,9,Potential Loyalists,0
17919,88,1,1304.04,2011-09-12 13:41:00,2011-09-12 13:41:00,United Kingdom,23,1304.04,88,0.34090909090909094,5334.71,2,2,4,8,Potential Loyalists,0
17920,4,17,4204.1,2010-12-01 11:49:00,2011-12-05 14:29:00,United Kingdom,407,247.3,374,1.3636363636363635,4046.73,5,5,5,15,Champions,0
17921,64,4,826.52,2011-03-18 13:19:00,2011-10-06 18:56:00,United Kingdom,114,206.63,266,0.45112781954887216,1118.6,3,4,3,10,Loyal Customers,0
17923,282,1,207.50000000000003,2011-03-02 15:15:00,2011-03-02 15:15:00,United Kingdom,1,207.50000000000003,282,0.10638297872340426,264.89,1,2,1,4,Lost,1
17924,12,7,2962.5,2010-12-01 10:51:00,2011-11-28 09:11:00,United Kingdom,26,423.2142857142857,374,0.5614973262032086,2851.6,5,5,5,15,Champions,0
17925,373,1,244.08,2010-12-02 10:10:00,2010-12-02 10:10:00,United Kingdom,1,244.08,373,0.08042895442359249,235.57,1,2,1,4,Lost,1
17926,133,2,397.29,2011-05-20 09:24:00,2011-07-29 14:39:00,United Kingdom,17,198.645,204,0.29411764705882354,701.1,2,3,2,7,Potential Loyalists,1
17928,45,2,212.54,2011-04-07 18:03:00,2011-10-25 13:52:00,United Kingdom,23,106.27,246,0.24390243902439027,311.03,3,3,1,7,Potential Loyalists,0
17929,11,4,843.0,2011-02-04 11:40:00,2011-11-28 16:01:00,United Kingdom,4,210.75,309,0.3883495145631068,982.14,5,4,3,12,Loyal Customers,0
17930,36,5,1740.48,2011-04-14 15:46:00,2011-11-04 10:23:00,United Kingdom,26,348.096,239,0.6276150627615062,2621.64,3,4,4,11,Loyal Customers,0
17931,134,2,408.36,2011-03-29 12:31:00,2011-07-28 18:33:00,United Kingdom,63,204.18,256,0.234375,574.26,2,3,2,7,Potential Loyalists,1
17932,29,3,1331.57,2011-05-12 13:58:00,2011-11-10 19:49:00,United Kingdom,84,443.8566666666666,211,0.4265402843601896,2271.87,4,4,4,12,Loyal Customers,0
17934,52,2,704.25,2011-10-12 10:50:00,2011-10-19 11:16:00,United Kingdom,21,352.125,59,1.0169491525423728,4297.12,3,3,3,9,Potential Loyalists,0
17935,138,2,145.79,2011-07-21 11:23:00,2011-07-24 13:18:00,United Kingdom,28,72.895,142,0.4225352112676056,369.61,2,3,1,6,At Risk,1
17936,5,1,389.84,2011-12-04 13:32:00,2011-12-04 13:32:00,United Kingdom,68,389.84,5,1.0,4678.08,5,2,2,9,Potential Loyalists,0
17937,9,7,4301.22,2010-12-12 14:43:00,2011-12-01 11:45:00,United Kingdom,19,614.46,362,0.580110497237569,4277.46,5,5,5,15,Champions,0
17939,160,1,99.14,2011-07-03 12:27:00,2011-07-03 12:27:00,United Kingdom,12,99.14,160,0.1875,223.06,2,2,1,5,At Risk,1
17940,49,10,4106.4400000000005,2011-02-10 09:29:00,2011-10-21 13:27:00,United Kingdom,6,410.64400000000006,303,0.9900990099009901,4878.94,3,5,5,13,Champions,0
17941,131,1,304.56,2011-08-01 08:30:00,2011-08-01 08:30:00,United Kingdom,2,304.56,131,0.22900763358778628,836.96,2,2,2,6,At Risk,1
17942,8,1,77.50000000000001,2011-12-02 10:45:00,2011-12-02 10:45:00,United Kingdom,2,77.50000000000001,8,1.0,930.0,5,2,1,8,Potential Loyalists,0
17946,233,2,149.57999999999998,2011-03-25 14:34:00,2011-04-20 17:00:00,United Kingdom,18,74.78999999999999,259,0.23166023166023167,207.91,1,3,1,5,At Risk,1
17947,37,1,176.68,2011-11-02 13:05:00,2011-11-02 13:05:00,United Kingdom,9,176.68,37,0.8108108108108107,1719.05,3,2,1,6,At Risk,0
17948,147,1,358.56000000000006,2011-07-15 12:58:00,2011-07-15 12:58:00,United Kingdom,1,358.56000000000006,147,0.2040816326530612,878.11,2,2,2,6,At Risk,1
17949,1,45,58510.48,2010-12-03 13:12:00,2011-12-08 18:46:00,United Kingdom,29,1300.232888888889,371,3.6388140161725064,56775.67,5,5,5,15,Champions,0
17950,72,3,482.2,2010-12-09 15:16:00,2011-09-28 15:18:00,United Kingdom,63,160.73333333333332,365,0.24657534246575344,475.59,3,4,2,9,Potential Loyalists,0
17951,40,3,1008.5400000000001,2010-12-01 12:40:00,2011-10-31 12:30:00,United Kingdom,18,336.18,374,0.24064171122994651,970.79,3,4,4,11,Loyal Customers,0
17954,5,12,2332.72,2010-12-03 14:18:00,2011-12-04 14:15:00,United Kingdom,326,194.39333333333332,371,0.9703504043126684,2263.56,5,5,5,15,Champions,0
17955,199,4,557.3,2011-05-04 12:29:00,2011-05-25 12:00:00,United Kingdom,14,139.325,220,0.5454545454545455,911.95,1,4,3,8,Potential Loyalists,1
17956,249,1,12.75,2011-04-04 13:47:00,2011-04-04 13:47:00,United Kingdom,1,12.75,249,0.12048192771084336,18.43,1,2,1,4,Lost,1
17957,66,1,111.68,2011-10-04 14:58:00,2011-10-04 14:58:00,United Kingdom,31,111.68,66,0.45454545454545453,609.16,3,2,1,6,At Risk,0
17958,117,1,508.4599999999999,2011-08-15 12:19:00,2011-08-15 12:19:00,United Kingdom,7,508.4599999999999,117,0.25641025641025644,1564.49,2,2,3,7,Potential Loyalists,1
17960,171,1,73.78,2011-06-21 14:15:00,2011-06-21 14:15:00,United Kingdom,26,73.78,171,0.17543859649122806,155.33,2,2,1,5,At Risk,1
17961,21,39,1296.44,2010-12-02 19:18:00,2011-11-18 16:55:00,United Kingdom,211,33.242051282051285,372,3.1451612903225805,1254.62,4,5,4,13,Champions,0
17962,142,1,102.83,2011-07-20 14:16:00,2011-07-20 14:16:00,United Kingdom,33,102.83,142,0.2112676056338028,260.7,2,2,1,5,At Risk,1
17964,32,2,471.7,2010-12-02 13:32:00,2011-11-08 10:44:00,United Kingdom,84,235.85,372,0.16129032258064516,456.48,4,3,2,9,Potential Loyalists,0
17965,38,14,2622.57,2010-12-05 15:54:00,2011-11-02 09:31:00,United Kingdom,274,187.32642857142858,369,1.1382113821138211,2558.6,3,5,5,13,Champions,0
17966,38,5,1098.43,2011-03-23 17:25:00,2011-11-02 10:26:00,United Kingdom,53,219.686,261,0.574712643678161,1515.08,3,4,4,11,Loyal Customers,0
17967,372,1,123.07,2010-12-03 11:19:00,2010-12-03 11:19:00,United Kingdom,41,123.07,372,0.08064516129032258,119.1,1,2,1,4,Lost,1
17968,374,1,277.35,2010-12-01 12:23:00,2010-12-01 12:23:00,United Kingdom,74,277.35,374,0.08021390374331551,266.97,1,2,2,5,At Risk,1
17969,166,2,228.2,2010-12-13 15:34:00,2011-06-26 13:00:00,United Kingdom,14,114.1,361,0.16620498614958448,227.57,2,3,1,6,At Risk,1
17970,211,1,582.59,2011-05-12 20:03:00,2011-05-12 20:03:00,United Kingdom,27,582.59,211,0.14218009478672985,993.99,1,2,3,6,At Risk,1
17972,242,1,136.04,2011-04-12 12:16:00,2011-04-12 12:16:00,United Kingdom,30,136.04,242,0.12396694214876033,202.37,1,2,1,4,Lost,1
17973,52,1,337.04,2011-10-19 10:34:00,2011-10-19 10:34:00,United Kingdom,15,337.04,52,0.5769230769230769,2333.35,3,2,2,7,Potential Loyalists,0
17974,25,3,740.79,2011-05-04 11:50:00,2011-11-15 11:37:00,United Kingdom,143,246.92999999999998,220,0.4090909090909091,1212.2,4,4,3,11,Loyal Customers,0
17975,15,13,4488.81,2010-12-08 11:38:00,2011-11-24 13:27:00,United Kingdom,189,345.29307692307697,367,1.0626702997275206,4403.19,4,5,5,14,Champions,0
17976,372,1,353.19,2010-12-02 13:49:00,2010-12-02 13:49:00,United Kingdom,56,353.19,372,0.08064516129032258,341.8,1,2,2,5,At Risk,1
17977,29,1,288.14,2011-11-10 13:28:00,2011-11-10 13:28:00,United Kingdom,19,288.14,29,1.0,3457.68,4,2,2,8,Potential Loyalists,0
17978,365,1,300.91999999999996,2010-12-09 14:05:00,2010-12-09 14:05:00,United Kingdom,12,300.91999999999996,365,0.08219178082191782,296.8,1,2,2,5,At Risk,1
17979,36,4,757.71,2011-03-25 11:34:00,2011-11-04 12:05:00,United Kingdom,116,189.4275,260,0.46153846153846156,1049.14,3,4,3,10,Loyal Customers,0
17980,166,3,811.45,2010-12-15 15:50:00,2011-06-27 12:01:00,United Kingdom,23,270.48333333333335,359,0.25069637883008355,813.71,2,4,3,9,Potential Loyalists,1
17984,145,1,152.68,2011-07-17 15:59:00,2011-07-17 15:59:00,United Kingdom,48,152.68,145,0.20689655172413796,379.07,2,2,1,5,At Risk,1
17985,22,1,634.95,2011-11-17 14:24:00,2011-11-17 14:24:00,United Kingdom,20,634.95,22,1.0,7619.4,4,2,3,9,Potential Loyalists,0
17986,56,1,20.8,2011-10-14 14:22:00,2011-10-14 14:22:00,United Kingdom,1,20.8,56,0.5357142857142857,133.71,3,2,1,6,At Risk,0
17987,185,1,198.57,2011-06-07 14:22:00,2011-06-07 14:22:00,United Kingdom,13,198.57,185,0.16216216216216214,386.41,1,2,1,4,Lost,1
17988,12,7,201.12,2011-01-17 11:59:00,2011-11-28 11:00:00,United Kingdom,37,28.731428571428573,327,0.6422018348623852,221.42,5,5,1,11,Loyal Customers,0
17990,237,3,630.84,2010-12-13 12:10:00,2011-04-17 11:44:00,United Kingdom,27,210.28,362,0.24861878453038674,627.35,1,4,3,8,Potential Loyalists,1
17991,225,2,93.35,2011-04-27 16:39:00,2011-04-28 15:58:00,United Kingdom,4,46.675,226,0.26548672566371684,148.7,1,3,1,5,At Risk,1
17994,122,4,678.49,2011-02-22 11:02:00,2011-08-10 11:41:00,United Kingdom,63,169.6225,291,0.4123711340206186,839.37,2,4,3,9,Potential Loyalists,1
17995,282,1,76.1,2011-03-03 12:30:00,2011-03-03 12:30:00,United Kingdom,2,76.1,282,0.10638297872340426,97.15,1,2,1,4,Lost,1
17997,74,8,1970.6699999999998,2011-06-28 17:28:00,2011-09-26 16:13:00,United Kingdom,133,246.33374999999998,164,1.4634146341463414,4325.86,2,5,4,11,Loyal Customers,0
17999,37,2,382.06,2010-12-08 15:17:00,2011-11-02 15:56:00,United Kingdom,87,191.03,366,0.1639344262295082,375.8,3,3,2,8,Potential Loyalists,0
18001,12,2,417.23,2011-09-14 11:21:00,2011-11-27 16:02:00,United Kingdom,56,208.615,87,0.6896551724137931,1726.47,5,3,2,10,Loyal Customers,0
18004,362,1,169.47,2010-12-12 13:47:00,2010-12-12 13:47:00,United Kingdom,32,169.47,362,0.08287292817679558,168.53,1,2,1,4,Lost,1
18005,4,2,249.72,2011-10-23 14:40:00,2011-12-06 11:51:00,United Kingdom,52,124.86,47,1.2765957446808511,1912.75,5,3,1,9,Potential Loyalists,0
18006,23,1,444.68,2011-11-16 16:52:00,2011-11-16 16:52:00,United Kingdom,21,444.68,23,1.0,5336.16,4,2,2,8,Potential Loyalists,0
18008,70,9,2116.19,2011-01-25 12:26:00,2011-09-30 15:17:00,United Kingdom,24,235.13222222222223,319,0.8463949843260189,2388.18,3,5,5,13,Champions,0
18009,235,1,257.34,2011-04-18 13:36:00,2011-04-18 13:36:00,United Kingdom,31,257.34,235,0.12765957446808512,394.22,1,2,2,5,At Risk,1
18010,257,1,174.8,2011-03-28 12:27:00,2011-03-28 12:27:00,United Kingdom,14,174.8,257,0.11673151750972763,244.86,1,2,1,4,Lost,1
18011,373,1,102.78999999999999,2010-12-01 17:35:00,2010-12-01 17:35:00,United Kingdom,28,102.78999999999999,373,0.08042895442359249,99.21,1,2,1,4,Lost,1
18013,155,2,187.29,2011-07-07 14:08:00,2011-07-07 14:11:00,United Kingdom,31,93.645,155,0.3870967741935484,435.0,2,3,1,6,At Risk,1
18014,28,1,166.42,2011-11-11 15:28:00,2011-11-11 15:28:00,United Kingdom,29,166.42,28,1.0,1997.04,4,2,1,7,Potential Loyalists,0
18015,4,1,120.03,2011-12-05 14:49:00,2011-12-05 14:49:00,United Kingdom,46,120.03,4,1.0,1440.36,5,2,1,8,Potential Loyalists,0
18016,32,5,1483.56,2010-12-10 17:14:00,2011-11-07 13:25:00,United Kingdom,90,296.712,364,0.4120879120879121,1467.26,4,4,4,12,Loyal Customers,0
18017,81,3,523.0,2011-02-02 13:57:00,2011-09-19 16:15:00,United Kingdom,1,174.33333333333334,310,0.29032258064516125,607.35,2,4,3,9,Potential Loyalists,0
18018,108,2,122.14,2011-05-24 13:22:00,2011-08-23 17:37:00,United Kingdom,29,61.07,199,0.3015075376884422,220.96,2,3,1,6,At Risk,1
18019,52,1,38.45,2011-10-19 12:10:00,2011-10-19 12:10:00,United Kingdom,5,38.45,52,0.5769230769230769,266.19,3,2,1,6,At Risk,0
18022,36,1,668.11,2011-11-04 12:45:00,2011-11-04 12:45:00,United Kingdom,141,668.11,36,0.8333333333333334,6681.1,3,2,3,8,Potential Loyalists,0
18024,153,2,389.78,2011-07-10 12:28:00,2011-07-10 12:40:00,United Kingdom,21,194.89,153,0.3921568627450981,917.13,2,3,2,7,Potential Loyalists,1
18027,99,1,115.31,2011-09-02 10:38:00,2011-09-02 10:38:00,United Kingdom,21,115.31,99,0.30303030303030304,419.31,2,2,1,5,At Risk,1
18030,4,2,230.64999999999998,2011-10-28 13:55:00,2011-12-05 16:37:00,United Kingdom,8,115.32499999999999,42,1.4285714285714286,1977.0,5,3,1,9,Potential Loyalists,0
18032,334,1,73.5,2011-01-09 15:32:00,2011-01-09 15:32:00,United Kingdom,5,73.5,334,0.08982035928143713,79.22,1,2,1,4,Lost,1
18033,65,1,97.97,2011-10-05 17:28:00,2011-10-05 17:28:00,United Kingdom,32,97.97,65,0.46153846153846156,542.6,3,2,1,6,At Risk,0
18034,22,2,422.88,2011-11-18 12:08:00,2011-11-18 12:22:00,United Kingdom,99,211.44,22,2.0,5074.56,4,3,2,9,Potential Loyalists,0
18035,36,3,730.4,2011-10-27 17:48:00,2011-11-04 12:39:00,United Kingdom,44,243.46666666666667,43,2.0930232558139537,6114.98,3,4,3,10,Loyal Customers,0
18036,32,3,405.62,2011-04-08 11:26:00,2011-11-07 14:40:00,United Kingdom,77,135.20666666666668,246,0.3658536585365854,593.59,4,4,2,10,Loyal Customers,0
18037,154,6,70.02,2010-12-12 16:20:00,2011-07-08 13:39:00,United Kingdom,19,11.67,362,0.4972375690607735,69.63,2,5,1,8,Potential Loyalists,1
18040,19,2,357.20000000000005,2011-04-08 08:27:00,2011-11-20 14:20:00,United Kingdom,18,178.60000000000002,246,0.24390243902439027,522.73,4,3,2,9,Potential Loyalists,0
18041,12,21,4183.39,2010-12-02 11:21:00,2011-11-28 11:39:00,United Kingdom,285,199.20904761904762,373,1.6890080428954424,4037.59,5,5,5,15,Champions,0
18042,54,1,165.04999999999998,2011-10-17 11:49:00,2011-10-17 11:49:00,United Kingdom,7,165.04999999999998,54,0.5555555555555556,1100.33,3,2,1,6,At Risk,0
18043,25,3,559.51,2010-12-08 12:35:00,2011-11-15 12:48:00,United Kingdom,106,186.50333333333333,367,0.2452316076294278,548.84,4,4,3,11,Loyal Customers,0
18044,4,10,2088.6,2010-12-14 12:25:00,2011-12-05 14:26:00,United Kingdom,88,208.85999999999999,361,0.8310249307479225,2082.81,5,5,5,15,Champions,0
18045,45,1,189.4,2011-10-25 13:07:00,2011-10-25 13:07:00,United Kingdom,43,189.4,45,0.6666666666666666,1515.2,3,2,1,6,At Risk,0
18048,203,2,172.29000000000002,2011-05-20 14:54:00,2011-05-20 14:58:00,United Kingdom,6,86.14500000000001,203,0.2955665024630542,305.54,1,3,1,5,At Risk,1
18050,359,1,74.4,2010-12-15 14:25:00,2010-12-15 14:25:00,United Kingdom,5,74.4,359,0.08356545961002786,74.61,1,2,1,4,Lost,1
18053,71,1,300.02,2011-09-30 09:05:00,2011-09-30 09:05:00,United Kingdom,20,300.02,71,0.4225352112676056,1521.23,3,2,2,7,Potential Loyalists,0
18055,7,10,6784.1900000000005,2010-12-05 10:52:00,2011-12-02 14:25:00,United Kingdom,223,678.4190000000001,370,0.8108108108108107,6600.83,5,5,5,15,Champions,0
18056,288,1,363.65,2011-02-24 14:27:00,2011-02-24 14:27:00,United Kingdom,19,363.65,288,0.10416666666666667,454.56,1,2,2,5,At Risk,1
18058,10,1,170.16,2011-11-30 08:38:00,2011-11-30 08:38:00,United Kingdom,3,170.16,10,1.0,2041.92,5,2,1,8,Potential Loyalists,0
18059,23,3,306.46,2011-10-03 09:30:00,2011-11-16 16:49:00,United Kingdom,17,102.15333333333332,68,1.3235294117647058,1622.44,4,4,2,10,Loyal Customers,0
18061,22,10,2119.41,2010-12-08 13:03:00,2011-11-18 11:20:00,United Kingdom,18,211.94099999999997,366,0.819672131147541,2084.67,4,5,5,14,Champions,0
18062,173,3,720.52,2011-01-06 10:03:00,2011-06-19 14:47:00,United Kingdom,23,240.17333333333332,338,0.2662721893491124,767.42,2,4,3,9,Potential Loyalists,1
18064,133,2,814.0,2011-04-18 15:08:00,2011-07-29 16:39:00,United Kingdom,7,407.0,235,0.25531914893617025,1246.98,2,3,3,8,Potential Loyalists,1
18065,6,14,2392.83,2010-12-10 12:44:00,2011-12-04 10:30:00,United Kingdom,110,170.91642857142855,365,1.1506849315068495,2360.05,5,5,5,15,Champions,0
18066,75,1,318.0,2011-09-25 15:30:00,2011-09-25 15:30:00,United Kingdom,10,318.0,75,0.4,1526.4,2,2,2,6,At Risk,0
18067,40,1,396.33,2011-10-30 15:58:00,2011-10-30 15:58:00,United Kingdom,36,396.33,40,0.75,3566.97,3,2,2,7,Potential Loyalists,0
18068,289,1,101.69999999999999,2011-02-23 14:50:00,2011-02-23 14:50:00,United Kingdom,1,101.69999999999999,289,0.10380622837370243,126.69,1,2,1,4,Lost,1
18069,26,5,2036.67,2011-01-16 15:50:00,2011-11-13 16:03:00,United Kingdom,334,407.334,327,0.4587155963302752,2242.21,4,4,4,12,Loyal Customers,0
18071,258,2,453.0,2010-12-09 10:33:00,2011-03-27 11:59:00,United Kingdom,23,226.5,366,0.1639344262295082,445.57,1,3,2,6,At Risk,1
18072,186,1,247.44,2011-06-07 10:44:00,2011-06-07 10:44:00,United Kingdom,18,247.44,186,0.16129032258064516,478.92,1,2,1,4,Lost,1
18073,114,12,3877.5200000000004,2011-05-26 19:38:00,2011-08-17 14:02:00,United Kingdom,23,323.1266666666667,197,1.8274111675126905,7085.82,2,5,5,12,Loyal Customers,1
18074,374,1,489.6,2010-12-01 09:53:00,2010-12-01 09:53:00,United Kingdom,13,489.6,374,0.08021390374331551,471.27,1,2,2,5,At Risk,1
18075,23,10,2611.75,2010-12-14 10:48:00,2011-11-16 15:21:00,United Kingdom,97,261.175,361,0.8310249307479225,2604.52,4,5,5,14,Champions,0
18077,8,11,2633.0099999999998,2010-12-08 10:21:00,2011-12-01 13:32:00,United Kingdom,101,239.36454545454544,367,0.899182561307902,2582.79,5,5,5,15,Champions,0
18078,217,2,336.13,2011-03-25 15:08:00,2011-05-06 14:32:00,United Kingdom,27,168.065,259,0.23166023166023167,467.21,1,3,2,6,At Risk,1
18079,45,4,3651.97,2011-04-15 12:14:00,2011-10-25 15:27:00,United Kingdom,99,912.9925,239,0.502092050209205,5500.88,3,4,5,12,Loyal Customers,0
18080,19,2,1231.5,2011-04-11 10:10:00,2011-11-21 08:02:00,United Kingdom,2,615.75,243,0.2469135802469136,1824.44,4,3,4,11,Loyal Customers,0
18081,36,3,343.45,2011-07-29 11:56:00,2011-11-03 16:30:00,United Kingdom,14,114.48333333333333,134,0.6716417910447761,922.7,3,4,2,9,Potential Loyalists,0
18082,26,1,703.37,2011-11-14 12:45:00,2011-11-14 12:45:00,United Kingdom,62,703.37,26,1.0,8440.44,4,2,3,9,Potential Loyalists,0
18084,16,1,90.47999999999999,2011-11-23 13:57:00,2011-11-23 13:57:00,United Kingdom,1,90.47999999999999,16,1.0,1085.76,4,2,1,7,Potential Loyalists,0
18085,330,2,689.95,2010-12-01 12:08:00,2011-01-13 15:17:00,United Kingdom,25,344.975,374,0.16042780748663102,664.12,1,3,3,7,Potential Loyalists,1
18086,274,1,101.34,2011-03-10 13:34:00,2011-03-10 13:34:00,United Kingdom,7,101.34,274,0.10948905109489052,133.15,1,2,1,4,Lost,1
18087,98,2,4055.7199999999993,2011-02-22 10:43:00,2011-09-02 15:12:00,United Kingdom,2,2027.8599999999997,291,0.2061855670103093,5017.39,2,3,5,10,Loyal Customers,1
18088,61,1,167.67000000000002,2011-10-09 13:41:00,2011-10-09 13:41:00,United Kingdom,35,167.67000000000002,61,0.49180327868852464,989.53,3,2,1,6,At Risk,0
18092,2,11,9068.26,2010-12-09 10:00:00,2011-12-07 13:14:00,United Kingdom,28,824.3872727272727,366,0.9016393442622951,8919.6,5,5,5,15,Champions,0
18093,93,4,2106.52,2011-02-10 12:15:00,2011-09-07 15:43:00,United Kingdom,31,526.63,303,0.39603960396039606,2502.8,2,4,5,11,Loyal Customers,1
18094,82,7,3017.3,2011-02-21 08:50:00,2011-09-19 09:28:00,United Kingdom,39,431.04285714285714,292,0.7191780821917809,3719.96,2,5,5,12,Loyal Customers,0
18095,313,2,580.0500000000001,2011-01-11 12:37:00,2011-01-31 12:50:00,United Kingdom,20,290.02500000000003,333,0.1801801801801802,627.08,1,3,3,7,Potential Loyalists,1
18096,12,3,911.15,2011-10-07 11:55:00,2011-11-28 12:44:00,United Kingdom,157,303.71666666666664,64,1.40625,5125.22,5,4,3,12,Loyal Customers,0
18097,8,6,2697.8,2010-12-20 14:49:00,2011-12-02 11:16:00,United Kingdom,65,449.6333333333334,354,0.5084745762711864,2743.53,5,5,5,15,Champions,0
18099,127,1,168.31,2011-08-04 15:52:00,2011-08-04 15:52:00,United Kingdom,19,168.31,127,0.23622047244094488,477.1,2,2,1,5,At Risk,1
18101,11,2,223.65,2011-07-19 13:05:00,2011-11-28 13:37:00,United Kingdom,37,111.825,143,0.4195804195804196,563.03,5,3,1,9,Potential Loyalists,0
18102,1,60,259657.3,2010-12-07 16:42:00,2011-12-09 11:50:00,United Kingdom,150,4327.621666666667,367,4.904632152588556,254704.71,5,5,5,15,Champions,0
18104,37,1,754.64,2011-11-02 14:07:00,2011-11-02 14:07:00,United Kingdom,38,754.64,37,0.8108108108108107,7342.44,3,2,3,8,Potential Loyalists,0
18105,38,1,113.48000000000002,2011-11-02 12:04:00,2011-11-02 12:04:00,United Kingdom,18,113.48000000000002,38,0.7894736842105263,1075.07,3,2,1,6,At Risk,0
18106,330,1,430.7,2011-01-14 12:23:00,2011-01-14 12:23:00,United Kingdom,33,430.7,330,0.09090909090909091,469.85,1,2,2,5,At Risk,1
18108,254,1,271.0,2011-03-30 13:56:00,2011-03-30 13:56:00,United Kingdom,17,271.0,254,0.11811023622047244,384.09,1,2,2,5,At Risk,1
18109,2,26,8052.97,2010-12-05 10:58:00,2011-12-08 11:36:00,United Kingdom,119,309.7296153846154,370,2.108108108108108,7835.32,5,5,5,15,Champions,0
18110,20,1,236.3,2011-11-20 12:34:00,2011-11-20 12:34:00,United Kingdom,33,236.3,20,1.0,2835.6,4,2,1,7,Potential Loyalists,0
18112,12,2,352.69,2011-06-26 13:56:00,2011-11-27 14:43:00,United Kingdom,26,176.345,166,0.3614457831325301,764.87,5,3,2,10,Loyal Customers,0
18113,369,1,76.32000000000001,2010-12-06 12:31:00,2010-12-06 12:31:00,United Kingdom,1,76.32000000000001,369,0.08130081300813008,74.46,1,2,1,4,Lost,1
18114,290,1,220.1,2011-02-22 13:20:00,2011-02-22 13:20:00,United Kingdom,28,220.1,290,0.10344827586206898,273.23,1,2,1,4,Lost,1
18116,68,8,1418.03,2010-12-10 12:14:00,2011-10-03 11:00:00,United Kingdom,230,177.25375,365,0.6575342465753425,1398.6,3,5,4,12,Loyal Customers,0
18117,26,1,320.72,2011-11-14 12:47:00,2011-11-14 12:47:00,United Kingdom,68,320.72,26,1.0,3848.64,4,2,2,8,Potential Loyalists,0
18118,11,26,5653.82,2010-12-05 12:13:00,2011-11-29 11:32:00,United Kingdom,424,217.45461538461538,370,2.108108108108108,5501.01,5,5,5,15,Champions,0
18119,368,1,181.12,2010-12-07 11:59:00,2010-12-07 11:59:00,United Kingdom,29,181.12,368,0.08152173913043478,177.18,1,2,1,4,Lost,1
18120,214,1,111.15,2011-05-09 13:45:00,2011-05-09 13:45:00,United Kingdom,17,111.15,214,0.14018691588785046,186.98,1,2,1,4,Lost,1
18121,149,2,673.1,2011-07-08 12:14:00,2011-07-13 12:53:00,United Kingdom,28,336.55,155,0.3870967741935484,1563.33,2,3,3,8,Potential Loyalists,1
18122,8,6,1826.21,2011-07-12 11:37:00,2011-12-01 13:08:00,United Kingdom,239,304.36833333333334,151,1.1920529801324504,4353.88,5,5,4,14,Champions,0
18123,24,2,589.4399999999999,2011-11-08 13:31:00,2011-11-15 14:23:00,United Kingdom,31,294.71999999999997,31,1.9354838709677418,6845.11,4,3,3,10,Loyal Customers,0
18125,30,4,1142.99,2011-01-27 15:02:00,2011-11-10 12:29:00,United Kingdom,164,285.7475,316,0.379746835443038,1302.14,4,4,4,12,Loyal Customers,0
18126,61,1,206.82999999999998,2011-10-10 12:19:00,2011-10-10 12:19:00,United Kingdom,52,206.82999999999998,61,0.49180327868852464,1220.64,3,2,1,6,At Risk,0
18127,19,3,348.73,2011-07-29 10:06:00,2011-11-20 14:05:00,United Kingdom,41,116.24333333333334,134,0.6716417910447761,936.89,4,4,2,10,Loyal Customers,0
18129,243,1,112.55000000000001,2011-04-10 14:16:00,2011-04-10 14:16:00,United Kingdom,13,112.55000000000001,243,0.1234567901234568,166.74,1,2,1,4,Lost,1
18130,15,3,1059.39,2011-10-13 15:58:00,2011-11-24 14:40:00,United Kingdom,58,353.13000000000005,57,1.5789473684210527,6690.88,4,4,4,12,Loyal Customers,0
18133,212,1,931.4999999999999,2011-05-11 14:14:00,2011-05-11 14:14:00,United Kingdom,1,931.4999999999999,212,0.14150943396226415,1581.79,1,2,3,6,At Risk,1
18135,29,5,681.9100000000001,2011-06-02 14:04:00,2011-11-10 19:32:00,United Kingdom,11,136.382,190,0.7894736842105263,1292.04,4,4,3,11,Loyal Customers,0
18136,63,3,784.33,2011-01-24 12:08:00,2011-10-07 15:40:00,United Kingdom,34,261.4433333333333,320,0.28125,882.37,3,4,3,10,Loyal Customers,0
18138,295,1,152.65,2011-02-17 14:51:00,2011-02-17 14:51:00,United Kingdom,8,152.65,295,0.10169491525423728,186.28,1,2,1,4,Lost,1
18139,18,6,8438.34,2011-11-21 14:06:00,2011-11-22 10:44:00,United Kingdom,35,1406.39,18,6.0,101260.08,4,5,5,14,Champions,0
18142,157,2,1019.52,2011-05-08 12:31:00,2011-07-05 13:19:00,United Kingdom,9,509.76,216,0.2777777777777778,1699.2,2,3,4,9,Potential Loyalists,1
18143,117,2,1000.16,2011-07-21 10:44:00,2011-08-15 12:07:00,United Kingdom,59,500.08,142,0.4225352112676056,2535.62,2,3,4,9,Potential Loyalists,1
18144,8,12,2888.75,2010-12-01 13:45:00,2011-12-02 12:46:00,United Kingdom,27,240.72916666666666,373,0.9651474530831099,2788.07,5,5,5,15,Champions,0
18145,13,4,2861.55,2011-01-31 12:10:00,2011-11-27 11:22:00,United Kingdom,174,715.3875,313,0.38338658146964855,3291.24,5,4,5,14,Champions,0
18146,141,2,160.35000000000002,2011-05-03 16:35:00,2011-07-22 12:08:00,United Kingdom,10,80.17500000000001,220,0.27272727272727276,262.39,2,3,1,6,At Risk,1
18147,46,2,179.33999999999997,2011-08-23 12:22:00,2011-10-25 11:46:00,United Kingdom,7,89.66999999999999,109,0.5504587155963303,592.32,3,3,1,7,Potential Loyalists,0
18149,51,3,612.0799999999999,2011-03-11 12:44:00,2011-10-20 12:04:00,United Kingdom,11,204.02666666666664,274,0.3284671532846716,804.19,3,4,3,10,Loyal Customers,0
18150,32,3,566.58,2011-05-22 10:47:00,2011-11-07 16:49:00,United Kingdom,29,188.86,202,0.44554455445544555,1009.75,4,4,3,11,Loyal Customers,0
18151,135,2,653.35,2011-02-23 08:29:00,2011-07-28 11:35:00,United Kingdom,38,326.675,290,0.20689655172413796,811.06,2,3,3,8,Potential Loyalists,1
18154,3,2,399.19,2011-10-27 10:40:00,2011-12-06 16:41:00,United Kingdom,15,199.595,44,1.3636363636363638,3266.1,5,3,2,10,Loyal Customers,0
18155,75,3,371.62,2011-02-21 10:36:00,2011-09-25 13:32:00,United Kingdom,19,123.87333333333333,292,0.3082191780821918,458.16,2,4,2,8,Potential Loyalists,0
18156,13,2,734.94,2010-12-05 12:29:00,2011-11-27 12:24:00,United Kingdom,100,367.47,370,0.16216216216216214,715.08,5,3,3,11,Loyal Customers,0
18158,9,2,453.4,2011-09-12 09:03:00,2011-11-30 16:19:00,United Kingdom,24,226.7,89,0.6741573033707865,1833.98,5,3,2,10,Loyal Customers,0
18159,301,1,530.15,2011-02-11 14:26:00,2011-02-11 14:26:00,United Kingdom,23,530.15,301,0.09966777408637874,634.07,1,2,3,6,At Risk,1
18160,57,2,638.0600000000001,2011-05-23 13:41:00,2011-10-13 15:50:00,United Kingdom,37,319.03000000000003,200,0.3,1148.51,3,3,3,9,Potential Loyalists,0
18161,15,5,1618.69,2011-01-24 11:56:00,2011-11-24 16:40:00,United Kingdom,49,323.738,320,0.46875,1821.03,4,4,4,12,Loyal Customers,0
18164,37,1,399.65000000000003,2011-11-02 12:56:00,2011-11-02 12:56:00,United Kingdom,24,399.65000000000003,37,0.8108108108108107,3888.49,3,2,2,7,Potential Loyalists,0
18165,177,1,302.46000000000004,2011-06-15 13:23:00,2011-06-15 13:23:00,United Kingdom,10,302.46000000000004,177,0.1694915254237288,615.17,2,2,2,6,At Risk,1
18167,23,3,1384.8600000000001,2011-08-26 11:40:00,2011-11-16 15:56:00,United Kingdom,24,461.62000000000006,106,0.8490566037735849,4703.3,4,4,4,12,Loyal Customers,0
18168,176,6,1169.94,2010-12-02 18:08:00,2011-06-16 19:21:00,United Kingdom,97,194.99,372,0.48387096774193544,1132.2,2,5,4,11,Loyal Customers,1
18169,61,1,202.65,2011-10-10 12:18:00,2011-10-10 12:18:00,United Kingdom,9,202.65,61,0.49180327868852464,1195.97,3,2,1,6,At Risk,0
18170,33,3,980.31,2011-05-06 15:13:00,2011-11-06 14:35:00,United Kingdom,29,326.77,217,0.4147465437788018,1626.32,4,4,4,12,Loyal Customers,0
18171,59,5,1231.31,2011-01-10 09:55:00,2011-10-12 09:13:00,United Kingdom,43,246.262,334,0.44910179640718567,1327.16,3,4,4,11,Loyal Customers,0
18172,15,20,7561.68,2011-02-23 10:44:00,2011-11-25 11:12:00,United Kingdom,100,378.084,290,2.0689655172413794,9386.91,4,5,5,14,Champions,0
18173,87,4,2106.84,2011-03-10 11:56:00,2011-09-14 11:26:00,United Kingdom,23,526.71,275,0.4363636363636364,2758.05,2,4,5,11,Loyal Customers,0
18174,7,1,104.0,2011-12-02 16:56:00,2011-12-02 16:56:00,United Kingdom,1,104.0,7,1.0,1248.0,5,2,1,8,Potential Loyalists,0
18176,358,1,476.35,2010-12-16 15:45:00,2010-12-16 15:45:00,United Kingdom,30,476.35,358,0.08379888268156424,479.01,1,2,2,5,At Risk,1
18177,31,6,1341.42,2011-03-29 08:46:00,2011-11-08 14:44:00,United Kingdom,53,223.57000000000002,256,0.703125,1886.37,4,5,4,13,Champions,0
18178,129,4,1590.81,2010-12-10 12:42:00,2011-08-03 09:30:00,United Kingdom,80,397.7025,365,0.32876712328767127,1569.02,2,4,4,10,Loyal Customers,1
18179,9,6,1793.17,2011-01-07 14:22:00,2011-11-30 16:23:00,United Kingdom,86,298.8616666666667,336,0.5357142857142857,1921.25,5,5,4,14,Champions,0
18180,5,6,1843.75,2011-07-20 08:59:00,2011-12-05 08:39:00,United Kingdom,108,307.2916666666667,143,1.2587412587412588,4641.61,5,5,4,14,Champions,0
18181,24,1,382.8,2011-11-15 15:08:00,2011-11-15 15:08:00,United Kingdom,40,382.8,24,1.0,4593.6,4,2,2,8,Potential Loyalists,0
18183,227,2,632.07,2011-03-10 10:08:00,2011-04-26 15:26:00,United Kingdom,36,316.035,275,0.2181818181818182,827.44,1,3,3,7,Potential Loyalists,1
18184,15,1,49.8,2011-11-24 15:28:00,2011-11-24 15:28:00,United Kingdom,1,49.8,15,1.0,597.6,4,2,1,7,Potential Loyalists,0
18185,249,1,304.25,2011-04-04 13:42:00,2011-04-04 13:42:00,United Kingdom,17,304.25,249,0.12048192771084336,439.88,1,2,2,5,At Risk,1
18188,15,3,2001.04,2011-02-22 14:43:00,2011-11-24 16:46:00,United Kingdom,63,667.0133333333333,290,0.3103448275862069,2484.05,4,4,4,12,Loyal Customers,0
18189,78,2,1090.24,2011-03-17 09:49:00,2011-09-23 12:40:00,United Kingdom,65,545.12,268,0.22388059701492538,1464.5,2,3,4,9,Potential Loyalists,0
18190,192,2,284.46000000000004,2011-01-13 10:35:00,2011-05-31 14:48:00,United Kingdom,14,142.23000000000002,331,0.18126888217522658,309.38,1,3,2,6,At Risk,1
18191,262,1,207.79999999999998,2011-03-23 12:08:00,2011-03-23 12:08:00,United Kingdom,7,207.79999999999998,262,0.11450381679389314,285.53,1,2,1,4,Lost,1
18192,72,1,957.97,2011-09-29 09:53:00,2011-09-29 09:53:00,United Kingdom,45,957.97,72,0.4166666666666667,4789.85,3,2,4,9,Potential Loyalists,0
18193,165,1,243.76,2011-06-27 13:58:00,2011-06-27 13:58:00,United Kingdom,16,243.76,165,0.18181818181818182,531.84,2,2,1,5,At Risk,1
18194,82,1,973.8399999999999,2011-09-18 13:29:00,2011-09-18 13:29:00,United Kingdom,7,973.8399999999999,82,0.36585365853658536,4275.4,2,2,4,8,Potential Loyalists,0
18196,95,2,689.13,2011-02-22 16:13:00,2011-09-05 16:22:00,United Kingdom,131,344.565,290,0.20689655172413796,855.47,2,3,3,8,Potential Loyalists,1
18198,4,17,5425.56,2011-01-07 13:39:00,2011-12-05 14:49:00,United Kingdom,81,319.15058823529415,336,1.517857142857143,5813.1,5,5,5,15,Champions,0
18200,106,1,163.8,2011-08-25 18:45:00,2011-08-25 18:45:00,United Kingdom,29,163.8,106,0.2830188679245283,556.3,2,2,1,5,At Risk,1
18202,200,3,1396.99,2011-02-01 13:36:00,2011-05-24 12:12:00,United Kingdom,55,465.66333333333336,311,0.28938906752411575,1617.09,1,4,4,9,Potential Loyalists,1
18203,157,1,160.42000000000002,2011-07-05 13:07:00,2011-07-05 13:07:00,United Kingdom,19,160.42000000000002,157,0.19108280254777069,367.84,2,2,1,5,At Risk,1
18204,71,3,1993.7,2011-05-31 15:26:00,2011-09-29 16:44:00,United Kingdom,159,664.5666666666667,192,0.46875,3738.19,3,4,4,11,Loyal Customers,0
18205,36,2,517.36,2011-09-26 12:02:00,2011-11-03 13:22:00,United Kingdom,30,258.68,75,0.8,2483.33,3,3,3,9,Potential Loyalists,0
18209,29,1,139.10000000000002,2011-11-11 12:07:00,2011-11-11 12:07:00,United Kingdom,8,139.10000000000002,29,1.0,1669.2,4,2,1,7,Potential Loyalists,0
18210,2,6,2621.38,2011-03-17 16:58:00,2011-12-08 11:02:00,United Kingdom,109,436.8966666666667,267,0.6741573033707865,3534.44,5,5,5,15,Champions,0
18211,26,5,600.07,2011-03-06 12:09:00,2011-11-14 08:10:00,United Kingdom,37,120.01400000000001,279,0.5376344086021505,774.28,4,4,3,11,Loyal Customers,0
18212,326,1,248.42,2011-01-17 16:14:00,2011-01-17 16:14:00,United Kingdom,30,248.42,326,0.09202453987730061,274.33,1,2,1,4,Lost,1
18213,237,1,232.48000000000002,2011-04-17 10:21:00,2011-04-17 10:21:00,United Kingdom,15,232.48000000000002,237,0.12658227848101264,353.13,1,2,1,4,Lost,1
18215,89,1,299.34000000000003,2011-09-11 16:05:00,2011-09-11 16:05:00,United Kingdom,13,299.34000000000003,89,0.33707865168539325,1210.81,2,2,2,6,At Risk,0
18216,31,1,481.75,2011-11-08 16:55:00,2011-11-08 16:55:00,United Kingdom,26,481.75,31,0.9677419354838709,5594.52,4,2,2,8,Potential Loyalists,0
18217,29,2,621.75,2011-09-30 10:44:00,2011-11-10 13:18:00,United Kingdom,27,310.875,71,0.8450704225352113,3152.54,4,3,3,10,Loyal Customers,0
18218,211,2,662.08,2011-03-03 12:24:00,2011-05-12 12:53:00,United Kingdom,17,331.04,282,0.2127659574468085,845.21,1,3,3,7,Potential Loyalists,1
18219,3,10,2069.77,2010-12-06 10:05:00,2011-12-07 11:43:00,United Kingdom,58,206.977,369,0.8130081300813008,2019.29,5,5,5,15,Champions,0
18220,227,1,305.28000000000003,2011-04-27 09:03:00,2011-04-27 09:03:00,United Kingdom,2,305.28000000000003,227,0.13215859030837004,484.14,1,2,2,5,At Risk,1
18221,22,5,1041.61,2011-05-12 14:13:00,2011-11-17 14:40:00,United Kingdom,59,208.32199999999997,211,0.7109004739336493,1777.15,4,4,4,12,Loyal Customers,0
18222,93,1,443.0,2011-09-08 10:45:00,2011-09-08 10:45:00,United Kingdom,19,443.0,93,0.3225806451612903,1714.84,2,2,2,6,At Risk,1
18223,5,14,6484.54,2010-12-16 16:42:00,2011-12-05 09:11:00,United Kingdom,116,463.18142857142857,358,1.1731843575418994,6520.77,5,5,5,15,Champions,0
18224,264,1,158.95000000000002,2011-03-21 10:30:00,2011-03-21 10:30:00,United Kingdom,10,158.95000000000002,264,0.11363636363636363,216.75,1,2,1,4,Lost,1
18225,3,12,5509.12,2010-12-09 15:46:00,2011-12-06 13:27:00,United Kingdom,150,459.0933333333333,365,0.9863013698630138,5433.65,5,5,5,15,Champions,0
18226,44,11,5228.05,2011-01-06 09:00:00,2011-10-26 13:36:00,United Kingdom,141,475.27727272727276,338,0.9763313609467454,5568.34,3,5,5,13,Champions,0
18227,218,1,93.75,2011-05-06 12:23:00,2011-05-06 12:23:00,United Kingdom,5,93.75,218,0.13761467889908258,154.82,1,2,1,4,Lost,1
18228,57,2,779.9,2011-09-21 10:48:00,2011-10-14 09:21:00,United Kingdom,23,389.95,80,0.75,3509.55,3,3,3,9,Potential Loyalists,0
18229,12,20,7276.900000000001,2010-12-01 16:25:00,2011-11-28 09:48:00,United Kingdom,66,363.845,373,1.6085790884718498,7023.28,5,5,5,15,Champions,0
18230,9,7,2810.2000000000003,2011-02-10 13:06:00,2011-11-30 13:22:00,United Kingdom,32,401.4571428571429,302,0.695364238410596,3349.91,5,5,5,15,Champions,0
18231,192,5,2083.27,2011-02-24 09:08:00,2011-05-31 14:18:00,United Kingdom,106,416.654,289,0.5190311418685122,2595.08,1,4,5,10,Loyal Customers,1
18232,82,4,592.97,2011-05-26 16:30:00,2011-09-19 11:49:00,United Kingdom,31,148.2425,197,0.6091370558375635,1083.6,2,4,3,9,Potential Loyalists,0
18233,326,1,440.0,2011-01-18 08:44:00,2011-01-18 08:44:00,United Kingdom,1,440.0,326,0.09202453987730061,485.89,1,2,2,5,At Risk,1
18235,72,3,1796.48,2011-05-06 13:35:00,2011-09-29 08:27:00,United Kingdom,100,598.8266666666667,217,0.4147465437788018,2980.34,3,4,4,11,Loyal Customers,0
18236,30,6,882.24,2011-04-13 09:52:00,2011-11-10 08:06:00,United Kingdom,42,147.04,241,0.7468879668049793,1317.87,4,5,3,12,Loyal Customers,0
18237,3,5,987.1,2011-07-28 13:05:00,2011-12-07 12:49:00,United Kingdom,40,197.42000000000002,134,1.1194029850746268,2651.91,5,4,4,13,Champions,0
18239,219,5,1561.6100000000001,2010-12-02 17:48:00,2011-05-05 12:38:00,United Kingdom,80,312.322,372,0.4032258064516129,1511.24,1,4,4,9,Potential Loyalists,1
18240,46,1,422.58,2011-10-24 13:06:00,2011-10-24 13:06:00,United Kingdom,6,422.58,46,0.6521739130434783,3307.15,3,2,2,7,Potential Loyalists,0
18241,10,17,2073.09,2011-05-06 09:22:00,2011-11-30 12:10:00,United Kingdom,60,121.9464705882353,218,2.3394495412844036,3423.45,5,5,5,15,Champions,0
18242,72,4,2232.4900000000002,2011-05-10 11:20:00,2011-09-28 13:43:00,United Kingdom,72,558.1225000000001,214,0.5607476635514018,3755.59,3,4,5,12,Loyal Customers,0
18245,7,7,2567.06,2010-12-19 14:58:00,2011-12-02 14:48:00,United Kingdom,153,366.72285714285715,355,0.5915492957746479,2603.22,5,5,5,15,Champions,0
18246,24,2,596.1,2011-04-20 13:55:00,2011-11-16 11:49:00,United Kingdom,3,298.05,233,0.2575107296137339,921.01,4,3,3,10,Loyal Customers,0
18248,123,2,804.02,2011-06-06 13:18:00,2011-08-09 10:19:00,United Kingdom,39,402.01,186,0.3225806451612903,1556.17,2,3,3,8,Potential Loyalists,1
18249,17,1,95.34,2011-11-22 15:07:00,2011-11-22 15:07:00,United Kingdom,8,95.34,17,1.0,1144.08,4,2,1,7,Potential Loyalists,0
18250,310,1,349.27,2011-02-02 13:16:00,2011-02-02 13:16:00,United Kingdom,21,349.27,310,0.0967741935483871,405.6,1,2,2,5,At Risk,1
18251,87,1,4314.72,2011-09-13 15:03:00,2011-09-13 15:03:00,United Kingdom,16,4314.72,87,0.3448275862068966,17854.01,2,2,5,9,Potential Loyalists,0
18252,51,2,526.67,2011-06-21 11:47:00,2011-10-20 12:43:00,United Kingdom,90,263.335,172,0.3488372093023256,1102.33,3,3,3,9,Potential Loyalists,0
18255,89,1,103.3,2011-09-11 13:16:00,2011-09-11 13:16:00,United Kingdom,6,103.3,89,0.33707865168539325,417.84,2,2,1,5,At Risk,0
18257,39,8,2337.63,2011-02-16 15:13:00,2011-10-31 14:48:00,United Kingdom,97,292.20375,296,0.8108108108108107,2843.06,3,5,5,13,Champions,0
18259,25,3,2338.6000000000004,2010-12-08 13:38:00,2011-11-15 12:34:00,United Kingdom,27,779.5333333333334,366,0.24590163934426232,2300.26,4,4,5,13,Champions,0
18260,173,6,2643.2000000000003,2010-12-16 18:23:00,2011-06-20 12:37:00,United Kingdom,86,440.53333333333336,358,0.5027932960893855,2657.97,2,5,5,12,Loyal Customers,1
18261,43,2,324.24,2011-09-05 09:34:00,2011-10-27 15:36:00,United Kingdom,19,162.12,96,0.625,1215.9,3,3,2,8,Potential Loyalists,0
18262,140,1,149.48,2011-07-22 16:04:00,2011-07-22 16:04:00,United Kingdom,13,149.48,140,0.21428571428571427,384.38,2,2,1,5,At Risk,1
18263,26,3,1213.1599999999999,2011-04-01 11:48:00,2011-11-14 09:00:00,United Kingdom,59,404.3866666666666,253,0.3557312252964427,1726.24,4,4,4,12,Loyal Customers,0
18265,72,2,801.51,2011-07-04 15:26:00,2011-09-28 14:10:00,United Kingdom,44,400.755,158,0.379746835443038,1826.23,3,3,3,9,Potential Loyalists,0
18268,134,1,25.5,2011-07-28 19:13:00,2011-07-28 19:13:00,United Kingdom,1,25.5,134,0.22388059701492538,68.51,2,2,1,5,At Risk,1
18269,366,1,168.6,2010-12-08 13:53:00,2010-12-08 13:53:00,United Kingdom,7,168.6,366,0.0819672131147541,165.84,1,2,1,4,Lost,1
18270,38,2,283.15,2011-03-18 12:41:00,2011-11-01 13:57:00,United Kingdom,11,141.575,267,0.2247191011235955,381.78,3,3,2,8,Potential Loyalists,0
18272,3,6,3078.58,2011-04-07 09:35:00,2011-12-07 12:43:00,United Kingdom,99,513.0966666666667,247,0.7287449392712552,4487.0,5,5,5,15,Champions,0
18273,2,3,204.0,2011-03-27 11:22:00,2011-12-07 13:16:00,United Kingdom,1,68.0,258,0.3488372093023256,284.65,5,4,1,10,Loyal Customers,0
18274,30,1,175.92,2011-11-09 17:03:00,2011-11-09 17:03:00,United Kingdom,11,175.92,30,1.0,2111.04,4,2,1,7,Potential Loyalists,0
18276,44,1,335.86,2011-10-27 10:54:00,2011-10-27 10:54:00,United Kingdom,14,335.86,44,0.6818181818181819,2747.95,3,2,2,7,Potential Loyalists,0
18277,58,1,110.38,2011-10-12 15:22:00,2011-10-12 15:22:00,United Kingdom,8,110.38,58,0.5172413793103449,685.12,3,2,1,6,At Risk,0
18278,74,1,173.9,2011-09-27 11:58:00,2011-09-27 11:58:00,United Kingdom,9,173.9,74,0.4054054054054054,846.0,2,2,1,5,At Risk,0
18280,278,1,180.60000000000002,2011-03-07 09:52:00,2011-03-07 09:52:00,United Kingdom,10,180.60000000000002,278,0.1079136690647482,233.87,1,2,1,4,Lost,1
18281,181,1,80.82,2011-06-12 10:53:00,2011-06-12 10:53:00,United Kingdom,7,80.82,181,0.16574585635359115,160.75,1,2,1,4,Lost,1
18282,8,2,178.05,2011-08-05 13:35:00,2011-12-02 11:43:00,United Kingdom,12,89.025,126,0.47619047619047616,508.71,5,3,1,9,Potential Loyalists,0
18283,4,16,2094.88,2011-01-06 14:14:00,2011-12-06 12:02:00,United Kingdom,263,130.93,337,1.42433234421365,2237.85,5,5,5,15,Champions,0
18287,43,3,1837.28,2011-05-22 10:39:00,2011-10-28 09:29:00,United Kingdom,59,612.4266666666666,202,0.44554455445544555,3274.36,3,4,4,11,Loyal Customers,0
